model_id,scene,corridor,split,trained_on,labelled,window_x,window_y,is_window_top1,score,box_x0,box_y0,box_x1,box_y1,box_w_px,box_h_px,box_area_px,kp_blue_x,kp_blue_y,kp_red_x,kp_red_y,kp_green_x,kp_green_y,kp_score_blue,kp_score_red,kp_score_green,kp_score_mean,streak_len_px,streak_len_m,seg_blue_red_px,seg_red_green_px,spacing_ratio,collinearity_px,bearing_deg,blue_utm_x,blue_utm_y,red_utm_x,red_utm_y,green_utm_x,green_utm_y,dist_to_nearest_label_m,matched_label_idx,matched_bool,kp_err_px
kprcnn-nojitter-v1,Yakima-Toppenish_03_20260614,Yakima (arid),trained,1,1,240,0,1,0.08888,261.5,26.23,275.33,37.54,13.82,11.31,156.41,272.2,35.38,268.25,31.72,264.63,31.72,1.0625,-2.4465,-6.1479,-2.5107,8.409,25.23,5.385,3.621,1.487,1.576,154.2,693936.6,5155969.87,693924.75,5155980.85,693913.89,5155980.85,369.05,,0,
kprcnn-nojitter-v1,Yakima-Toppenish_03_20260614,Yakima (arid),trained,1,1,240,0,0,0.05566,266.21,23.19,274.63,39.35,8.42,16.16,136.07,272.2,36.55,271.55,30.94,269.93,23.36,2.6249,-2.284,-2.1525,-0.6039,13.388,40.16,5.645,7.758,0.728,0.311,99.7,693936.59,5155966.35,693934.65,5155983.17,693929.79,5156005.93,369.89,,0,
kprcnn-nojitter-v1,Yakima-Toppenish_03_20260614,Yakima (arid),trained,1,1,270,0,1,0.18129,270.0,22.84,272.41,35.5,2.41,12.66,30.49,271.66,35.0,270.76,31.0,270.45,23.34,-0.7277,-0.1939,-3.876,-1.5992,11.722,35.17,4.099,7.669,0.534,0.488,95.9,693934.98,5155971.01,693932.27,5155983.01,693931.36,5156005.99,370.05,,0,
kprcnn-nojitter-v1,Yakima-Toppenish_03_20260614,Yakima (arid),trained,1,1,270,0,0,0.16949,270.0,23.92,274.85,40.46,4.85,16.54,80.25,271.78,36.32,271.13,31.03,270.81,24.08,2.3762,-0.2504,-6.1733,-1.3492,12.278,36.83,5.332,6.954,0.767,0.227,94.5,693935.34,5155967.03,693933.4,5155982.91,693932.43,5156003.75,369.8,,0,
kprcnn-nojitter-v1,Yakima-Toppenish_03_20260614,Yakima (arid),trained,1,1,270,0,0,0.06165,270.34,25.07,273.61,35.86,3.26,10.79,35.23,271.81,35.37,270.83,30.79,271.49,27.52,0.6201,-1.8026,-5.8151,-2.3326,7.857,23.57,4.683,3.335,1.404,0.788,92.4,693935.44,5155969.88,693932.5,5155983.62,693934.46,5155993.43,370.63,,0,
kprcnn-nojitter-v1,Yakima-Toppenish_03_20260614,Yakima (arid),trained,1,1,240,30,1,0.06588,265.29,30.0,275.45,36.84,10.17,6.84,69.54,272.01,35.7,268.08,31.47,271.68,36.68,0.9435,-2.455,-8.6402,-3.3839,1.031,3.09,5.781,6.339,0.912,5.078,251.5,693936.03,5155968.9,693924.23,5155981.6,693935.05,5155965.96,369.87,,0,
kprcnn-nojitter-v1,Yakima-Toppenish_03_20260614,Yakima (arid),trained,1,1,270,30,1,0.14298,270.0,30.53,276.08,39.75,6.08,9.22,56.08,272.08,35.96,270.8,31.35,272.72,37.94,1.9472,-4.4042,-7.6337,-3.3636,2.078,6.23,4.787,6.863,0.697,0.203,287.9,693936.24,5155968.11,693932.4,5155981.95,693938.16,5155962.18,368.99,,0,
kprcnn-nojitter-v1,Yakima-Toppenish_03_20260614,Yakima (arid),trained,1,1,270,30,0,0.06824,270.1,33.05,274.61,38.23,4.51,5.18,23.37,270.91,36.13,272.52,34.83,271.55,37.42,0.6295,-6.6804,-6.5182,-4.1897,1.446,4.34,2.067,2.763,0.748,2.02,296.5,693932.72,5155967.62,693937.55,5155971.51,693934.65,5155963.74,357.95,,0,
kprcnn-nojitter-v1,Yakima-Toppenish_03_20260614,Yakima (arid),trained,1,1,240,60,1,0.07619,259.05,60.28,269.56,72.07,10.51,11.79,123.89,267.76,61.1,264.47,65.36,269.4,68.96,-2.8938,-1.7986,-6.2411,-3.6445,8.028,24.08,5.376,6.103,0.881,4.086,281.8,693923.27,5155892.69,693913.42,5155879.92,693928.2,5155869.12,272.62,,0,
kprcnn-nojitter-v1,Yakima-Toppenish_03_20260614,Yakima (arid),trained,1,1,240,90,1,0.12002,261.49,101.57,275.73,116.89,14.24,15.32,218.14,273.24,110.73,268.94,109.39,263.97,108.4,-8.1632,0.9823,-1.1782,-2.7864,9.561,28.68,4.506,5.067,0.889,0.242,165.9,693939.73,5155743.82,693926.82,5155747.82,693911.91,5155750.81,143.12,,0,
kprcnn-nojitter-v1,Yakima-Toppenish_03_20260614,Yakima (arid),trained,1,1,240,90,0,0.0675,262.69,114.57,277.92,129.81,15.24,15.24,232.23,274.78,120.37,270.14,119.7,267.16,125.33,-7.2625,-2.9063,-3.373,-4.5139,9.097,27.29,4.685,6.372,0.735,3.089,213.1,693944.33,5155714.9,693930.42,5155716.89,693921.47,5155700.0,113.68,,0,
kprcnn-nojitter-v1,Yakima-Toppenish_03_20260614,Yakima (arid),trained,1,1,240,120,1,0.1325,275.24,156.11,283.83,168.0,8.6,11.89,102.27,279.7,159.9,280.36,163.54,280.36,166.18,1.6696,0.9948,-9.1315,-2.1557,6.313,18.94,3.694,2.643,1.398,0.277,276.0,693959.1,5155596.29,693961.09,5155585.38,693961.09,5155577.45,38.63,,0,
kprcnn-nojitter-v1,Yakima-Toppenish_03_20260614,Yakima (arid),trained,1,1,240,120,0,0.1112,280.0,164.27,285.97,168.0,5.97,3.73,22.25,281.16,166.29,280.83,164.74,281.16,167.22,0.5545,-5.4734,-7.753,-4.224,0.932,2.8,1.588,2.507,0.633,0.332,270.0,693963.49,5155577.13,693962.49,5155581.79,693963.49,5155574.33,40.84,,0,
kprcnn-nojitter-v1,Yakima-Toppenish_03_20260614,Yakima (arid),trained,1,1,270,120,1,0.87253,284.35,142.38,289.71,161.2,5.36,18.81,100.91,287.66,158.06,287.03,152.78,286.4,145.85,2.9758,3.6806,2.1741,2.9435,12.277,36.83,5.319,6.96,0.764,0.085,95.9,693982.99,5155601.82,693981.09,5155617.66,693979.2,5155638.45,3.0,26,1,0.696
kprcnn-nojitter-v1,Yakima-Toppenish_03_20260614,Yakima (arid),trained,1,1,270,120,0,0.08961,278.35,164.25,284.68,168.0,6.33,3.75,23.71,281.18,166.28,280.85,164.72,280.52,167.22,0.1571,-4.6477,-7.7233,-4.0713,1.149,3.45,1.597,2.521,0.633,1.176,234.6,693963.55,5155577.15,693962.55,5155581.84,693961.55,5155574.34,40.76,,0,
kprcnn-nojitter-v1,Yakima-Toppenish_03_20260614,Yakima (arid),trained,1,1,270,120,0,0.0728,275.09,160.39,283.5,168.0,8.4,7.61,63.95,279.78,160.89,280.1,163.53,280.1,166.18,0.6179,-1.1206,-7.7087,-2.7371,5.303,15.91,2.666,2.647,1.007,0.161,273.5,693959.34,5155593.34,693960.31,5155585.4,693960.31,5155577.46,39.08,,0,
kprcnn-nojitter-v1,Yakima-Toppenish_03_20260614,Yakima (arid),trained,1,1,270,120,0,0.05679,276.19,155.31,284.98,168.0,8.79,12.69,111.52,279.94,160.03,280.59,163.61,280.26,165.89,1.9034,0.9328,-9.0924,-2.0854,5.865,17.59,3.637,2.3,1.581,0.451,273.2,693959.81,5155595.91,693961.76,5155585.18,693960.79,5155578.34,38.41,,0,
kprcnn-nojitter-v1,Yakima-Toppenish_03_20260614,Yakima (arid),trained,1,1,90,150,1,0.21469,125.47,180.45,136.38,188.12,10.91,7.67,83.66,134.57,183.49,130.93,184.13,127.29,183.49,-7.6688,-3.7901,0.6158,-3.6144,7.274,21.82,3.693,3.693,1.0,0.639,180.0,693523.7,5155525.54,693512.78,5155523.62,693501.87,5155525.54,480.18,,0,
kprcnn-nojitter-v1,Yakima-Toppenish_03_20260614,Yakima (arid),trained,1,1,240,150,1,0.77992,276.87,157.67,284.58,169.21,7.71,11.54,88.96,279.6,159.82,280.57,163.77,280.24,167.07,2.2708,2.1618,-8.5103,-1.3592,7.28,21.84,4.071,3.312,1.229,0.611,275.1,693958.81,5155596.55,693961.7,5155584.68,693960.73,5155574.8,38.85,,0,
kprcnn-nojitter-v1,Yakima-Toppenish_03_20260614,Yakima (arid),trained,1,1,240,150,0,0.07818,281.75,150.0,288.0,159.14,6.25,9.14,57.09,286.52,157.34,286.19,153.1,286.52,158.97,0.0769,0.8498,-8.4532,-2.5088,1.631,4.89,4.254,5.882,0.723,0.329,270.0,693979.56,5155603.98,693978.57,5155616.7,693979.56,5155599.08,5.31,26,1,5.723
kprcnn-nojitter-v1,Yakima-Toppenish_03_20260614,Yakima (arid),trained,1,1,270,150,1,0.30416,304.52,179.16,309.73,196.47,5.21,17.3,90.13,306.31,181.99,307.29,187.32,307.29,193.31,1.3608,1.6678,-2.7714,0.0857,11.357,34.07,5.413,5.99,0.904,0.515,274.9,694038.93,5155530.02,694041.86,5155514.05,694041.86,5155496.08,117.78,,0,
kprcnn-nojitter-v1,Yakima-Toppenish_03_20260614,Yakima (arid),trained,1,1,270,150,0,0.23955,279.56,172.92,291.14,181.5,11.59,8.58,99.46,288.99,176.72,286.68,177.05,283.36,177.71,-2.4657,-3.3392,0.301,-1.8346,5.715,17.15,2.341,3.376,0.693,0.076,190.0,693986.98,5155545.85,693980.03,5155544.86,693970.09,5155542.88,71.82,,0,
kprcnn-nojitter-v1,Yakima-Toppenish_03_20260614,Yakima (arid),trained,1,1,270,150,0,0.20754,282.76,150.0,290.81,161.87,8.05,11.87,95.54,287.75,157.75,286.78,153.13,286.46,150.16,2.4744,1.7134,-9.4416,-1.7513,7.695,23.09,4.718,2.986,1.58,0.179,99.6,693983.24,5155602.75,693980.35,5155616.6,693979.38,5155625.51,3.54,26,1,2.159
kprcnn-nojitter-v1,Yakima-Toppenish_03_20260614,Yakima (arid),trained,1,1,270,150,0,0.20073,277.7,156.79,283.54,168.82,5.84,12.03,70.26,279.81,160.2,280.78,163.78,280.13,166.71,1.4788,1.0854,-7.7096,-1.7151,6.509,19.53,3.706,2.997,1.237,0.794,272.9,693959.42,5155595.39,693962.34,5155584.66,693960.39,5155575.88,38.5,,0,
kprcnn-nojitter-v1,Yakima-Toppenish_03_20260614,Yakima (arid),trained,1,1,270,150,0,0.06446,275.86,150.03,292.78,154.98,16.92,4.95,83.79,287.64,154.82,286.64,153.17,286.64,154.49,-2.225,0.265,-9.4685,-3.8095,1.049,3.15,1.928,1.321,1.46,1.253,161.6,693982.92,5155611.55,693979.93,5155616.5,693979.93,5155612.54,3.95,26,1,4.466
kprcnn-nojitter-v1,Yakima-Toppenish_03_20260614,Yakima (arid),trained,1,1,300,150,1,0.11478,303.39,178.75,311.77,195.61,8.37,16.86,141.16,306.13,181.56,307.74,187.51,307.74,192.8,2.4922,2.0373,-4.3682,0.0538,11.352,34.06,6.163,5.288,1.165,0.75,278.2,694038.39,5155531.31,694043.22,5155513.46,694043.22,5155497.6,118.96,,0,
kprcnn-nojitter-v1,Yakima-Toppenish_03_20260614,Yakima (arid),trained,1,1,60,180,1,0.77528,77.73,209.73,86.62,218.74,8.9,9.0,80.12,84.15,212.47,82.5,214.07,79.87,218.58,-1.0825,-0.4281,-8.3191,-3.2766,7.462,22.39,2.302,5.217,0.441,0.426,235.0,693372.46,5155438.6,693367.51,5155433.78,693359.6,5155420.27,501.52,,0,
kprcnn-nojitter-v1,Yakima-Toppenish_03_20260614,Yakima (arid),trained,1,1,90,180,1,0.12621,125.55,180.68,134.65,184.89,9.1,4.21,38.27,127.66,184.4,130.91,183.11,127.01,183.76,-9.1192,-4.0995,-0.4508,-4.5565,0.917,2.75,3.498,3.952,0.885,3.21,135.1,693502.98,5155522.79,693512.73,5155526.67,693501.03,5155524.73,479.65,,0,
kprcnn-nojitter-v1,Yakima-Toppenish_03_20260614,Yakima (arid),trained,1,1,90,180,0,0.09199,125.66,180.04,134.24,188.8,8.59,8.76,75.19,134.08,183.77,130.77,183.44,127.14,183.77,-8.928,-4.2402,0.1722,-4.332,6.935,20.81,3.318,3.647,0.91,0.324,180.0,693522.23,5155524.7,693512.32,5155525.67,693501.43,5155524.7,480.24,,0,
kprcnn-nojitter-v1,Yakima-Toppenish_03_20260614,Yakima (arid),trained,1,1,120,180,1,0.16656,126.02,180.82,136.5,185.77,10.48,4.95,51.88,135.68,184.61,131.1,183.29,127.82,183.29,-6.3241,-6.7712,-0.4492,-4.5148,7.968,23.9,4.77,3.274,1.457,0.543,170.5,693527.04,5155522.16,693513.29,5155526.12,693503.47,5155526.12,479.2,,0,
kprcnn-nojitter-v1,Yakima-Toppenish_03_20260614,Yakima (arid),trained,1,1,120,180,0,0.06151,126.0,180.0,138.25,189.84,12.25,9.84,120.46,136.1,185.08,132.46,184.75,128.15,183.44,-1.9791,-7.8912,-0.4997,-3.4567,8.111,24.33,3.655,4.498,0.813,0.415,168.3,693528.29,5155520.75,693517.37,5155521.74,693504.46,5155525.67,476.05,,0,
kprcnn-nojitter-v1,Yakima-Toppenish_03_20260614,Yakima (arid),trained,1,1,270,180,1,0.60048,303.01,180.0,311.89,196.75,8.88,16.75,148.69,308.11,193.63,307.45,187.39,307.45,193.63,-1.0681,2.4084,-4.8805,-1.1801,0.658,1.97,6.274,6.24,1.006,6.24,180.0,694044.33,5155495.11,694042.35,5155513.83,694042.35,5155495.11,118.21,,0,
kprcnn-nojitter-v1,Yakima-Toppenish_03_20260614,Yakima (arid),trained,1,1,270,180,0,0.3261,288.03,221.83,299.93,228.0,11.9,6.17,73.35,298.77,225.89,293.48,225.57,290.18,225.89,-0.5405,-2.5774,-3.658,-2.2586,8.593,25.78,5.298,3.321,1.595,0.325,180.0,694016.32,5155398.33,694000.45,5155399.3,693990.54,5155398.33,217.9,,0,
kprcnn-nojitter-v1,Yakima-Toppenish_03_20260614,Yakima (arid),trained,1,1,270,180,0,0.12915,281.14,180.0,293.78,181.08,12.64,1.08,13.67,290.29,180.68,286.63,180.41,283.3,180.41,-1.2703,-4.206,-1.6655,-2.3806,6.992,20.98,3.67,3.327,1.103,0.129,177.8,693990.86,5155533.96,693979.88,5155534.77,693969.9,5155534.77,81.9,,0,
kprcnn-nojitter-v1,Yakima-Toppenish_03_20260614,Yakima (arid),trained,1,1,300,180,1,0.16708,305.73,214.39,313.67,228.0,7.94,13.61,108.16,309.86,217.54,309.53,223.19,308.87,217.87,-5.9201,-1.3407,-1.6033,-2.9547,1.047,3.14,5.654,5.354,1.056,5.248,198.5,694049.59,5155423.38,694048.6,5155406.44,694046.61,5155422.38,219.87,,0,
kprcnn-nojitter-v1,Yakima-Toppenish_03_20260614,Yakima (arid),trained,1,1,300,180,0,0.12278,302.64,180.0,310.39,194.95,7.75,14.95,115.91,306.68,181.49,307.32,187.81,307.65,192.46,-3.051,0.232,-3.0127,-1.9439,11.005,33.01,6.345,4.662,1.361,0.088,275.1,694040.03,5155531.52,694041.97,5155512.58,694042.94,5155498.63,119.11,,0,
kprcnn-nojitter-v1,Yakima-Toppenish_03_20260614,Yakima (arid),trained,1,1,30,210,1,0.0802,58.56,246.38,68.29,257.12,9.73,10.74,104.57,64.56,249.79,63.26,251.75,60.67,255.33,-1.2825,-0.3776,-5.0697,-2.2432,6.766,20.3,2.345,4.423,0.53,0.062,234.9,693313.69,5155326.62,693309.79,5155320.76,693302.01,5155310.01,377.57,,0,
kprcnn-nojitter-v1,Yakima-Toppenish_03_20260614,Yakima (arid),trained,1,1,60,210,1,0.2011,76.38,210.0,85.96,216.7,9.58,6.7,64.12,84.14,212.39,82.16,213.67,84.47,212.07,-0.2568,-0.7309,-8.0194,-3.0024,0.459,1.38,2.356,2.808,0.839,0.459,44.0,693372.43,5155438.83,693366.49,5155435.0,693373.42,5155439.78,502.41,,0,
kprcnn-nojitter-v1,Yakima-Toppenish_03_20260614,Yakima (arid),trained,1,1,60,210,0,0.16389,60.14,246.17,67.37,255.42,7.24,9.25,66.99,64.58,250.3,63.26,251.29,64.58,247.99,-2.5385,-0.2836,-5.6252,-2.8158,2.313,6.94,1.648,3.557,0.463,1.316,90.0,693313.73,5155325.1,693309.78,5155322.12,693313.73,5155332.04,378.9,,0,
kprcnn-nojitter-v1,Yakima-Toppenish_03_20260614,Yakima (arid),trained,1,1,60,210,0,0.14397,77.52,210.0,86.92,221.22,9.39,11.22,105.39,84.16,212.48,82.22,214.13,79.95,219.41,-0.7742,-0.9594,-1.4565,-1.0634,8.109,24.33,2.549,5.747,0.444,0.804,238.7,693372.49,5155438.57,693366.66,5155433.62,693359.86,5155417.78,501.13,,0,
kprcnn-nojitter-v1,Yakima-Toppenish_03_20260614,Yakima (arid),trained,1,1,60,210,0,0.13909,90.49,225.1,104.56,237.29,14.07,12.2,171.57,92.95,233.17,97.53,230.86,92.95,233.17,-4.2424,-0.2118,-3.5672,-2.6738,0.0,0.0,5.128,5.128,1.0,0.0,0.0,693398.84,5155376.49,693412.58,5155383.41,693398.84,5155376.49,469.36,,0,
kprcnn-nojitter-v1,Yakima-Toppenish_03_20260614,Yakima (arid),trained,1,1,60,210,0,0.12412,60.39,247.75,65.32,257.41,4.93,9.66,47.67,62.2,255.58,63.18,251.58,64.5,249.25,-2.2106,-0.4333,-5.8302,-2.8247,6.736,20.21,4.118,2.678,1.538,0.439,70.0,693306.59,5155309.26,693309.55,5155321.25,693313.49,5155328.25,378.0,,0,
kprcnn-nojitter-v1,Yakima-Toppenish_03_20260614,Yakima (arid),trained,1,1,60,210,0,0.09946,77.87,210.1,87.74,214.26,9.87,4.15,41.01,84.29,212.18,82.31,213.14,87.58,214.1,-0.4455,-1.5845,-7.8591,-3.2964,3.808,11.43,2.195,5.351,0.41,1.822,329.8,693372.86,5155439.46,693366.94,5155436.59,693382.73,5155433.71,504.06,,0,
kprcnn-nojitter-v1,Yakima-Toppenish_03_20260614,Yakima (arid),trained,1,1,90,210,1,0.06971,91.11,227.41,101.73,236.07,10.62,8.66,91.95,101.56,230.57,97.58,230.91,93.6,230.91,-7.8637,-1.9914,-3.7629,-4.5394,7.971,23.91,3.996,3.982,1.003,0.166,182.4,693424.69,5155384.28,693412.74,5155383.28,693400.8,5155383.28,469.32,,0,
kprcnn-nojitter-v1,Yakima-Toppenish_03_20260614,Yakima (arid),trained,1,1,270,210,1,0.1027,310.27,235.54,315.91,249.02,5.64,13.48,75.97,312.09,238.0,312.76,240.63,313.09,246.55,0.2337,1.4412,0.0246,0.5665,8.605,25.82,2.712,5.927,0.458,0.355,276.6,694056.28,5155361.99,694058.27,5155354.1,694059.27,5155336.35,272.81,,0,
kprcnn-nojitter-v1,Yakima-Toppenish_03_20260614,Yakima (arid),trained,1,1,300,210,1,0.11355,309.48,235.4,316.22,248.32,6.74,12.91,86.99,312.21,237.56,312.53,240.54,313.17,246.16,0.3319,1.6356,0.0446,0.6707,8.662,25.98,2.997,5.665,0.529,0.012,276.4,694056.62,5155363.33,694057.58,5155354.39,694059.51,5155337.51,272.34,,0,
kprcnn-nojitter-v1,Yakima-Toppenish_03_20260614,Yakima (arid),trained,1,1,300,210,0,0.05779,308.31,226.87,314.43,241.83,6.13,14.96,91.67,311.05,229.69,311.37,234.02,312.02,241.66,1.4433,1.3109,-7.2306,-1.4922,12.009,36.03,4.335,7.675,0.565,0.027,274.6,694053.14,5155386.92,694054.11,5155373.95,694056.05,5155351.01,252.58,,0,
kprcnn-nojitter-v1,Yakima-Toppenish_03_20260614,Yakima (arid),trained,1,1,300,210,0,0.05615,300.08,212.47,302.66,217.02,2.59,4.55,11.77,301.21,215.56,300.88,215.56,300.88,213.29,-0.4869,-7.2275,-2.358,-3.3574,2.296,6.89,0.324,2.273,0.142,0.32,98.1,694023.62,5155429.32,694022.65,5155429.32,694022.65,5155436.14,191.22,,0,
kprcnn-nojitter-v1,Yakima-Toppenish_03_20260614,Yakima (arid),trained,1,1,60,240,1,0.11822,60.0,245.13,65.74,254.77,5.74,9.63,55.26,64.62,250.28,63.35,251.28,64.62,246.96,-1.8513,-1.0818,-5.1513,-2.6948,3.322,9.97,1.618,4.503,0.359,1.275,90.0,693313.87,5155325.16,693310.04,5155322.17,693313.87,5155335.12,379.0,,0,
kprcnn-nojitter-v1,Yakima-Toppenish_03_20260614,Yakima (arid),trained,1,1,60,240,0,0.06423,84.12,243.7,96.9,255.37,12.78,11.68,149.24,94.44,251.32,91.17,248.4,94.44,251.64,-3.4426,-2.5168,-6.8774,-4.2789,0.324,0.97,4.389,4.611,0.952,3.277,270.0,693403.33,5155322.04,693393.5,5155330.8,693403.33,5155321.07,413.52,,0,
kprcnn-nojitter-v1,Yakima-Toppenish_03_20260614,Yakima (arid),trained,1,1,60,240,0,0.06392,77.02,257.17,87.03,268.42,10.0,11.25,112.56,85.9,264.62,81.7,262.63,85.25,264.95,-8.9368,0.6815,-4.4266,-4.2273,0.725,2.18,4.641,4.239,1.095,3.681,207.2,693377.69,5155282.15,693365.1,5155288.11,693375.75,5155281.16,363.1,,0,
kprcnn-nojitter-v1,Yakima-Toppenish_03_20260614,Yakima (arid),trained,1,1,90,240,1,0.08327,90.0,240.0,100.87,248.06,10.87,8.06,87.65,97.74,244.35,94.12,242.1,97.74,244.35,-4.4475,-5.1796,-5.6159,-5.081,0.0,0.0,4.27,4.27,1.0,0.0,0.0,693413.23,5155342.94,693402.36,5155349.71,693413.23,5155342.94,434.39,,0,
kprcnn-nojitter-v1,Yakima-Toppenish_03_20260614,Yakima (arid),trained,1,1,270,240,1,0.0715,311.09,251.89,318.0,265.71,6.91,13.82,95.47,315.53,252.05,315.86,257.65,312.57,263.24,-3.4996,1.4135,-1.8464,-1.3108,11.572,34.72,5.603,6.489,0.863,1.749,255.2,694066.6,5155319.84,694067.58,5155303.06,694057.71,5155286.28,324.49,,0,
kprcnn-nojitter-v1,Yakima-Toppenish_03_20260614,Yakima (arid),trained,1,1,300,270,1,0.15993,328.86,306.66,339.4,317.01,10.54,10.34,109.08,332.32,309.09,334.62,311.67,337.26,315.23,0.8175,0.0082,-7.963,-2.3791,7.884,23.65,3.465,4.426,0.783,0.176,308.8,694116.95,5155148.74,694123.87,5155140.98,694131.78,5155130.31,495.76,,0,
kprcnn-nojitter-v1,Yakima-Toppenish_03_20260614,Yakima (arid),trained,1,1,330,270,1,0.43772,330.29,306.96,339.83,318.0,9.53,11.04,105.27,332.43,309.07,334.73,311.67,337.36,315.24,0.9971,-1.1242,-8.5747,-2.9006,7.899,23.7,3.471,4.436,0.782,0.176,308.6,694117.29,5155148.79,694124.2,5155141.0,694132.08,5155130.28,495.84,,0,
kprcnn-nojitter-v1,Yakima-Toppenish_03_20260614,Yakima (arid),trained,1,1,330,270,0,0.15207,330.23,306.2,336.25,316.15,6.02,9.96,59.98,332.29,309.35,334.19,311.34,336.09,314.33,1.5583,-3.3578,-7.8881,-3.2292,6.265,18.8,2.754,3.541,0.778,0.302,307.4,694116.87,5155147.95,694122.57,5155141.98,694128.28,5155133.02,494.44,,0,
kprcnn-nojitter-v1,Yakima-Toppenish_03_20260614,Yakima (arid),trained,1,1,0,300,1,0.05454,28.67,341.58,39.48,348.0,10.81,6.42,69.43,38.33,345.27,33.09,346.23,38.01,345.59,-2.2931,0.2261,-5.8606,-2.6425,0.459,1.38,5.328,4.954,1.075,2.981,224.4,693235.0,5155040.19,693219.28,5155037.3,693234.02,5155039.23,85.15,,0,
kprcnn-nojitter-v1,Yakima-Toppenish_03_20260614,Yakima (arid),trained,1,1,330,300,1,0.62515,365.55,315.99,378.0,327.45,12.45,11.46,142.68,366.7,324.99,372.27,322.37,374.89,319.1,-1.9311,-2.623,-2.4002,-2.3181,10.091,30.27,6.155,4.194,1.467,1.127,35.7,694220.09,5155101.03,694236.8,5155108.88,694244.66,5155118.71,567.2,,0,
kprcnn-nojitter-v1,Yakima-Toppenish_03_20260614,Yakima (arid),trained,1,1,330,300,0,0.08233,330.38,306.35,337.92,316.66,7.54,10.3,77.73,332.18,309.51,334.48,311.51,336.77,314.5,0.9932,-0.9118,-7.6292,-2.5159,6.778,20.33,3.041,3.771,0.806,0.338,312.6,694116.54,5155147.47,694123.43,5155141.48,694130.32,5155132.51,495.16,,0,
kprcnn-nojitter-v1,Yakima-Toppenish_03_20260614,Yakima (arid),trained,1,1,330,300,0,0.07066,330.13,305.49,334.72,314.86,4.59,9.37,43.04,331.93,309.2,333.9,311.46,330.95,308.23,1.236,-4.3338,-8.3062,-3.8013,1.381,4.14,2.998,4.377,0.685,0.23,135.4,694115.8,5155148.39,694121.71,5155141.61,694112.85,5155151.3,494.56,,0,
kprcnn-nojitter-v1,Yakima-Toppenish_03_20260614,Yakima (arid),trained,1,1,360,300,1,0.08198,367.09,316.43,377.22,327.39,10.14,10.96,111.13,368.23,325.9,372.48,322.58,374.44,319.25,-4.5793,-2.1906,-1.7117,-2.8272,9.096,27.29,5.395,3.858,1.398,0.836,46.9,694224.69,5155098.3,694237.45,5155108.27,694243.33,5155118.24,568.03,,0,
kprcnn-nojitter-v1,Yakima-Toppenish_03_20260614,Yakima (arid),trained,1,1,360,300,0,0.05564,376.8,344.36,386.89,348.0,10.08,3.64,36.69,378.59,346.18,381.84,346.51,379.24,347.17,1.1028,-2.8215,-7.7466,-3.1551,1.187,3.56,3.27,2.685,1.218,2.539,303.2,694255.77,5155037.46,694265.53,5155036.47,694257.73,5155034.48,644.86,,0,
kprcnn-nojitter-v1,Yakima-Toppenish_03_20260614,Yakima (arid),trained,1,1,390,300,1,0.18233,423.58,338.32,438.0,347.34,14.42,9.01,129.98,426.36,341.06,435.87,343.31,426.03,341.38,1.4497,-2.3625,-7.9825,-2.9651,0.459,1.38,9.77,10.023,0.975,8.268,224.5,694399.09,5155052.82,694427.61,5155046.06,694398.1,5155051.85,722.75,,0,
kprcnn-nojitter-v1,Yakima-Toppenish_03_20260614,Yakima (arid),trained,1,1,390,300,0,0.13973,416.58,328.89,430.66,343.26,14.08,14.37,202.37,426.56,340.81,424.27,335.59,417.39,336.89,1.7729,1.5462,-2.2231,0.3654,9.972,29.92,5.707,7.0,0.815,3.904,156.9,694399.69,5155053.56,694392.82,5155069.24,694372.18,5155065.32,683.23,,0,
kprcnn-nojitter-v1,Yakima-Toppenish_03_20260614,Yakima (arid),trained,1,1,420,300,1,0.51243,420.0,328.11,429.12,342.57,9.12,14.45,131.89,426.35,340.1,424.4,335.83,421.47,330.58,2.2458,2.6134,-1.5518,1.1025,10.708,32.12,4.697,6.019,0.78,0.21,117.2,694399.06,5155055.69,694393.2,5155068.5,694384.4,5155084.27,684.04,,0,
kprcnn-nojitter-v1,Yakima-Toppenish_03_20260614,Yakima (arid),trained,1,1,420,300,0,0.05624,444.56,337.35,449.82,348.0,5.26,10.65,55.99,447.68,339.18,446.37,345.17,446.7,339.18,-3.2672,-7.1917,-3.1346,-4.5312,0.986,2.96,6.135,6.001,1.022,5.992,180.0,694463.05,5155058.47,694459.11,5155040.49,694460.09,5155058.47,746.8,,0,
kprcnn-nojitter-v1,Yakima-Toppenish_03_20260614,Yakima (arid),trained,1,1,420,300,0,0.05269,420.48,334.77,429.0,343.47,8.53,8.7,74.16,426.54,340.41,424.58,335.9,425.23,341.37,0.6993,-0.3809,-5.2459,-1.6425,1.629,4.89,4.92,5.515,0.892,4.798,216.4,694399.63,5155054.78,694393.73,5155068.31,694395.69,5155051.88,684.52,,0,
kprcnn-nojitter-v1,Yakima-Toppenish_03_20260614,Yakima (arid),trained,1,1,0,330,1,0.82942,29.48,368.59,39.06,378.0,9.58,9.41,90.1,35.26,370.7,34.6,373.95,38.9,375.57,2.0638,3.5511,-5.6411,-0.0087,6.072,18.22,3.31,4.59,0.721,2.47,306.8,693225.79,5154963.89,693223.81,5154954.16,693236.69,5154949.3,3.26,0,1,2.446
kprcnn-nojitter-v1,Yakima-Toppenish_03_20260614,Yakima (arid),trained,1,1,0,330,0,0.12276,26.15,341.15,40.29,353.46,14.14,12.31,174.05,40.12,351.3,32.89,346.97,40.12,341.31,-5.6098,1.2377,-6.9241,-3.7654,9.982,29.94,8.428,9.182,0.918,7.233,90.0,693240.36,5155022.11,693218.66,5155035.09,693240.36,5155052.06,83.0,,0,
kprcnn-nojitter-v1,Yakima-Toppenish_03_20260614,Yakima (arid),trained,1,1,0,330,0,0.11712,30.68,373.6,41.03,378.0,10.34,4.4,45.55,39.25,375.64,35.05,374.7,39.25,375.64,-4.9961,2.1614,-4.8519,-2.5622,0.0,0.0,4.307,4.307,1.0,0.0,0.0,693237.75,5154949.08,693225.14,5154951.91,693237.75,5154949.08,1.55,0,1,3.994
kprcnn-nojitter-v1,Yakima-Toppenish_03_20260614,Yakima (arid),trained,1,1,0,330,0,0.07464,22.53,366.87,41.63,378.0,19.1,11.13,212.59,35.21,370.63,34.55,373.91,38.5,375.54,0.978,1.1335,-9.5008,-2.4631,5.912,17.74,3.339,4.278,0.781,2.37,303.9,693225.63,5154964.1,693223.66,5154954.28,693235.51,5154949.37,3.45,0,1,2.413
kprcnn-nojitter-v1,Yakima-Toppenish_03_20260614,Yakima (arid),trained,1,1,30,330,1,0.74239,30.0,368.32,39.7,378.0,9.7,9.68,93.88,35.34,370.42,34.69,374.29,38.89,373.65,1.4579,3.2386,-5.4206,-0.2414,4.802,14.41,3.924,4.254,0.922,3.302,317.8,693226.01,5154964.74,693224.07,5154953.13,693236.68,5154955.06,2.61,0,1,2.918
kprcnn-nojitter-v1,Yakima-Toppenish_03_20260614,Yakima (arid),trained,1,1,30,330,0,0.11006,53.23,370.31,66.38,378.0,13.15,7.69,101.18,62.6,373.67,59.31,374.95,62.93,373.35,-8.455,-0.004,-8.31,-5.5897,0.459,1.38,3.529,3.956,0.892,1.377,44.3,693307.8,5154954.98,693297.94,5154951.14,693308.78,5154955.95,71.36,,0,
kprcnn-nojitter-v1,Yakima-Toppenish_03_20260614,Yakima (arid),trained,1,1,30,330,0,0.10134,30.0,342.76,39.25,350.63,9.25,7.87,72.79,38.42,344.89,33.14,346.86,31.16,350.46,-7.3409,0.0141,-5.532,-4.2862,9.159,27.48,5.64,4.115,1.371,1.656,217.5,693235.27,5155041.33,693219.42,5155035.43,693213.47,5155024.61,83.27,,0,
kprcnn-nojitter-v1,Yakima-Toppenish_03_20260614,Yakima (arid),trained,1,1,30,330,0,0.06975,30.07,367.44,35.9,376.34,5.83,8.9,51.91,34.77,370.9,34.44,374.2,35.74,376.18,1.8013,2.3933,-9.1782,-1.6612,5.362,16.09,3.312,2.365,1.401,0.916,280.4,693224.31,5154963.29,693223.33,5154953.4,693227.22,5154947.47,3.39,0,1,1.957
kprcnn-nojitter-v1,Yakima-Toppenish_03_20260614,Yakima (arid),trained,1,1,30,330,0,0.06642,31.32,375.31,38.88,378.0,7.56,2.69,20.35,38.39,375.46,34.77,375.76,38.71,375.76,-6.0745,-1.9075,-5.5945,-4.5255,0.444,1.33,3.626,3.942,0.92,2.655,317.7,693235.16,5154949.63,693224.32,5154948.73,693236.14,5154948.73,4.37,0,1,3.953
kprcnn-nojitter-v1,Yakima-Toppenish_03_20260614,Yakima (arid),trained,1,1,30,330,0,0.06638,39.13,341.64,47.98,354.0,8.85,12.36,109.34,41.92,351.23,42.9,347.98,43.23,344.08,1.1325,-1.0436,-1.3415,-0.4175,7.274,21.82,3.397,3.916,0.868,0.381,79.6,693245.76,5155022.3,693248.71,5155032.06,693249.69,5155043.77,82.61,,0,
kprcnn-nojitter-v1,Yakima-Toppenish_03_20260614,Yakima (arid),trained,1,1,30,330,0,0.06042,35.7,374.99,36.64,377.94,0.94,2.95,2.77,36.17,375.81,35.86,375.16,36.17,375.81,-4.9098,-4.9732,-9.4491,-6.444,0.0,0.0,0.726,0.726,1.0,0.0,0.0,693228.52,5154948.56,693227.58,5154950.53,693228.52,5154948.56,2.17,0,1,3.203
kprcnn-nojitter-v1,Yakima-Toppenish_03_20260614,Yakima (arid),trained,1,1,30,330,0,0.05895,30.0,374.02,40.4,378.0,10.4,3.98,41.42,38.61,375.51,34.71,374.85,38.61,374.18,-5.115,1.4116,-4.2954,-2.6663,1.327,3.98,3.957,3.957,1.0,3.901,90.0,693235.84,5154949.47,693224.14,5154951.46,693235.84,5154953.45,2.65,0,1,4.219
kprcnn-nojitter-v1,Yakima-Toppenish_03_20260614,Yakima (arid),trained,1,1,60,330,1,0.06679,60.0,371.19,65.52,378.0,5.52,6.81,37.56,60.16,375.89,60.81,375.24,65.36,375.24,-6.7356,0.3732,-7.7038,-4.6888,5.234,15.7,0.917,4.545,0.202,0.563,7.1,693300.49,5154948.32,693302.43,5154950.27,693316.07,5154950.27,75.87,,0,
kprcnn-nojitter-v1,Yakima-Toppenish_03_20260614,Yakima (arid),trained,1,1,330,330,1,0.06808,349.68,330.0,364.45,338.36,14.77,8.36,123.51,355.1,331.45,358.38,333.38,362.32,336.59,0.1577,-1.8309,-7.9549,-3.2094,8.867,26.6,3.808,5.085,0.749,0.333,324.5,694185.29,5155081.66,694195.13,5155075.87,694206.95,5155066.22,580.5,,0,
kprcnn-nojitter-v1,Yakima-Toppenish_03_20260614,Yakima (arid),trained,1,1,360,330,1,0.05193,360.07,330.11,363.08,340.56,3.01,10.45,31.44,361.12,335.5,362.03,334.84,362.63,336.47,1.4977,-7.428,-8.5384,-4.8229,1.795,5.39,1.114,1.74,0.641,1.04,326.9,694203.37,5155069.51,694206.08,5155071.47,694207.88,5155066.58,588.65,,0,
kprcnn-nojitter-v1,Yakima-Toppenish_03_20260614,Yakima (arid),trained,1,1,360,330,0,0.0518,360.12,333.14,364.13,338.29,4.01,5.16,20.7,360.89,335.55,362.12,335.23,363.36,337.17,0.553,-6.3373,-7.1926,-4.3256,2.95,8.85,1.277,2.295,0.556,0.945,326.9,694202.66,5155069.34,694206.37,5155070.3,694210.07,5155064.5,589.84,,0,
kprcnn-nojitter-v1,Yakima-Toppenish_03_20260614,Yakima (arid),trained,1,1,360,330,0,0.05037,360.02,333.63,362.14,339.17,2.12,5.55,11.77,361.08,335.75,360.78,336.07,361.99,337.05,0.1661,-7.2234,-6.2667,-4.4413,1.591,4.77,0.445,1.558,0.286,0.435,304.9,694203.24,5155068.76,694202.33,5155067.78,694205.96,5155064.85,590.67,,0,
kprcnn-nojitter-v1,Yakima-Toppenish_03_20260614,Yakima (arid),trained,1,1,390,330,1,0.06646,390.86,338.71,394.55,343.73,3.69,5.03,18.57,391.63,340.75,392.25,340.75,391.01,339.81,-0.2051,-7.0801,-6.5948,-4.6267,1.126,3.38,0.615,1.55,0.397,0.515,123.1,694294.89,5155053.75,694296.74,5155053.75,694293.04,5155056.58,643.93,,0,
kprcnn-nojitter-v1,Yakima-Toppenish_03_20260614,Yakima (arid),trained,1,1,420,330,1,0.89446,431.03,364.45,451.47,371.89,20.45,7.44,152.23,436.14,366.88,440.1,368.17,448.34,369.14,-0.3638,1.5782,0.4124,0.5423,12.411,37.23,4.164,8.302,0.502,0.55,349.5,694428.41,5154975.37,694440.29,5154971.49,694465.02,5154968.57,790.21,,0,
kprcnn-nojitter-v1,Yakima-Toppenish_03_20260614,Yakima (arid),trained,1,1,420,330,0,0.20731,420.22,330.0,430.39,342.81,10.17,12.81,130.28,426.62,340.67,424.65,335.75,421.04,330.16,1.7217,1.5155,-1.4567,0.5935,11.898,35.69,5.305,6.648,0.798,0.571,118.0,694399.85,5155053.98,694393.95,5155068.76,694383.12,5155085.51,684.29,,0,
kprcnn-nojitter-v1,Yakima-Toppenish_03_20260614,Yakima (arid),trained,1,1,420,330,0,0.05645,420.09,348.75,422.8,354.81,2.71,6.06,16.41,421.44,351.78,422.04,351.46,420.54,351.46,0.0553,-6.9528,-7.8369,-4.9115,0.957,2.87,0.681,1.504,0.453,0.501,160.5,694384.33,5155020.67,694386.13,5155021.63,694381.62,5155021.63,718.17,,0,
kprcnn-nojitter-v1,Yakima-Toppenish_03_20260614,Yakima (arid),trained,1,1,480,330,1,0.06908,480.04,369.66,482.85,375.26,2.8,5.6,15.69,480.82,371.8,480.82,372.46,482.38,372.13,-0.207,-7.0092,-5.7323,-4.3162,1.591,4.77,0.659,1.591,0.414,0.645,348.0,694562.47,5154960.6,694562.47,5154958.62,694567.14,5154959.61,876.16,,0,
kprcnn-nojitter-v1,Yakima-Toppenish_03_20260614,Yakima (arid),trained,1,1,510,330,1,0.06448,550.7,367.34,558.0,377.76,7.3,10.42,76.11,552.19,370.43,555.51,375.32,555.51,371.09,-0.7239,-2.9617,-1.0834,-1.5897,3.383,10.15,5.906,4.234,1.395,4.154,348.9,694776.57,5154964.7,694786.53,5154950.04,694786.53,5154962.74,1043.31,,0,
kprcnn-nojitter-v1,Yakima-Toppenish_03_20260614,Yakima (arid),trained,1,1,510,330,0,0.05541,526.76,374.42,536.54,378.0,9.78,3.58,35.02,528.55,375.88,533.12,376.21,528.88,376.86,-0.7463,-7.0267,-7.4709,-5.0813,1.03,3.09,4.574,4.286,1.067,4.225,288.4,694705.66,5154948.35,694719.35,5154947.37,694706.64,5154945.42,994.35,,0,
kprcnn-nojitter-v1,Yakima-Toppenish_03_20260614,Yakima (arid),trained,1,1,510,330,0,0.05325,549.22,357.7,557.97,373.61,8.75,15.91,139.17,551.65,370.46,552.3,364.83,555.21,370.79,1.0047,-1.0866,-0.8734,-0.3184,3.58,10.74,5.671,6.64,0.854,5.669,354.7,694774.95,5154964.61,694776.89,5154981.51,694785.64,5154963.62,1015.95,,0,
kprcnn-nojitter-v1,Yakima-Toppenish_03_20260614,Yakima (arid),trained,1,1,540,330,1,0.18388,540.43,365.54,544.54,371.03,4.11,5.49,22.58,541.22,367.64,542.17,367.64,541.22,368.61,0.5272,-7.3518,-8.6825,-5.169,0.969,2.91,0.949,1.356,0.7,0.949,270.0,694743.65,5154973.07,694746.5,5154973.07,694743.65,5154970.16,997.84,,0,
kprcnn-nojitter-v1,Yakima-Toppenish_03_20260614,Yakima (arid),trained,1,1,540,330,0,0.07943,540.08,364.38,543.38,370.19,3.3,5.81,19.15,541.23,367.45,542.22,366.8,540.57,366.8,0.3955,-6.476,-8.2727,-4.7844,0.923,2.77,1.181,1.649,0.716,1.153,135.6,694743.7,5154973.65,694746.67,5154975.59,694741.72,5154975.59,996.34,,0,
kprcnn-nojitter-v1,Yakima-Toppenish_03_20260614,Yakima (arid),trained,1,1,540,330,0,0.05045,540.01,364.69,551.8,371.4,11.79,6.71,79.16,541.81,367.72,544.43,367.72,548.36,369.32,-0.2359,-3.8214,-6.3219,-3.4597,6.742,20.23,2.62,4.242,0.618,0.621,346.3,694745.43,5154972.83,694753.29,5154972.83,694765.08,5154968.03,1003.19,,0,
kprcnn-nojitter-v1,Yakima-Toppenish_03_20260614,Yakima (arid),trained,1,1,570,330,1,0.19973,570.02,374.65,572.92,378.0,2.9,3.35,9.71,571.15,376.02,571.79,376.02,571.15,376.93,-0.3546,-7.2309,-4.8666,-4.1507,0.913,2.74,0.645,1.118,0.577,0.645,270.0,694833.45,5154947.93,694835.38,5154947.93,694833.45,5154945.2,1082.65,,0,
kprcnn-nojitter-v1,Yakima-Toppenish_03_20260614,Yakima (arid),trained,1,1,570,330,0,0.05199,570.78,374.59,575.12,378.0,4.35,3.41,14.84,571.55,375.98,573.11,376.29,571.55,376.91,-0.3866,-6.367,-4.4023,-3.7186,0.931,2.79,1.584,1.673,0.947,1.553,270.0,694834.66,5154948.05,694839.32,5154947.12,694834.66,5154945.26,1086.25,,0,
kprcnn-nojitter-v1,Yakima-Toppenish_03_20260614,Yakima (arid),trained,1,1,570,330,0,0.05196,570.0,374.12,577.88,378.0,7.88,3.88,30.57,571.48,375.9,573.12,376.22,571.48,377.19,0.3067,-5.1982,-4.3389,-3.0768,1.292,3.88,1.674,1.907,0.878,1.643,270.0,694834.44,5154948.3,694839.36,5154947.33,694834.44,5154944.42,1086.15,,0,
kprcnn-nojitter-v1,Yakima-Toppenish_03_20260614,Yakima (arid),trained,1,1,0,360,1,0.9226,31.31,368.9,38.13,382.24,6.82,13.34,91.02,35.37,371.34,34.72,374.27,34.4,379.8,1.6135,6.0336,2.9343,3.5271,8.517,25.55,3.0,5.542,0.541,0.31,263.4,693226.12,5154961.99,693224.17,5154953.2,693223.2,5154936.61,2.53,0,1,0.791
kprcnn-nojitter-v1,Yakima-Toppenish_03_20260614,Yakima (arid),trained,1,1,0,360,0,0.27641,31.69,363.99,39.84,385.63,8.15,21.63,176.36,35.11,370.48,35.11,374.14,34.46,380.47,0.7774,4.8948,2.139,2.6037,10.005,30.01,3.661,6.356,0.576,0.239,266.3,693225.34,5154964.55,693225.34,5154953.57,693223.38,5154934.6,1.67,0,1,0.861
kprcnn-nojitter-v1,Yakima-Toppenish_03_20260614,Yakima (arid),trained,1,1,0,360,0,0.25361,27.1,366.79,39.1,381.08,12.01,14.29,171.55,35.37,370.28,34.72,374.26,34.4,378.92,0.9053,3.7385,1.3555,1.9998,8.693,26.08,4.039,4.663,0.866,0.198,263.6,693226.12,5154965.17,693224.17,5154953.21,693223.19,5154939.25,2.53,0,1,0.958
kprcnn-nojitter-v1,Yakima-Toppenish_03_20260614,Yakima (arid),trained,1,1,0,360,0,0.09281,29.44,374.23,37.39,386.45,7.95,12.22,97.18,34.58,386.29,34.58,375.05,34.58,379.35,-2.5738,-0.9638,2.3319,-0.4019,6.938,20.81,11.232,4.295,2.615,0.0,90.0,693223.74,5154917.14,693223.74,5154950.84,693223.74,5154937.96,3.29,0,1,5.748
kprcnn-nojitter-v1,Yakima-Toppenish_03_20260614,Yakima (arid),trained,1,1,0,360,0,0.063,30.32,385.83,37.78,397.68,7.46,11.84,88.38,34.37,387.97,34.05,390.6,33.72,394.88,2.3243,-1.3406,-1.4244,-0.1469,6.939,20.82,2.652,4.289,0.618,0.077,264.6,693223.12,5154912.09,693222.14,5154904.19,693221.17,5154891.36,48.48,,0,
kprcnn-nojitter-v1,Yakima-Toppenish_03_20260614,Yakima (arid),trained,1,1,30,360,1,0.97154,30.53,368.18,37.94,382.5,7.4,14.32,106.01,35.2,370.68,34.56,374.01,34.56,380.0,2.138,4.6908,2.9273,3.252,9.348,28.05,3.392,5.995,0.566,0.413,266.1,693225.6,5154963.97,693223.67,5154953.98,693223.67,5154935.99,3.29,0,1,0.874
kprcnn-nojitter-v1,Yakima-Toppenish_03_20260614,Yakima (arid),trained,1,1,30,360,0,0.33317,31.6,371.23,39.55,380.77,7.95,9.54,75.79,35.41,371.4,35.41,374.36,34.42,379.29,0.016,3.9054,1.5727,1.8314,7.954,23.86,2.959,5.031,0.588,0.37,262.8,693226.23,5154961.81,693226.23,5154952.93,693223.25,5154938.13,0.59,0,1,0.605
kprcnn-nojitter-v1,Yakima-Toppenish_03_20260614,Yakima (arid),trained,1,1,30,360,0,0.19391,30.58,385.17,35.74,398.42,5.15,13.25,68.24,34.29,387.32,33.64,390.64,33.64,394.94,1.5934,-3.2255,-1.2504,-0.9608,7.643,22.93,3.373,4.305,0.784,0.363,265.2,693222.86,5154914.03,693220.93,5154904.09,693220.93,5154891.18,48.7,,0,
kprcnn-nojitter-v1,Yakima-Toppenish_03_20260614,Yakima (arid),trained,1,1,30,360,0,0.15681,31.37,376.69,37.09,386.55,5.72,9.86,56.42,35.02,386.39,35.34,383.76,34.39,379.48,-2.7118,-8.1457,1.6777,-3.0599,6.933,20.8,2.649,4.379,0.605,0.558,95.3,693225.07,5154916.84,693226.02,5154924.73,693223.16,5154937.55,27.74,,0,
kprcnn-nojitter-v1,Yakima-Toppenish_03_20260614,Yakima (arid),trained,1,1,30,360,0,0.15329,31.01,364.37,37.59,398.69,6.59,34.32,226.08,35.12,370.53,34.47,373.53,34.47,380.2,-0.0396,-5.3802,-0.48,-1.9666,9.685,29.05,3.07,6.664,0.461,0.453,266.1,693225.37,5154964.4,693223.4,5154955.41,693223.4,5154935.41,4.34,0,1,1.089
kprcnn-nojitter-v1,Yakima-Toppenish_03_20260614,Yakima (arid),trained,1,1,30,360,0,0.12316,31.8,377.75,39.8,384.75,8.0,7.0,55.97,34.3,381.25,35.63,381.59,34.63,379.59,-9.4998,-8.5401,1.4552,-5.5282,1.7,5.1,1.374,2.236,0.614,1.372,78.7,693222.89,5154932.24,693226.89,5154931.24,693223.89,5154937.24,21.22,,0,
kprcnn-nojitter-v1,Yakima-Toppenish_03_20260614,Yakima (arid),trained,1,1,30,360,0,0.12189,38.51,395.5,43.92,407.6,5.42,12.11,65.58,40.26,405.15,40.9,401.88,39.62,397.95,1.69,0.0141,-7.194,-1.83,7.227,21.68,3.334,4.128,0.808,0.923,95.1,693240.78,5154860.55,693242.69,5154870.37,693238.87,5154882.15,83.66,,0,
kprcnn-nojitter-v1,Yakima-Toppenish_03_20260614,Yakima (arid),trained,1,1,30,360,0,0.10244,30.13,374.88,35.88,382.79,5.75,7.9,45.44,34.76,375.05,34.44,375.05,34.44,379.33,-7.0916,-3.3617,1.5161,-2.9791,4.293,12.88,0.319,4.281,0.075,0.319,265.7,693224.29,5154950.85,693223.33,5154950.85,693223.33,5154938.01,3.64,0,1,2.12
kprcnn-nojitter-v1,Yakima-Toppenish_03_20260614,Yakima (arid),trained,1,1,30,360,0,0.09239,30.99,367.54,39.88,375.63,8.88,8.09,71.85,35.43,370.62,35.11,373.85,34.45,369.32,1.1358,2.8595,-9.1285,-1.7111,1.627,4.88,3.251,4.576,0.711,2.224,127.3,693226.3,5154964.15,693225.32,5154954.45,693223.34,5154968.03,2.36,0,1,3.935
kprcnn-nojitter-v1,Yakima-Toppenish_03_20260614,Yakima (arid),trained,1,1,30,360,0,0.06009,30.12,367.92,37.82,372.19,7.7,4.28,32.96,35.42,370.71,34.13,370.38,34.77,369.4,0.6238,-7.1369,-8.696,-5.0697,1.465,4.39,1.325,1.178,1.125,1.01,116.0,693226.25,5154963.86,693222.39,5154964.85,693224.32,5154967.81,13.07,0,1,5.086
kprcnn-nojitter-v1,Yakima-Toppenish_03_20260614,Yakima (arid),trained,1,1,30,360,0,0.05753,54.16,369.75,64.42,381.62,10.26,11.88,121.83,59.62,380.14,59.29,375.52,59.29,379.48,-8.3699,0.562,-1.921,-3.243,0.738,2.21,4.631,3.959,1.17,1.775,116.6,693298.86,5154935.58,693297.87,5154949.44,693297.87,5154937.56,71.34,,0,
kprcnn-nojitter-v1,Yakima-Toppenish_03_20260614,Yakima (arid),trained,1,1,390,360,1,0.06795,429.81,362.06,438.0,370.93,8.19,8.87,72.59,436.2,367.15,433.58,366.5,430.96,365.84,2.1379,-7.0969,-8.0042,-4.321,5.401,16.2,2.7,2.7,1.0,0.0,165.9,694428.6,5154974.54,694420.74,5154976.51,694412.88,5154978.48,774.94,,0,
kprcnn-nojitter-v1,Yakima-Toppenish_03_20260614,Yakima (arid),trained,1,1,390,360,0,0.0554,433.43,360.68,438.0,372.11,4.57,11.42,52.15,436.21,367.38,436.21,360.85,433.92,366.4,2.4286,-5.7669,-8.4861,-3.9415,2.484,7.45,6.528,6.0,1.088,5.999,156.8,694428.62,5154973.87,694428.62,5154993.46,694421.77,5154976.81,765.54,,0,
kprcnn-nojitter-v1,Yakima-Toppenish_03_20260614,Yakima (arid),trained,1,1,420,360,1,0.08937,433.12,365.17,443.85,373.63,10.73,8.46,90.84,436.86,367.61,439.79,368.59,435.56,367.29,0.5836,0.3726,-8.7125,-2.5854,1.341,4.02,3.086,4.424,0.697,0.237,166.0,694430.58,5154973.17,694439.36,5154970.24,694426.68,5154974.14,790.7,,0,
kprcnn-nojitter-v1,Yakima-Toppenish_03_20260614,Yakima (arid),trained,1,1,420,360,0,0.0563,426.77,363.03,452.68,372.08,25.9,9.05,234.31,436.57,367.07,440.22,368.36,448.52,369.33,-0.2441,0.229,1.1249,0.3699,12.167,36.5,3.875,8.359,0.464,0.591,349.3,694429.71,5154974.8,694440.67,5154970.92,694465.57,5154968.01,790.9,,0,
kprcnn-nojitter-v1,Yakima-Toppenish_03_20260614,Yakima (arid),trained,1,1,420,360,0,0.05043,420.02,360.56,424.2,365.16,4.18,4.6,19.25,421.15,363.35,421.15,363.02,420.83,363.02,-6.1769,-10.0265,-3.5988,-6.6007,0.46,1.38,0.329,0.322,1.022,0.23,134.4,694383.44,5154985.94,694383.44,5154986.93,694382.48,5154986.93,745.72,,0,
kprcnn-nojitter-v1,Yakima-Toppenish_03_20260614,Yakima (arid),trained,1,1,450,360,1,0.26728,450.0,367.83,456.97,371.99,6.97,4.15,28.95,456.81,369.91,453.49,368.95,450.5,369.27,-7.6431,-7.8814,-0.5289,-5.3511,6.342,19.03,3.456,3.006,1.15,0.619,174.2,694490.42,5154966.27,694480.46,5154969.14,694471.49,5154968.19,815.94,,0,
kprcnn-nojitter-v1,Yakima-Toppenish_03_20260614,Yakima (arid),trained,1,1,450,360,0,0.16421,450.03,368.2,453.72,371.57,3.69,3.37,12.43,453.57,370.19,452.34,369.88,450.8,369.58,-7.4479,-9.5525,-0.3336,-5.778,2.833,8.5,1.267,1.567,0.809,0.033,167.5,694480.71,5154965.43,694477.02,5154966.35,694472.41,5154967.27,816.07,,0,
kprcnn-nojitter-v1,Yakima-Toppenish_03_20260614,Yakima (arid),trained,1,1,450,360,0,0.06193,450.0,364.33,452.38,372.9,2.38,8.57,20.37,451.63,369.44,451.63,370.1,450.45,369.11,-9.4072,-9.9701,0.3723,-6.335,1.233,3.7,0.659,1.546,0.426,0.635,164.5,694474.9,5154967.68,694474.9,5154965.71,694471.34,5154968.67,815.31,,0,
kprcnn-nojitter-v1,Yakima-Toppenish_03_20260614,Yakima (arid),trained,1,1,480,360,1,0.06374,480.0,368.93,482.02,374.0,2.02,5.08,10.26,481.01,371.62,480.72,371.94,481.88,371.94,-0.2217,-6.7954,-5.867,-4.2947,0.923,2.77,0.429,1.155,0.371,0.397,339.9,694563.03,5154961.13,694562.17,5154960.17,694565.63,5154960.17,874.8,,0,
kprcnn-nojitter-v1,Yakima-Toppenish_03_20260614,Yakima (arid),trained,1,1,510,360,1,0.18719,510.06,361.59,517.93,365.45,7.88,3.87,30.45,514.16,363.68,513.5,363.68,511.53,363.68,-4.0337,-7.0766,-4.1577,-5.0893,2.626,7.88,0.656,1.969,0.333,0.0,180.0,694662.48,5154984.95,694660.51,5154984.95,694654.6,5154984.95,925.62,,0,
kprcnn-nojitter-v1,Yakima-Toppenish_03_20260614,Yakima (arid),trained,1,1,510,360,0,0.07184,548.91,360.0,557.75,372.33,8.84,12.33,108.94,551.36,370.16,552.02,364.16,554.96,370.49,-0.7015,-3.628,-1.4852,-1.9383,3.616,10.85,6.032,6.982,0.864,6.031,354.7,694774.09,5154965.52,694776.06,5154983.51,694784.89,5154964.52,1014.05,,0,
kprcnn-nojitter-v1,Yakima-Toppenish_03_20260614,Yakima (arid),trained,1,1,510,360,0,0.06876,510.08,362.18,512.68,366.75,2.6,4.57,11.89,512.19,363.32,511.22,364.62,510.57,363.65,-4.822,-10.3158,-5.4512,-6.863,1.659,4.98,1.63,1.176,1.386,1.088,191.3,694656.57,5154986.04,694653.65,5154982.13,694651.7,5154985.06,922.55,,0,
kprcnn-nojitter-v1,Yakima-Toppenish_03_20260614,Yakima (arid),trained,1,1,540,360,1,0.0562,568.3,374.55,580.05,383.33,11.75,8.77,103.08,577.93,380.24,574.99,379.27,571.73,377.64,1.1336,-0.4819,-8.0553,-2.4679,6.724,20.17,3.095,3.646,0.849,0.237,157.3,694853.79,5154935.28,694844.98,5154938.2,694835.18,5154943.08,1096.2,,0,
kprcnn-nojitter-v1,Yakima-Toppenish_03_20260614,Yakima (arid),trained,1,1,570,360,1,0.08419,570.0,373.84,582.62,384.61,12.62,10.77,135.98,578.8,380.2,575.15,379.22,571.16,377.59,0.8529,-0.58,-7.6506,-2.4593,8.074,24.22,3.783,4.307,0.878,0.255,161.1,694856.41,5154935.39,694845.45,5154938.33,694833.49,5154943.23,1096.49,,0,
kprcnn-nojitter-v1,Yakima-Toppenish_03_20260614,Yakima (arid),trained,1,1,570,360,0,0.05769,570.3,375.12,575.62,383.07,5.32,7.94,42.21,571.13,376.94,574.45,379.26,572.46,377.94,-0.2601,-5.3876,-5.2325,-3.6267,1.659,4.98,4.05,2.393,1.693,0.133,323.2,694833.39,5154945.17,694843.36,5154938.22,694837.38,5154942.19,1094.93,,0,
kprcnn-nojitter-v1,Yakima-Toppenish_03_20260614,Yakima (arid),trained,1,1,0,390,1,0.76992,29.04,404.13,37.31,419.27,8.27,15.14,125.14,33.84,408.25,33.5,412.2,33.5,416.47,1.0183,3.7754,-0.6379,1.3853,8.232,24.7,3.962,4.277,0.926,0.172,267.7,693221.51,5154851.26,693220.51,5154839.41,693220.51,5154826.58,113.21,,0,
kprcnn-nojitter-v1,Yakima-Toppenish_03_20260614,Yakima (arid),trained,1,1,30,390,1,0.81658,30.0,406.49,36.54,419.56,6.54,13.07,85.51,33.44,408.94,33.44,412.21,33.44,416.78,1.0534,3.5195,-1.2491,1.1079,7.84,23.52,3.267,4.574,0.714,0.0,270.0,693220.31,5154849.18,693220.31,5154839.38,693220.31,5154825.66,113.26,,0,
kprcnn-nojitter-v1,Yakima-Toppenish_03_20260614,Yakima (arid),trained,1,1,30,390,0,0.28535,37.95,395.45,43.52,408.13,5.57,12.68,70.67,40.41,405.69,40.73,401.79,39.75,397.24,1.5226,0.6698,-7.7229,-1.8435,8.479,25.44,3.915,4.657,0.841,0.629,94.4,693241.22,5154858.93,693242.2,5154870.63,693239.25,5154884.28,83.31,,0,
kprcnn-nojitter-v1,Yakima-Toppenish_03_20260614,Yakima (arid),trained,1,1,30,390,0,0.20303,30.0,402.8,41.04,418.48,11.04,15.68,173.17,33.41,408.19,34.06,411.79,33.41,416.69,0.4288,2.8957,-2.7445,0.1933,8.495,25.48,3.652,4.944,0.739,0.65,270.0,693220.23,5154851.42,693222.18,5154840.64,693220.23,5154825.94,111.91,,0,
kprcnn-nojitter-v1,Yakima-Toppenish_03_20260614,Yakima (arid),trained,1,1,30,390,0,0.16029,31.2,412.63,35.6,419.58,4.4,6.95,30.57,33.56,412.8,33.56,413.13,33.25,416.77,-6.0472,-2.721,-1.518,-3.4287,3.984,11.95,0.331,3.654,0.091,0.026,265.5,693220.68,5154837.6,693220.68,5154836.61,693219.74,5154825.69,116.0,,0,
kprcnn-nojitter-v1,Yakima-Toppenish_03_20260614,Yakima (arid),trained,1,1,30,390,0,0.11439,30.2,390.0,35.27,397.97,5.07,7.97,40.38,35.11,397.8,30.67,391.49,33.52,395.48,-7.4037,-4.392,-1.4085,-4.4014,2.812,8.44,7.71,4.898,1.574,0.112,124.3,693225.32,5154882.6,693212.02,5154901.52,693220.57,5154889.57,52.99,,0,
kprcnn-nojitter-v1,Yakima-Toppenish_03_20260614,Yakima (arid),trained,1,1,30,390,0,0.05652,31.22,406.91,39.28,416.21,8.05,9.29,74.84,33.64,408.74,33.96,412.06,33.64,416.04,0.5659,2.4427,-3.2958,-0.0957,7.303,21.91,3.335,3.996,0.835,0.322,270.0,693220.92,5154849.79,693221.89,5154839.83,693220.92,5154827.88,112.73,,0,
kprcnn-nojitter-v1,Yakima-Toppenish_03_20260614,Yakima (arid),trained,1,1,30,390,0,0.05125,36.4,392.41,43.81,400.28,7.41,7.87,58.31,40.11,396.84,40.75,394.21,40.11,397.82,-0.3858,-2.2827,-7.9018,-3.5234,0.984,2.95,2.701,3.664,0.737,0.644,270.0,693240.33,5154885.49,693242.26,5154893.36,693240.33,5154882.54,61.14,,0,
kprcnn-nojitter-v1,Yakima-Toppenish_03_20260614,Yakima (arid),trained,1,1,570,390,1,0.81072,604.95,405.92,618.0,416.94,13.05,11.02,143.8,608.05,409.65,611.31,411.27,615.55,415.16,1.3101,2.3654,-8.5541,-1.6262,9.31,27.93,3.643,5.754,0.633,0.625,323.7,694944.14,5154847.06,694953.93,5154842.2,694966.66,5154830.53,1125.3,,0,
kprcnn-nojitter-v1,Yakima-Toppenish_03_20260614,Yakima (arid),trained,1,1,600,390,1,0.37844,605.36,406.66,617.07,416.97,11.71,10.31,120.65,608.45,409.82,611.05,411.48,614.95,414.48,0.5915,1.5375,-7.6793,-1.8501,7.997,23.99,3.087,4.917,0.628,0.162,324.4,694945.35,5154846.54,694953.16,5154841.55,694964.86,5154832.57,1125.09,,0,
kprcnn-nojitter-v1,Yakima-Toppenish_03_20260614,Yakima (arid),trained,1,1,0,420,1,0.08899,18.1,420.0,30.27,428.72,12.18,8.72,106.16,18.26,420.16,25.5,424.68,19.25,421.13,-7.0992,0.1756,-2.4836,-3.1358,1.383,4.15,8.535,7.191,1.187,1.844,315.5,693174.79,5154815.52,693196.51,5154801.95,693177.75,5154812.61,153.49,,0,
kprcnn-nojitter-v1,Yakima-Toppenish_03_20260614,Yakima (arid),trained,1,1,30,420,1,0.07737,38.46,420.7,45.36,430.5,6.9,9.8,67.59,42.24,427.39,41.91,423.8,41.91,420.86,1.3203,-2.422,-3.6668,-1.5895,6.538,19.62,3.607,2.939,1.227,0.148,92.9,693246.71,5154793.82,693245.72,5154804.59,693245.72,5154813.41,149.11,,0,
kprcnn-nojitter-v1,Yakima-Toppenish_03_20260614,Yakima (arid),trained,1,1,570,420,1,0.16264,599.49,431.84,608.98,448.93,9.5,17.09,162.3,607.18,436.93,602.93,437.59,602.27,445.8,-6.6893,-5.747,0.9296,-3.8356,10.143,30.43,4.308,8.242,0.523,3.406,241.0,694941.55,5154765.21,694928.78,5154763.23,694926.81,5154738.59,1068.98,,0,
kprcnn-nojitter-v1,Yakima-Toppenish_03_20260614,Yakima (arid),trained,1,1,600,420,1,0.06194,600.0,432.18,606.59,448.41,6.59,16.23,107.05,601.15,432.34,602.14,436.98,602.8,445.59,-6.8214,-0.7149,-1.1942,-2.9102,13.354,40.06,4.742,8.639,0.549,0.409,277.1,694923.46,5154778.98,694926.43,5154765.06,694928.41,5154739.22,1071.76,,0,
kprcnn-nojitter-v1,Yakima-Toppenish_03_20260614,Yakima (arid),trained,1,1,630,420,1,0.27387,655.6,460.43,663.51,468.0,7.91,7.57,59.9,658.07,462.24,659.39,465.2,657.41,461.91,0.3259,-1.048,-8.7112,-3.1444,0.737,2.21,3.244,3.841,0.844,2.062,153.4,695094.21,5154689.29,695098.16,5154680.4,695092.23,5154690.28,916.21,,0,
kprcnn-nojitter-v1,Yakima-Toppenish_03_20260614,Yakima (arid),trained,1,1,660,420,1,0.18344,669.93,463.35,686.13,467.93,16.2,4.58,74.13,672.41,465.81,678.03,466.13,683.32,466.46,-0.437,-1.9219,-5.2202,-2.5264,10.927,32.78,5.629,5.299,1.062,0.01,356.6,695137.22,5154678.58,695154.08,5154677.6,695169.95,5154676.62,891.66,,0,
kprcnn-nojitter-v1,Yakima-Toppenish_03_20260614,Yakima (arid),trained,1,1,0,450,1,0.06452,25.55,479.36,36.36,494.08,10.82,14.72,159.23,29.32,491.95,30.95,486.72,33.25,481.81,-6.9845,1.6484,-1.6648,-2.3336,10.877,32.63,5.484,5.417,1.012,0.365,68.8,693207.95,5154600.14,693212.86,5154615.84,693219.75,5154630.56,336.9,,0,
kprcnn-nojitter-v1,Yakima-Toppenish_03_20260614,Yakima (arid),trained,1,1,30,450,1,0.25212,49.51,489.14,63.76,498.0,14.25,8.86,126.25,62.6,495.21,56.3,493.9,60.28,490.95,-3.5766,1.022,-5.9633,-2.8393,4.855,14.57,6.433,4.954,1.299,4.905,118.5,693307.8,5154590.37,693288.91,5154594.3,693300.84,5154603.16,363.54,,0,
kprcnn-nojitter-v1,Yakima-Toppenish_03_20260614,Yakima (arid),trained,1,1,30,450,0,0.07269,72.14,450.0,78.0,454.23,5.86,4.23,24.79,76.21,450.81,76.54,452.12,74.58,451.46,-7.4782,-9.6326,-0.5743,-5.895,1.753,5.26,1.342,2.059,0.652,1.33,201.8,693348.63,5154723.56,693349.61,5154719.65,693343.75,5154721.61,263.31,,0,
kprcnn-nojitter-v1,Yakima-Toppenish_03_20260614,Yakima (arid),trained,1,1,30,450,0,0.05521,46.04,460.51,57.65,472.31,11.61,11.81,137.04,49.53,462.31,51.52,467.23,56.49,465.26,-8.828,-1.6827,-3.7895,-4.7668,7.564,22.69,5.306,5.35,0.992,3.753,337.0,693268.58,5154689.07,693274.55,5154674.31,693289.47,5154680.22,282.26,,0,
kprcnn-nojitter-v1,Yakima-Toppenish_03_20260614,Yakima (arid),trained,1,1,60,450,1,0.05683,60.0,495.63,64.93,498.0,4.93,2.37,11.67,62.46,495.78,60.49,496.37,63.12,496.08,-2.5802,-2.114,-6.5352,-3.7431,0.721,2.16,2.059,2.646,0.778,1.349,335.8,693307.39,5154588.66,693301.48,5154586.88,693309.37,5154587.77,373.17,,0,
kprcnn-nojitter-v1,Yakima-Toppenish_03_20260614,Yakima (arid),trained,1,1,60,450,0,0.05546,60.0,488.94,62.55,498.0,2.55,9.06,23.11,62.39,494.28,60.48,496.22,61.12,491.04,-4.2537,-0.5421,-3.1941,-2.6633,3.478,10.43,2.725,5.216,0.523,2.492,111.5,693307.17,5154593.16,693301.43,5154587.34,693303.35,5154602.87,372.72,,0,
kprcnn-nojitter-v1,Yakima-Toppenish_03_20260614,Yakima (arid),trained,1,1,630,450,1,0.73435,657.86,464.75,667.37,476.82,9.51,12.07,114.81,660.98,468.18,661.96,470.46,664.59,473.07,-2.5435,1.657,-0.5768,-0.4878,6.08,18.24,2.487,3.701,0.672,0.563,306.4,695102.94,5154671.47,695105.89,5154664.61,695113.76,5154656.78,898.64,,0,
kprcnn-nojitter-v1,Yakima-Toppenish_03_20260614,Yakima (arid),trained,1,1,660,450,1,0.5052,660.0,466.62,667.5,476.76,7.5,10.13,75.97,661.14,468.75,662.12,470.38,664.73,473.0,-0.7735,0.0718,-0.5105,-0.404,5.56,16.68,1.905,3.693,0.516,0.307,310.2,695103.42,5154669.76,695106.36,5154664.86,695114.18,5154657.01,898.67,,0,
kprcnn-nojitter-v1,Yakima-Toppenish_03_20260614,Yakima (arid),trained,1,1,660,450,0,0.05607,700.22,473.81,708.0,489.73,7.78,15.92,123.9,707.84,479.61,705.57,481.27,707.84,485.25,-6.3184,1.8964,-9.1543,-4.5254,5.64,16.92,2.811,4.582,0.613,2.269,270.0,695243.51,5154637.16,695236.71,5154632.18,695243.51,5154620.24,821.28,,0,
kprcnn-nojitter-v1,Yakima-Toppenish_03_20260614,Yakima (arid),trained,1,1,690,450,1,0.14639,700.1,476.84,711.5,487.91,11.41,11.07,126.34,708.41,480.26,705.8,481.89,709.39,479.93,-8.3376,0.9257,-1.0844,-2.8321,1.031,3.09,3.074,4.084,0.753,0.721,18.4,695245.22,5154635.23,695237.4,5154630.34,695248.16,5154636.2,819.32,,0,
kprcnn-nojitter-v1,Yakima-Toppenish_03_20260614,Yakima (arid),trained,1,1,0,480,1,0.05636,25.71,480.68,36.94,494.06,11.23,13.38,150.23,29.51,491.94,31.16,487.05,33.47,481.17,-7.0667,1.2355,-2.0996,-2.6436,11.476,34.43,5.167,6.313,0.818,0.141,69.8,693208.53,5154600.17,693213.49,5154614.86,693220.42,5154632.48,337.86,,0,
kprcnn-nojitter-v1,Yakima-Toppenish_03_20260614,Yakima (arid),trained,1,1,30,480,1,0.20025,56.93,511.38,72.45,522.91,15.52,11.53,178.92,58.09,517.48,66.34,517.81,58.09,517.81,-4.0806,0.0316,-7.0996,-3.7162,0.329,0.99,8.259,8.253,1.001,8.253,270.0,693294.27,5154523.57,693319.03,5154522.58,693294.27,5154522.58,439.71,,0,
kprcnn-nojitter-v1,Yakima-Toppenish_03_20260614,Yakima (arid),trained,1,1,30,480,0,0.05115,52.15,480.12,60.42,497.7,8.27,17.58,145.47,58.27,482.6,55.29,490.23,57.94,481.94,-5.2994,-0.4005,-4.2117,-3.3039,0.741,2.22,8.191,8.706,0.941,6.071,116.5,693294.8,5154628.19,693285.87,5154605.3,693293.81,5154630.18,352.19,,0,
kprcnn-nojitter-v1,Yakima-Toppenish_03_20260614,Yakima (arid),trained,1,1,60,480,1,0.17358,101.92,515.02,108.0,528.0,6.08,12.98,78.88,104.96,527.83,105.6,524.17,104.96,518.51,-7.4132,-0.1934,-0.3812,-2.6626,9.319,27.96,3.716,5.694,0.653,0.64,90.0,693434.88,5154492.5,693436.8,5154503.48,693434.88,5154520.46,495.76,,0,
kprcnn-nojitter-v1,Yakima-Toppenish_03_20260614,Yakima (arid),trained,1,1,60,480,0,0.13801,60.17,513.54,72.01,522.06,11.85,8.52,100.91,62.96,520.25,65.93,516.98,69.22,515.67,-3.9647,0.1358,-6.6549,-3.4946,7.754,23.26,4.417,3.542,1.247,0.89,36.3,693308.89,5154515.24,693317.78,5154525.07,693327.65,5154529.0,437.01,,0,
kprcnn-nojitter-v1,Yakima-Toppenish_03_20260614,Yakima (arid),trained,1,1,60,480,0,0.09108,62.49,516.86,71.43,525.22,8.94,8.36,74.72,62.66,519.59,67.29,519.27,62.66,520.24,-3.893,-2.0266,-7.5448,-4.4881,0.643,1.93,4.646,4.734,0.981,4.635,270.0,693307.98,5154517.22,693321.88,5154518.18,693307.98,5154515.29,444.61,,0,
kprcnn-nojitter-v1,Yakima-Toppenish_03_20260614,Yakima (arid),trained,1,1,60,480,0,0.08567,60.0,497.13,65.21,509.87,5.21,12.73,66.29,61.79,501.87,60.81,502.52,63.09,498.6,-4.5291,-0.5043,-7.8076,-4.2803,3.515,10.54,1.174,4.532,0.259,0.665,68.3,693305.37,5154570.4,693302.44,5154568.44,693309.27,5154580.19,391.44,,0,
kprcnn-nojitter-v1,Yakima-Toppenish_03_20260614,Yakima (arid),trained,1,1,60,480,0,0.07811,60.0,506.0,66.28,526.57,6.28,20.58,129.29,63.14,520.1,64.8,515.79,61.16,526.41,-3.4998,-0.8468,-4.7288,-3.0251,6.61,19.83,4.62,11.226,0.412,0.282,252.5,693309.43,5154515.69,693314.39,5154528.63,693303.47,5154496.77,432.83,,0,
kprcnn-nojitter-v1,Yakima-Toppenish_03_20260614,Yakima (arid),trained,1,1,660,480,1,0.06023,686.24,518.33,696.47,528.0,10.22,9.67,98.83,689.37,521.5,691.68,525.5,688.06,520.5,2.0281,0.0418,-10.1865,-2.7055,1.655,4.97,4.618,6.177,0.748,1.793,142.8,695188.12,5154511.5,695195.05,5154499.5,695184.17,5154514.5,711.48,,0,
kprcnn-nojitter-v1,Yakima-Toppenish_03_20260614,Yakima (arid),trained,1,1,690,480,1,0.09674,700.45,480.0,711.77,488.1,11.32,8.1,91.65,706.27,481.46,705.61,482.43,709.6,481.46,-7.9387,-0.8813,-1.5472,-3.4558,3.328,9.98,1.178,4.11,0.287,0.972,0.0,695238.82,5154631.63,695236.82,5154628.71,695248.81,5154631.63,817.94,,0,
kprcnn-nojitter-v1,Yakima-Toppenish_03_20260614,Yakima (arid),trained,1,1,30,510,1,0.17376,55.56,510.82,71.16,521.94,15.6,11.12,173.55,58.05,517.2,65.02,515.56,58.05,517.85,-2.4729,-1.0468,-6.5866,-3.3688,0.654,1.96,7.162,7.339,0.976,6.972,270.0,693294.15,5154524.4,693315.07,5154529.31,693294.15,5154522.44,432.31,,0,
kprcnn-nojitter-v1,Yakima-Toppenish_03_20260614,Yakima (arid),trained,1,1,30,510,0,0.11972,54.14,510.0,68.52,517.42,14.38,7.42,106.69,57.25,515.97,61.82,511.45,56.92,515.97,-4.4046,-0.6628,-5.741,-3.6028,0.327,0.98,6.429,6.665,0.965,4.516,180.0,693291.74,5154528.1,693305.46,5154541.65,693290.76,5154528.1,418.32,,0,
kprcnn-nojitter-v1,Yakima-Toppenish_03_20260614,Yakima (arid),trained,1,1,30,510,0,0.07671,63.06,529.27,78.0,547.98,14.94,18.71,279.47,66.88,533.7,71.86,537.31,74.18,547.81,0.0139,-1.2522,-8.1348,-3.1244,15.892,47.67,6.15,10.758,0.572,2.763,297.4,693320.64,5154474.9,693335.58,5154464.07,693342.55,5154432.56,500.41,,0,
kprcnn-nojitter-v1,Yakima-Toppenish_03_20260614,Yakima (arid),trained,1,1,30,510,0,0.05457,57.79,512.05,66.73,519.34,8.94,7.29,65.15,66.57,515.2,64.91,515.53,57.96,517.52,-4.7734,-1.2802,-7.4625,-4.5054,8.914,26.74,1.688,7.23,0.233,0.111,195.1,693319.7,5154530.4,693314.73,5154529.4,693293.88,5154523.44,432.15,,0,
kprcnn-nojitter-v1,Yakima-Toppenish_03_20260614,Yakima (arid),trained,1,1,60,510,1,0.25738,61.04,516.61,70.71,524.15,9.67,7.54,72.91,62.82,521.04,66.36,518.08,62.82,521.04,-3.564,-1.4914,-7.4705,-4.1753,0.0,0.0,4.613,4.613,1.0,0.0,0.0,693308.45,5154512.89,693319.09,5154521.75,693308.45,5154512.89,440.54,,0,
kprcnn-nojitter-v1,Yakima-Toppenish_03_20260614,Yakima (arid),trained,1,1,60,510,0,0.19966,60.18,512.31,69.62,522.89,9.44,10.58,99.92,62.94,520.74,65.55,516.77,69.46,516.44,-3.4322,-0.0106,-7.0679,-3.5036,7.803,23.41,4.747,3.922,1.21,1.877,33.4,693308.83,5154513.78,693316.65,5154525.69,693328.37,5154526.68,436.18,,0,
kprcnn-nojitter-v1,Yakima-Toppenish_03_20260614,Yakima (arid),trained,1,1,60,510,0,0.10494,63.32,531.85,78.97,543.22,15.65,11.37,177.87,66.82,533.96,71.81,538.18,76.14,539.81,0.1122,-0.8834,-8.8349,-3.202,11.004,33.01,6.54,4.623,1.415,0.924,327.9,693320.46,5154474.11,693335.44,5154461.45,693348.43,5154456.58,502.94,,0,
kprcnn-nojitter-v1,Yakima-Toppenish_03_20260614,Yakima (arid),trained,1,1,60,510,0,0.0926,80.07,551.8,98.24,558.0,18.16,6.2,112.59,83.21,555.88,88.49,556.21,96.75,555.88,-4.7534,1.6344,-6.0576,-3.0589,13.539,40.62,5.294,8.262,0.641,0.326,0.0,693369.63,5154408.36,693385.48,5154407.38,693410.25,5154408.36,567.77,,0,
kprcnn-nojitter-v1,Yakima-Toppenish_03_20260614,Yakima (arid),trained,1,1,60,510,0,0.08115,99.91,510.0,108.0,520.86,8.09,10.86,87.88,103.95,511.81,105.9,514.11,104.92,519.05,-8.0243,-3.5075,0.0048,-3.8423,7.303,21.91,3.013,5.03,0.599,1.619,277.6,693431.86,5154540.57,693437.69,5154533.66,693434.77,5154518.86,469.0,,0,
kprcnn-nojitter-v1,Yakima-Toppenish_03_20260614,Yakima (arid),trained,1,1,60,510,0,0.07603,60.04,510.0,70.22,513.19,10.19,3.19,32.53,61.84,510.16,62.5,511.12,66.12,511.12,-5.3651,-0.5747,-8.359,-4.7663,4.379,13.14,1.162,3.615,0.321,0.791,347.4,693305.53,5154545.52,693307.5,5154542.65,693318.35,5154542.65,417.73,,0,
kprcnn-nojitter-v1,Yakima-Toppenish_03_20260614,Yakima (arid),trained,1,1,60,510,0,0.06287,83.32,550.49,93.1,558.0,9.78,7.51,73.41,85.77,550.65,88.7,556.2,85.44,550.65,-2.397,2.1748,-7.2074,-2.4766,0.326,0.98,6.278,6.436,0.975,5.551,180.0,693377.3,5154424.04,693386.1,5154407.39,693376.32,5154424.04,567.94,,0,
kprcnn-nojitter-v1,Yakima-Toppenish_03_20260614,Yakima (arid),trained,1,1,60,510,0,0.06137,60.54,512.55,66.2,521.0,5.66,8.44,47.78,63.37,520.51,65.36,516.29,63.03,520.83,-4.9748,-1.9918,-8.7819,-5.2495,0.465,1.4,4.67,5.109,0.914,1.627,224.3,693310.1,5154514.47,693316.09,5154527.13,693309.1,5154513.5,434.65,,0,
kprcnn-nojitter-v1,Yakima-Toppenish_03_20260614,Yakima (arid),trained,1,1,60,510,0,0.05248,60.13,510.0,63.8,522.82,3.67,12.82,47.03,62.43,510.16,61.51,511.48,60.9,522.65,-5.7093,-0.6531,-6.9374,-4.4333,12.583,37.75,1.603,11.191,0.143,0.751,263.0,693307.28,5154545.51,693304.53,5154541.56,693302.69,5154508.04,418.23,,0,
kprcnn-nojitter-v1,Yakima-Toppenish_03_20260614,Yakima (arid),trained,1,1,660,510,1,0.51786,689.93,526.47,698.34,540.45,8.41,13.98,117.61,692.68,528.97,693.97,532.96,697.53,539.29,2.051,2.4632,-1.4154,1.0329,11.403,34.21,4.199,7.257,0.579,0.529,295.2,695198.03,5154489.09,695201.92,5154477.11,695212.59,5154458.14,688.22,,0,
kprcnn-nojitter-v1,Yakima-Toppenish_03_20260614,Yakima (arid),trained,1,1,660,510,0,0.07668,679.66,510.02,699.64,513.4,19.98,3.38,67.5,683.16,511.1,689.48,511.4,696.48,511.4,0.4451,-2.7461,-5.1105,-2.4705,13.326,39.98,6.336,6.994,0.906,0.161,358.7,695169.47,5154542.71,695188.45,5154541.79,695209.43,5154541.79,752.93,,0,
kprcnn-nojitter-v1,Yakima-Toppenish_03_20260614,Yakima (arid),trained,1,1,690,510,1,0.73564,690.07,525.78,699.99,542.06,9.93,16.28,161.62,692.22,528.94,694.2,532.59,697.51,539.24,2.1579,3.1674,-0.0414,1.7613,11.581,34.74,4.159,7.424,0.56,0.095,297.2,695196.66,5154489.19,695202.61,5154478.23,695212.54,5154458.29,688.97,,0,
kprcnn-nojitter-v1,Yakima-Toppenish_03_20260614,Yakima (arid),trained,1,1,690,510,0,0.07798,690.0,514.55,690.48,532.93,0.48,18.38,8.81,690.36,529.81,690.36,524.89,690.12,529.16,1.6141,-2.8267,-9.0388,-3.4171,0.699,2.1,4.924,4.274,1.152,1.688,110.0,695191.08,5154486.56,695191.08,5154501.33,695190.36,5154488.53,714.76,,0,
kprcnn-nojitter-v1,Yakima-Toppenish_03_20260614,Yakima (arid),trained,1,1,690,510,0,0.05604,691.79,527.27,698.98,538.05,7.19,10.78,77.48,692.93,529.39,694.24,532.66,697.51,537.88,1.4216,1.3022,-3.4335,-0.2366,9.645,28.94,3.518,6.163,0.571,0.398,298.3,695198.8,5154487.82,695202.73,5154478.03,695212.53,5154462.35,688.73,,0,
kprcnn-nojitter-v1,Yakima-Toppenish_03_20260614,Yakima (arid),trained,1,1,690,510,0,0.05236,691.91,510.0,698.97,511.95,7.06,1.95,13.8,696.57,511.14,696.57,511.14,694.32,510.49,-1.6069,-7.6912,-4.6912,-4.6631,2.339,7.02,0.0,2.339,0.0,0.0,163.8,695209.7,5154542.58,695209.7,5154542.58,695202.96,5154544.53,745.65,,0,
kprcnn-nojitter-v1,Yakima-Toppenish_03_20260614,Yakima (arid),trained,1,1,690,510,0,0.05185,690.0,517.21,693.15,532.41,3.15,15.2,47.92,691.73,529.6,691.42,525.3,690.16,522.0,3.4242,-1.1415,-8.9578,-2.2251,7.76,23.28,4.306,3.536,1.218,0.564,101.7,695195.2,5154487.21,695194.26,5154500.09,695190.47,5154510.0,712.34,,0,
kprcnn-nojitter-v1,Yakima-Toppenish_03_20260614,Yakima (arid),trained,1,1,720,510,1,0.1692,737.56,537.97,752.06,547.45,14.5,9.48,137.49,751.24,538.79,745.3,542.71,740.03,542.06,-3.6904,0.0278,-1.8573,-1.84,11.672,35.01,7.112,5.313,1.339,2.105,196.3,695373.71,5154459.64,695355.91,5154447.86,695340.09,5154449.83,612.65,,0,
kprcnn-nojitter-v1,Yakima-Toppenish_03_20260614,Yakima (arid),trained,1,1,720,510,0,0.05485,720.0,551.73,722.18,558.0,2.18,6.27,13.66,720.47,555.85,720.78,554.53,720.16,556.51,0.9949,-5.1481,-8.7573,-4.3035,0.73,2.19,1.357,2.077,0.653,0.281,244.8,695281.4,5154408.44,695282.33,5154412.4,695280.47,5154406.46,598.3,,0,
kprcnn-nojitter-v1,Yakima-Toppenish_03_20260614,Yakima (arid),trained,1,1,30,540,1,0.32128,54.24,568.57,64.1,579.65,9.86,11.08,109.23,63.93,579.49,59.33,573.62,61.96,579.49,-7.5566,0.1387,-5.1808,-4.1996,1.971,5.91,7.455,6.429,1.16,5.867,180.0,693311.79,5154337.54,693298.0,5154355.14,693305.88,5154337.54,601.58,,0,
kprcnn-nojitter-v1,Yakima-Toppenish_03_20260614,Yakima (arid),trained,1,1,30,540,0,0.29336,63.4,566.39,77.39,578.36,13.98,11.97,167.44,74.89,574.54,70.89,572.87,73.56,568.88,0.7907,2.1036,-5.1441,-0.7499,5.809,17.43,4.327,4.799,0.902,3.507,103.3,693344.67,5154352.39,693332.68,5154357.38,693340.67,5154369.36,604.47,,0,
kprcnn-nojitter-v1,Yakima-Toppenish_03_20260614,Yakima (arid),trained,1,1,30,540,0,0.10112,71.41,540.0,78.0,548.96,6.59,8.96,59.0,73.22,540.17,75.86,542.49,75.86,548.79,-5.7962,-0.0829,-7.6111,-4.4968,9.018,27.05,3.512,6.302,0.557,1.841,287.0,693339.67,5154455.5,693347.58,5154448.54,693347.58,5154429.63,518.25,,0,
kprcnn-nojitter-v1,Yakima-Toppenish_03_20260614,Yakima (arid),trained,1,1,60,540,1,0.19484,87.02,553.46,97.87,567.96,10.85,14.5,157.39,90.14,562.19,94.09,562.52,90.8,564.83,-3.7737,0.7478,-7.6475,-3.5578,2.717,8.15,3.961,4.018,0.986,3.75,284.0,693390.43,5154389.43,693402.27,5154388.44,693392.4,5154381.52,590.75,,0,
kprcnn-nojitter-v1,Yakima-Toppenish_03_20260614,Yakima (arid),trained,1,1,60,540,0,0.14912,89.51,560.87,104.2,571.62,14.69,10.75,157.89,93.92,568.53,94.57,562.99,92.29,566.58,-3.3962,-0.1695,-7.0645,-3.5434,2.546,7.64,5.577,4.25,1.312,4.05,129.9,693401.76,5154370.41,693403.71,5154387.02,693396.86,5154376.27,592.53,,0,
kprcnn-nojitter-v1,Yakima-Toppenish_03_20260614,Yakima (arid),trained,1,1,60,540,0,0.14148,100.98,573.13,108.0,581.4,7.02,8.27,58.05,101.14,575.28,105.61,576.6,105.93,573.29,-6.6926,-1.3572,-7.6884,-5.246,5.179,15.54,4.657,3.325,1.401,2.934,22.5,693423.43,5154350.16,693436.82,5154346.19,693437.78,5154356.12,641.69,,0,
kprcnn-nojitter-v1,Yakima-Toppenish_03_20260614,Yakima (arid),trained,1,1,60,540,0,0.08211,89.21,558.66,100.93,568.73,11.72,10.07,117.97,90.02,562.07,94.25,562.72,91.32,565.64,-4.8419,0.8179,-6.8446,-3.6229,3.802,11.41,4.282,4.138,1.035,3.754,290.0,693390.07,5154389.79,693402.76,5154387.84,693393.97,5154379.07,591.47,,0,
kprcnn-nojitter-v1,Yakima-Toppenish_03_20260614,Yakima (arid),trained,1,1,60,540,0,0.08111,95.15,560.15,100.72,574.67,5.57,14.52,80.88,100.56,569.22,97.28,565.93,96.95,560.32,-7.1432,-0.169,-6.701,-4.6711,9.61,28.83,4.65,5.618,0.828,1.8,112.0,693421.68,5154368.33,693411.85,5154378.22,693410.86,5154395.05,603.38,,0,
kprcnn-nojitter-v1,Yakima-Toppenish_03_20260614,Yakima (arid),trained,1,1,60,540,0,0.07607,95.61,564.63,105.69,575.92,10.08,11.29,113.86,97.72,564.79,100.0,569.11,100.65,564.79,-6.8719,-0.3589,-7.6973,-4.9761,2.927,8.78,4.882,4.367,1.118,4.319,0.0,693413.17,5154381.62,693420.0,5154368.67,693421.95,5154381.62,615.0,,0,
kprcnn-nojitter-v1,Yakima-Toppenish_03_20260614,Yakima (arid),trained,1,1,90,540,1,0.2094,102.91,574.57,114.47,587.81,11.56,13.24,153.06,110.67,585.32,109.35,581.35,103.74,586.32,-2.6702,-1.2309,-3.6245,-2.5086,7.006,21.02,4.186,7.495,0.559,4.12,188.1,693452.02,5154320.03,693448.05,5154331.95,693431.21,5154317.05,658.86,,0,
kprcnn-nojitter-v1,Yakima-Toppenish_03_20260614,Yakima (arid),trained,1,1,90,540,0,0.20625,90.85,562.88,101.01,570.4,10.16,7.52,76.35,92.98,568.6,97.9,566.64,98.88,563.05,-3.8961,-0.8633,-7.3475,-4.0356,8.103,24.31,5.292,3.727,1.42,1.943,43.3,693398.94,5154370.19,693413.69,5154376.08,693416.64,5154386.86,605.99,,0,
kprcnn-nojitter-v1,Yakima-Toppenish_03_20260614,Yakima (arid),trained,1,1,90,540,0,0.16188,98.28,569.02,109.99,581.07,11.71,12.05,141.1,98.45,580.91,103.32,573.74,98.45,580.26,-6.9571,-1.3087,-3.5098,-3.9252,0.651,1.95,8.669,8.139,1.065,4.878,90.0,693415.34,5154333.27,693429.97,5154354.77,693415.34,5154335.22,631.35,,0,
kprcnn-nojitter-v1,Yakima-Toppenish_03_20260614,Yakima (arid),trained,1,1,90,540,0,0.15376,95.84,566.64,108.24,578.43,12.4,11.79,146.2,98.94,566.81,103.18,573.36,96.0,578.27,-8.214,-1.4377,-6.9694,-5.5404,11.83,35.49,7.803,8.7,0.897,5.736,255.6,693416.82,5154375.58,693429.55,5154355.93,693408.01,5154341.2,630.12,,0,
kprcnn-nojitter-v1,Yakima-Toppenish_03_20260614,Yakima (arid),trained,1,1,90,540,0,0.12107,90.0,553.9,100.71,568.48,10.71,14.57,156.05,90.16,562.02,91.46,559.7,93.41,568.31,-5.5982,-0.013,-7.719,-4.4434,7.081,21.24,2.657,8.829,0.301,2.216,297.3,693390.49,5154389.94,693394.38,5154396.9,693400.22,5154371.06,580.35,,0,
kprcnn-nojitter-v1,Yakima-Toppenish_03_20260614,Yakima (arid),trained,1,1,90,540,0,0.08967,93.69,563.74,112.13,586.48,18.43,22.74,419.15,111.96,586.32,102.75,573.13,98.14,580.06,-6.3336,-2.9282,-3.0014,-4.0877,15.176,45.53,16.085,8.315,1.935,8.206,155.6,693455.88,5154317.05,693428.24,5154356.6,693414.41,5154335.83,629.06,,0,
kprcnn-nojitter-v1,Yakima-Toppenish_03_20260614,Yakima (arid),trained,1,1,90,540,0,0.06479,94.57,565.48,103.47,573.9,8.9,8.42,74.93,97.7,565.64,100.67,570.18,103.3,568.56,-6.7076,-0.7638,-7.7624,-5.0779,6.317,18.95,5.418,3.095,1.751,2.653,332.5,693413.09,5154379.07,693422.0,5154365.47,693429.91,5154370.33,618.67,,0,
kprcnn-nojitter-v1,Yakima-Toppenish_03_20260614,Yakima (arid),trained,1,1,90,540,0,0.06104,101.15,570.13,111.76,584.96,10.61,14.83,157.35,111.6,584.79,105.96,576.56,101.32,584.79,-5.5198,-2.394,-7.1138,-5.0092,10.28,30.84,9.982,9.456,1.056,8.237,180.0,693454.79,5154321.62,693437.88,5154346.33,693423.95,5154321.62,641.9,,0,
kprcnn-nojitter-v1,Yakima-Toppenish_03_20260614,Yakima (arid),trained,1,1,90,540,0,0.06066,102.14,579.73,117.45,587.28,15.31,7.55,115.56,110.96,585.81,109.3,581.54,103.64,586.13,-5.127,-1.7113,-3.6924,-3.5102,7.329,21.99,4.58,7.288,0.628,4.337,182.6,693452.88,5154318.58,693447.89,5154331.38,693430.92,5154317.6,659.33,,0,
kprcnn-nojitter-v1,Yakima-Toppenish_03_20260614,Yakima (arid),trained,1,1,660,540,1,0.33965,697.24,541.46,708.0,554.83,10.76,13.37,143.9,700.01,543.91,701.64,547.17,705.55,553.69,0.8389,1.0741,-1.5409,0.124,11.245,33.74,3.646,7.607,0.479,0.189,299.5,695220.03,5154444.27,695224.92,5154434.49,695236.66,5154414.92,639.95,,0,
kprcnn-nojitter-v1,Yakima-Toppenish_03_20260614,Yakima (arid),trained,1,1,690,540,1,0.17292,697.08,540.03,706.48,552.85,9.4,12.82,120.5,700.16,543.81,701.78,547.1,698.54,540.53,0.9776,0.8756,-2.1211,-0.0893,3.664,10.99,3.664,7.328,0.5,0.0,116.3,695220.48,5154444.56,695225.34,5154434.7,695215.62,5154454.42,639.97,,0,
kprcnn-nojitter-v1,Yakima-Toppenish_03_20260614,Yakima (arid),trained,1,1,690,540,0,0.09174,694.75,540.15,702.88,544.31,8.13,4.16,33.87,699.79,543.51,698.81,543.19,698.16,540.95,0.5662,-7.1478,-0.5467,-2.3761,3.035,9.1,1.027,2.334,0.44,0.652,122.4,695219.37,5154445.47,695216.44,5154446.43,695214.49,5154453.15,654.29,,0,
kprcnn-nojitter-v1,Yakima-Toppenish_03_20260614,Yakima (arid),trained,1,1,720,540,1,0.29197,735.05,540.0,753.88,543.27,18.84,3.27,61.51,752.06,540.82,746.45,541.8,738.52,541.14,-3.0525,-0.9789,-0.5893,-1.5402,13.552,40.66,5.702,7.958,0.717,0.844,181.4,695376.19,5154453.55,695359.34,5154450.61,695335.55,5154452.57,614.65,,0,
kprcnn-nojitter-v1,Yakima-Toppenish_03_20260614,Yakima (arid),trained,1,1,720,540,0,0.20071,737.12,540.0,752.63,541.45,15.51,1.45,22.55,751.81,540.44,746.53,541.02,739.93,541.02,-5.1568,-2.8991,-1.1809,-3.0789,11.896,35.69,5.313,6.601,0.805,0.323,182.8,695375.42,5154454.69,695359.58,5154452.95,695339.78,5154452.95,616.89,,0,
kprcnn-nojitter-v1,Yakima-Toppenish_03_20260614,Yakima (arid),trained,1,1,720,540,0,0.12162,735.09,582.81,752.81,588.0,17.71,5.19,91.88,749.69,585.57,745.1,585.57,735.26,586.54,-1.6076,0.1738,-4.3413,-1.925,14.465,43.4,4.592,9.888,0.464,0.309,183.9,695369.07,5154319.29,695355.29,5154319.29,695325.77,5154316.38,487.68,,0,
kprcnn-nojitter-v1,Yakima-Toppenish_03_20260614,Yakima (arid),trained,1,1,720,540,0,0.11076,737.16,540.0,753.78,547.28,16.62,7.28,120.93,752.28,540.83,746.3,542.81,739.98,541.82,-3.5776,0.0307,-0.5882,-1.3784,12.339,37.02,6.304,6.393,0.986,1.497,184.6,695376.85,5154453.52,695358.9,5154447.57,695339.95,5154450.54,611.75,,0,
kprcnn-nojitter-v1,Yakima-Toppenish_03_20260614,Yakima (arid),trained,1,1,750,540,1,0.05027,750.02,540.0,750.85,541.24,0.83,1.24,1.02,750.44,540.77,750.44,540.77,750.44,540.46,-6.2862,-10.4252,-8.6858,-8.4657,0.309,0.93,0.0,0.309,0.0,0.0,90.0,695371.31,5154453.68,695371.31,5154453.68,695371.31,5154454.61,615.4,,0,
kprcnn-nojitter-v1,Yakima-Toppenish_03_20260614,Yakima (arid),trained,1,1,30,570,1,0.12681,66.97,570.0,77.3,579.49,10.33,9.49,98.04,75.47,573.76,70.8,573.76,75.47,576.71,0.7028,0.6818,-6.7055,-1.7736,2.945,8.84,4.666,5.517,0.846,4.666,270.0,693346.4,5154354.71,693332.4,5154354.71,693346.4,5154345.88,607.05,,0,
kprcnn-nojitter-v1,Yakima-Toppenish_03_20260614,Yakima (arid),trained,1,1,30,570,0,0.09821,59.54,570.0,76.78,575.29,17.23,5.29,91.08,73.96,571.82,70.64,573.47,65.01,571.49,0.0871,1.6187,-5.8134,-1.3692,8.954,26.86,3.703,5.972,0.62,1.773,177.9,693341.88,5154360.55,693331.93,5154355.59,693315.03,5154361.54,606.1,,0,
kprcnn-nojitter-v1,Yakima-Toppenish_03_20260614,Yakima (arid),trained,1,1,30,570,0,0.09681,70.01,570.11,77.55,576.79,7.54,6.68,50.38,75.42,573.45,71.16,573.77,73.78,571.54,-0.2607,-0.6218,-4.995,-1.9592,2.516,7.55,4.275,3.441,1.242,3.441,130.7,693346.26,5154355.65,693333.47,5154354.7,693341.34,5154361.38,607.25,,0,
kprcnn-nojitter-v1,Yakima-Toppenish_03_20260614,Yakima (arid),trained,1,1,60,570,1,0.16032,96.13,570.0,108.0,578.64,11.87,8.64,102.56,101.9,570.17,101.57,571.5,97.29,578.48,-6.5899,0.8482,-7.4397,-4.3938,9.505,28.51,1.37,8.19,0.167,0.357,240.9,693425.7,5154365.5,693424.71,5154361.51,693411.86,5154340.57,623.28,,0,
kprcnn-nojitter-v1,Yakima-Toppenish_03_20260614,Yakima (arid),trained,1,1,60,570,0,0.14636,99.41,570.0,108.0,584.12,8.59,14.12,121.29,102.22,570.16,101.89,571.48,99.58,581.0,-6.2262,0.2591,-7.0341,-4.3337,11.155,33.46,1.355,9.8,0.138,0.01,256.3,693426.66,5154365.51,693425.67,5154361.57,693418.73,5154333.0,623.53,,0,
kprcnn-nojitter-v1,Yakima-Toppenish_03_20260614,Yakima (arid),trained,1,1,60,570,0,0.09462,101.99,574.38,108.0,582.87,6.01,8.49,51.05,105.94,576.17,105.63,576.83,105.94,582.7,-8.0558,-1.925,-8.1137,-6.0315,6.53,19.59,0.726,5.886,0.123,0.316,270.0,693437.83,5154347.48,693436.88,5154345.52,693437.83,5154327.89,642.34,,0,
kprcnn-nojitter-v1,Yakima-Toppenish_03_20260614,Yakima (arid),trained,1,1,60,570,0,0.06533,63.26,570.0,74.87,573.67,11.61,3.67,42.6,73.71,570.76,71.39,571.38,65.75,570.76,-3.6573,0.3847,-5.57,-2.9475,7.961,23.88,2.401,5.672,0.423,0.612,180.0,693341.14,5154363.71,693334.18,5154361.87,693317.26,5154363.71,600.31,,0,
kprcnn-nojitter-v1,Yakima-Toppenish_03_20260614,Yakima (arid),trained,1,1,90,570,1,0.2308,97.46,570.0,108.1,581.54,10.64,11.54,122.72,101.95,570.16,101.61,571.48,98.95,580.38,-6.0833,0.067,-3.5513,-3.1892,10.646,31.94,1.36,9.288,0.146,0.051,253.7,693425.84,5154365.51,693424.84,5154361.55,693416.86,5154334.85,623.28,,0,
kprcnn-nojitter-v1,Yakima-Toppenish_03_20260614,Yakima (arid),trained,1,1,90,570,0,0.20041,96.57,570.0,106.11,576.34,9.54,6.34,60.46,102.0,570.16,101.34,571.43,105.94,572.38,-6.3964,0.5401,-7.8327,-4.563,4.528,13.58,1.428,4.702,0.304,1.427,330.7,693425.99,5154365.52,693424.01,5154361.72,693437.83,5154358.87,622.86,,0,
kprcnn-nojitter-v1,Yakima-Toppenish_03_20260614,Yakima (arid),trained,1,1,90,570,0,0.16334,105.46,591.15,122.64,603.38,17.18,12.23,210.15,105.63,595.61,113.89,596.93,110.58,600.9,-5.6986,-3.1513,0.9498,-2.6333,7.248,21.75,8.365,5.163,1.62,5.123,313.1,693436.88,5154289.17,693461.66,5154285.2,693451.75,5154273.3,707.46,,0,
kprcnn-nojitter-v1,Yakima-Toppenish_03_20260614,Yakima (arid),trained,1,1,90,570,0,0.12997,94.69,570.0,113.1,583.86,18.41,13.86,255.16,109.32,573.13,101.43,571.81,98.47,580.72,-5.028,-1.332,-1.9806,-2.7802,13.241,39.72,8.001,9.388,0.852,5.604,215.0,693447.96,5154356.6,693424.29,5154360.56,693415.41,5154333.83,624.05,,0,
kprcnn-nojitter-v1,Yakima-Toppenish_03_20260614,Yakima (arid),trained,1,1,90,570,0,0.08257,106.38,596.59,125.97,604.4,19.59,7.81,153.06,125.81,600.66,118.83,601.31,109.87,600.98,-7.0087,-4.653,1.4203,-3.4138,15.945,47.83,7.005,8.973,0.781,0.508,181.2,693497.43,5154274.02,693476.5,5154272.07,693449.6,5154273.05,724.84,,0,
kprcnn-nojitter-v1,Yakima-Toppenish_03_20260614,Yakima (arid),trained,1,1,90,570,0,0.07309,98.6,571.14,105.7,579.05,7.1,7.91,56.15,101.99,571.31,102.95,573.29,101.99,571.31,-5.7343,-1.43,-8.1684,-5.1109,0.0,0.0,2.202,2.202,1.0,0.0,0.0,693425.96,5154362.08,693428.86,5154356.14,693425.96,5154362.08,629.69,,0,
kprcnn-nojitter-v1,Yakima-Toppenish_03_20260614,Yakima (arid),trained,1,1,90,570,0,0.06358,97.8,577.1,115.14,582.4,17.33,5.3,91.79,97.97,580.91,108.1,579.92,97.97,580.58,-7.9401,-2.3139,-2.9868,-4.4136,0.331,0.99,10.187,10.16,1.003,10.138,90.0,693413.9,5154333.27,693444.31,5154336.25,693413.9,5154334.26,653.55,,0,
kprcnn-nojitter-v1,Yakima-Toppenish_03_20260614,Yakima (arid),trained,1,1,90,570,0,0.0541,105.87,575.08,114.38,586.31,8.51,11.23,95.6,108.98,580.53,108.98,580.86,110.62,586.14,-8.1878,-2.355,-7.8814,-6.1414,5.849,17.55,0.33,5.533,0.06,0.092,286.3,693446.94,5154334.42,693446.94,5154333.43,693451.85,5154317.58,657.08,,0,
kprcnn-nojitter-v1,Yakima-Toppenish_03_20260614,Yakima (arid),trained,1,1,90,570,0,0.05002,101.64,571.58,111.48,583.17,9.84,11.59,114.01,101.8,571.75,106.07,577.04,101.8,571.75,-6.6721,-2.6209,-7.6048,-5.6326,0.0,0.0,6.8,6.8,1.0,0.0,0.0,693425.41,5154360.76,693438.2,5154344.87,693425.41,5154360.76,643.39,,0,
kprcnn-nojitter-v1,Yakima-Toppenish_03_20260614,Yakima (arid),trained,1,1,90,600,1,0.09039,105.22,600.18,125.03,603.49,19.81,3.31,65.49,124.21,601.01,118.59,602.0,111.33,601.34,-2.7419,-5.0392,0.3277,-2.4845,12.882,38.65,5.7,7.294,0.781,0.847,181.5,693492.62,5154272.98,693475.78,5154270.0,693453.99,5154271.98,726.53,,0,
kprcnn-nojitter-v1,Yakima-Toppenish_03_20260614,Yakima (arid),trained,1,1,120,600,1,0.06406,148.61,639.21,167.86,648.0,19.25,8.79,169.13,151.77,644.26,158.4,644.26,151.77,642.95,-3.0554,-2.0787,-2.2741,-2.4694,1.302,3.91,6.637,6.763,0.981,6.637,90.0,693575.3,5154143.23,693595.21,5154143.23,693575.3,5154147.14,889.23,,0,
kprcnn-nojitter-v1,Yakima-Toppenish_03_20260614,Yakima (arid),trained,1,1,150,600,1,0.90712,161.8,630.8,172.76,641.14,10.95,10.34,113.23,163.96,633.87,166.95,635.81,170.27,638.72,0.9761,3.0933,-0.8133,1.0854,7.953,23.86,3.561,4.412,0.807,0.283,322.4,693611.89,5154174.38,693620.85,5154168.56,693630.8,5154159.84,877.46,,0,
kprcnn-nojitter-v1,Yakima-Toppenish_03_20260614,Yakima (arid),trained,1,1,750,600,1,0.10703,750.03,641.41,766.72,647.9,16.69,6.49,108.34,752.81,645.14,759.69,644.49,763.94,646.11,-0.5058,-6.5512,-2.801,-3.286,11.17,33.51,6.903,4.553,1.516,1.246,355.0,695378.44,5154140.58,695399.06,5154142.53,695411.82,5154137.66,305.63,,0,
kprcnn-nojitter-v1,Yakima-Toppenish_03_20260614,Yakima (arid),trained,1,1,750,600,0,0.08853,788.09,614.34,798.0,630.68,9.91,16.35,162.02,795.19,628.23,794.86,622.35,790.24,627.58,-0.6896,-0.7514,-5.8392,-2.4267,4.998,15.0,5.894,6.983,0.844,5.791,172.5,695505.58,5154191.31,695504.58,5154208.96,695490.71,5154193.27,361.48,,0,
kprcnn-nojitter-v1,Yakima-Toppenish_03_20260614,Yakima (arid),trained,1,1,120,630,1,0.07441,160.6,630.67,168.0,640.96,7.4,10.29,76.13,163.98,633.82,165.91,635.82,161.73,630.84,1.7404,-2.7134,-6.593,-2.522,3.741,11.22,2.773,6.502,0.427,0.342,127.0,693611.94,5154174.53,693617.73,5154168.55,693605.19,5154183.49,876.07,,0,
kprcnn-nojitter-v1,Yakima-Toppenish_03_20260614,Yakima (arid),trained,1,1,150,630,1,0.7564,161.29,630.75,172.1,641.75,10.81,11.0,118.83,163.75,633.58,166.7,635.92,169.97,639.25,0.6116,2.0748,-0.9378,0.5829,8.415,25.24,3.759,4.672,0.805,0.259,317.7,693611.25,5154175.25,693620.1,5154168.25,693629.92,5154158.26,877.4,,0,
kprcnn-nojitter-v1,Yakima-Toppenish_03_20260614,Yakima (arid),trained,1,1,150,630,0,0.06056,160.14,630.0,168.76,634.81,8.62,4.81,41.47,163.95,633.37,166.61,634.65,161.96,631.44,0.6674,-4.9416,-5.4521,-3.2421,2.768,8.3,2.947,5.643,0.522,0.922,136.0,693611.86,5154175.9,693619.82,5154172.06,693605.89,5154181.67,873.88,,0,
kprcnn-nojitter-v1,Yakima-Toppenish_03_20260614,Yakima (arid),trained,1,1,180,630,1,0.18953,197.98,663.06,208.29,678.0,10.31,14.94,154.01,207.79,669.53,205.8,673.18,200.14,675.18,-3.2594,-4.2223,0.458,-2.3412,9.505,28.51,4.162,5.992,0.695,1.754,216.4,693743.37,5154067.41,693737.39,5154056.45,693720.43,5154050.47,1031.39,,0,
kprcnn-nojitter-v1,Yakima-Toppenish_03_20260614,Yakima (arid),trained,1,1,180,630,0,0.06699,194.2,666.72,213.7,677.95,19.51,11.23,219.05,209.57,669.19,206.27,673.82,200.32,675.14,-3.478,-3.3904,-0.3105,-2.393,11.002,33.0,5.684,6.096,0.933,2.104,212.7,693748.72,5154068.42,693738.8,5154054.55,693720.95,5154050.58,1033.74,,0,
kprcnn-nojitter-v1,Yakima-Toppenish_03_20260614,Yakima (arid),trained,1,1,210,630,1,0.36793,226.99,651.86,236.22,669.09,9.23,17.23,158.99,234.4,657.99,230.12,658.98,231.44,666.27,-8.4546,-3.903,2.7338,-3.2079,8.798,26.4,4.398,7.408,0.594,3.698,250.3,693823.21,5154102.04,693810.35,5154099.06,693814.31,5154077.19,1033.96,,0,
kprcnn-nojitter-v1,Yakima-Toppenish_03_20260614,Yakima (arid),trained,1,1,720,630,1,0.40682,738.93,669.37,747.81,678.0,8.88,8.63,76.59,741.73,671.86,743.04,675.18,740.41,671.2,2.111,1.0076,-10.1205,-2.334,1.473,4.42,3.57,4.773,0.748,2.37,153.2,695345.18,5154060.42,695349.12,5154050.46,695341.23,5154062.41,241.7,,0,
kprcnn-nojitter-v1,Yakima-Toppenish_03_20260614,Yakima (arid),trained,1,1,720,630,0,0.12929,746.69,630.0,761.23,634.56,14.55,4.56,66.28,758.09,631.14,751.81,631.14,758.75,633.74,-0.8709,0.6629,-4.3849,-1.531,2.686,8.06,6.281,7.415,0.847,6.088,284.2,695394.27,5154182.58,695375.43,5154182.58,695396.26,5154174.77,350.78,,0,
kprcnn-nojitter-v1,Yakima-Toppenish_03_20260614,Yakima (arid),trained,1,1,720,630,0,0.06202,753.51,655.49,763.58,667.03,10.07,11.54,116.22,757.57,657.63,758.87,660.6,761.47,665.22,0.9811,-0.2215,-7.0711,-2.1038,8.526,25.58,3.239,5.297,0.612,0.201,297.2,695392.71,5154103.1,695396.61,5154094.2,695404.41,5154080.35,260.21,,0,
kprcnn-nojitter-v1,Yakima-Toppenish_03_20260614,Yakima (arid),trained,1,1,720,630,0,0.0553,750.83,647.28,759.85,660.48,9.02,13.2,119.04,757.43,658.0,755.82,653.71,753.89,649.42,1.0008,-0.4517,-8.8191,-2.7567,9.282,27.85,4.582,4.705,0.974,0.149,112.4,695392.3,5154101.99,695387.47,5154114.86,695381.67,5154127.73,282.72,,0,
kprcnn-nojitter-v1,Yakima-Toppenish_03_20260614,Yakima (arid),trained,1,1,750,630,1,0.23063,773.27,673.69,787.4,678.0,14.13,4.31,60.86,775.73,675.85,780.99,676.18,787.24,675.52,1.2527,0.7397,-4.8431,-0.9502,11.507,34.52,5.268,6.279,0.839,0.483,1.6,695447.2,5154048.46,695462.98,5154047.47,695481.71,5154049.45,200.1,,0,
kprcnn-nojitter-v1,Yakima-Toppenish_03_20260614,Yakima (arid),trained,1,1,750,630,0,0.06872,750.0,630.01,761.98,633.17,11.98,3.16,37.85,758.15,631.43,751.5,631.12,758.48,632.7,-2.5365,-0.6187,-3.2302,-2.1285,1.307,3.92,6.662,7.163,0.93,6.355,284.7,695394.45,5154181.7,695374.49,5154182.65,695395.45,5154177.91,351.12,,0,
kprcnn-nojitter-v1,Yakima-Toppenish_03_20260614,Yakima (arid),trained,1,1,780,630,1,0.07909,780.09,673.51,787.73,678.0,7.64,4.49,34.28,784.24,676.24,780.92,675.92,786.57,675.92,-3.7813,-0.69,-5.2934,-3.2549,2.347,7.04,3.336,5.646,0.591,0.771,7.9,695472.72,5154047.29,695462.76,5154048.25,695479.7,5154048.25,200.91,,0,
kprcnn-nojitter-v1,Yakima-Toppenish_03_20260614,Yakima (arid),trained,1,1,180,660,1,0.14443,197.38,662.98,208.26,677.45,10.88,14.47,157.55,207.77,669.39,202.49,669.72,199.85,674.66,-3.789,-3.34,0.638,-2.1636,9.506,28.52,5.288,5.595,0.945,2.648,213.6,693743.3,5154067.82,693727.46,5154066.83,693719.55,5154052.03,1017.46,,0,
kprcnn-nojitter-v1,Yakima-Toppenish_03_20260614,Yakima (arid),trained,1,1,210,660,1,0.17997,222.24,678.77,239.09,686.62,16.85,7.85,132.24,225.05,682.86,230.01,682.53,235.62,680.24,-4.9526,-1.9344,-3.3524,-3.4131,10.891,32.67,4.967,6.065,0.819,0.873,13.9,693795.16,5154027.42,693810.02,5154028.4,693826.87,5154035.27,1092.83,,0,
kprcnn-nojitter-v1,Yakima-Toppenish_03_20260614,Yakima (arid),trained,1,1,690,660,1,0.13612,710.04,678.88,720.75,694.57,10.72,15.69,168.21,712.15,682.31,715.4,684.93,718.64,691.47,-0.212,0.2342,-0.4545,-0.1441,11.225,33.68,4.17,7.301,0.571,1.135,305.4,695256.44,5154029.06,695266.19,5154021.22,695275.93,5154001.6,276.18,,0,
kprcnn-nojitter-v1,Yakima-Toppenish_03_20260614,Yakima (arid),trained,1,1,720,660,1,0.90039,738.46,669.05,746.76,683.36,8.3,14.31,118.75,741.28,671.55,742.94,675.21,744.6,680.2,3.5218,2.3901,-0.49,1.8073,9.267,27.8,4.019,5.26,0.764,0.238,291.0,695343.84,5154061.36,695348.82,5154050.38,695353.8,5154035.4,241.79,,0,
kprcnn-nojitter-v1,Yakima-Toppenish_03_20260614,Yakima (arid),trained,1,1,720,660,0,0.0614,759.41,668.2,767.94,681.57,8.53,13.37,114.11,766.14,679.12,764.17,673.58,762.53,669.67,0.113,-2.1156,-1.2233,-1.0753,10.123,30.37,5.883,4.243,1.386,0.137,110.9,695418.41,5154038.63,695412.5,5154055.26,695407.58,5154067.0,218.23,,0,
kprcnn-nojitter-v1,Yakima-Toppenish_03_20260614,Yakima (arid),trained,1,1,210,690,1,0.05933,230.04,690.0,244.96,694.86,14.92,4.86,72.56,230.21,691.13,238.83,692.76,241.15,690.81,-6.767,-7.434,-1.0429,-5.0813,10.946,32.84,8.772,3.028,2.897,1.876,1.7,693810.62,5154002.6,693836.48,5153997.73,693843.44,5154003.57,1132.91,,0,
kprcnn-nojitter-v1,Yakima-Toppenish_03_20260614,Yakima (arid),trained,1,1,210,690,0,0.0531,233.82,690.0,243.95,701.37,10.13,11.37,115.19,238.23,701.21,238.88,694.71,241.17,691.14,-7.8621,-5.5156,-1.5307,-4.9695,10.495,31.48,6.532,4.244,1.539,1.194,73.7,693834.69,5153972.36,693836.65,5153991.86,693843.51,5154002.59,1137.95,,0,
kprcnn-nojitter-v1,Yakima-Toppenish_03_20260614,Yakima (arid),trained,1,1,720,690,1,0.86431,734.66,723.57,743.03,737.62,8.36,14.05,117.51,740.29,726.35,739.01,729.94,737.4,735.17,0.6398,3.851,2.2299,2.2402,9.285,27.85,3.818,5.47,0.698,0.102,251.8,695340.88,5153896.95,695337.02,5153886.17,695332.2,5153870.48,149.35,,0,
kprcnn-nojitter-v1,Yakima-Toppenish_03_20260614,Yakima (arid),trained,1,1,720,690,0,0.1057,734.41,730.76,744.06,737.57,9.65,6.81,65.74,739.23,730.92,739.23,731.24,737.57,734.49,-7.8154,-2.6405,0.801,-3.2183,3.937,11.81,0.324,3.646,0.089,0.137,245.0,695337.7,5153883.24,695337.7,5153882.27,695332.71,5153872.54,147.75,,0,
kprcnn-nojitter-v1,Yakima-Toppenish_03_20260614,Yakima (arid),trained,1,1,750,690,1,0.62871,776.92,712.03,785.18,730.47,8.25,18.44,152.15,779.07,715.16,780.39,720.1,782.04,726.68,1.5382,1.0256,-1.5273,0.3455,11.901,35.7,5.112,6.789,0.753,0.046,284.5,695457.21,5153930.52,695461.17,5153915.71,695466.12,5153895.95,70.48,,0,
kprcnn-nojitter-v1,Yakima-Toppenish_03_20260614,Yakima (arid),trained,1,1,750,690,0,0.07328,779.77,726.23,787.74,737.32,7.97,11.09,88.31,784.59,735.2,784.26,731.94,782.26,727.04,1.592,-3.7906,-1.9498,-1.3828,8.477,25.43,3.278,5.281,0.621,0.575,105.9,695473.76,5153870.41,695472.77,5153880.19,695466.79,5153894.87,33.14,,0,
kprcnn-nojitter-v1,Yakima-Toppenish_03_20260614,Yakima (arid),trained,1,1,780,690,1,0.1326,780.31,723.49,785.32,736.06,5.01,12.57,63.0,784.54,734.24,783.6,730.6,782.66,726.96,0.1349,-5.8199,-0.5151,-2.0667,7.517,22.55,3.758,3.758,1.0,0.0,104.5,695473.61,5153873.28,695470.79,5153884.2,695467.98,5153895.12,37.53,,0,
kprcnn-nojitter-v1,Yakima-Toppenish_03_20260614,Yakima (arid),trained,1,1,780,690,0,0.07482,781.44,733.14,787.34,733.24,5.9,0.11,0.62,784.55,733.3,784.22,733.3,783.57,733.3,-0.0244,-7.39,-9.1307,-5.515,0.983,2.95,0.328,0.655,0.5,0.0,180.0,695473.65,5153876.09,695472.67,5153876.09,695470.7,5153876.09,29.23,,0,
kprcnn-nojitter-v1,Yakima-Toppenish_03_20260614,Yakima (arid),trained,1,1,780,690,0,0.06988,780.84,730.34,788.02,738.0,7.19,7.66,55.06,784.59,735.17,784.59,732.5,783.61,736.5,1.3653,-5.8064,-8.4247,-4.2886,1.654,4.96,2.665,4.116,0.648,1.579,233.7,695473.78,5153870.5,695473.78,5153878.49,695470.84,5153866.5,31.23,,0,
kprcnn-nojitter-v1,Yakima-Toppenish_03_20260614,Yakima (arid),trained,1,1,780,690,0,0.06944,780.0,714.57,783.87,726.41,3.87,11.84,45.86,780.48,714.74,780.48,719.34,782.42,726.25,-2.0714,0.1226,-3.2308,-1.7265,11.67,35.01,4.603,7.172,0.642,0.764,279.6,695461.45,5153931.78,695461.45,5153917.97,695467.26,5153897.26,72.57,,0,
kprcnn-nojitter-v1,Yakima-Toppenish_03_20260614,Yakima (arid),trained,1,1,240,720,1,0.10293,264.49,742.91,273.53,755.81,9.04,12.9,116.67,269.82,752.99,268.85,750.02,266.91,746.05,0.2,-0.6509,-2.7162,-1.0557,7.53,22.59,3.131,4.417,0.709,0.255,112.7,693929.46,5153817.02,693926.55,5153825.95,693920.74,5153837.86,1326.27,,0,
kprcnn-nojitter-v1,Yakima-Toppenish_03_20260614,Yakima (arid),trained,1,1,270,720,1,0.07172,270.02,720.26,272.76,733.23,2.74,12.96,35.55,271.09,726.75,272.0,727.74,271.09,729.74,-8.598,-9.2233,-0.4328,-6.0847,2.992,8.98,1.353,2.194,0.617,0.914,270.0,693933.26,5153895.76,693936.0,5153892.77,693933.26,5153886.79,1275.23,,0,
kprcnn-nojitter-v1,Yakima-Toppenish_03_20260614,Yakima (arid),trained,1,1,270,720,0,0.06834,270.04,720.0,271.37,733.8,1.34,13.8,18.45,270.44,727.06,271.24,730.35,270.97,729.69,-8.5504,-10.3647,-0.868,-6.5944,2.682,8.05,3.381,0.709,4.767,0.131,281.5,693931.31,5153894.81,693933.72,5153884.96,693932.92,5153886.93,1280.47,,0,
kprcnn-nojitter-v1,Yakima-Toppenish_03_20260614,Yakima (arid),trained,1,1,720,720,1,0.11879,734.84,723.28,743.39,737.34,8.55,14.06,120.2,740.27,726.71,739.28,730.31,737.64,734.89,-0.4917,2.5379,0.0354,0.6938,8.585,25.76,3.729,4.863,0.767,0.163,252.2,695340.8,5153895.86,695337.84,5153885.07,695332.91,5153871.34,148.28,,0,
kprcnn-nojitter-v1,Yakima-Toppenish_03_20260614,Yakima (arid),trained,1,1,750,720,1,0.6535,783.18,733.55,790.38,752.07,7.2,18.52,133.38,784.98,735.04,786.61,740.99,787.92,748.93,0.8467,4.3827,2.6513,2.6269,14.197,42.59,6.173,8.043,0.767,0.366,282.0,695474.93,5153870.87,695479.84,5153853.02,695483.77,5153829.21,5.07,25,1,1.263
kprcnn-nojitter-v1,Yakima-Toppenish_03_20260614,Yakima (arid),trained,1,1,750,720,0,0.20651,779.36,724.87,786.83,735.79,7.47,10.92,81.54,784.72,733.97,783.74,735.63,782.12,727.02,1.3371,-7.7143,-1.001,-2.4594,7.419,22.26,1.92,8.756,0.219,1.492,110.5,695474.15,5153874.09,695471.22,5153869.12,695466.36,5153894.93,23.28,,0,
kprcnn-nojitter-v1,Yakima-Toppenish_03_20260614,Yakima (arid),trained,1,1,750,720,0,0.14839,779.72,721.49,791.08,757.5,11.36,36.01,409.14,784.75,734.21,786.05,740.81,788.0,749.07,0.786,4.7805,0.4053,1.9906,15.217,45.65,6.734,8.486,0.794,0.141,282.3,695474.26,5153873.38,695478.16,5153853.56,695484.0,5153828.79,6.29,25,1,1.641
kprcnn-nojitter-v1,Yakima-Toppenish_03_20260614,Yakima (arid),trained,1,1,750,720,0,0.05956,789.3,720.0,795.55,725.37,6.25,5.37,33.58,793.08,721.11,792.42,722.37,791.11,721.11,-0.2168,-7.0394,-1.4899,-2.9154,1.973,5.92,1.425,1.825,0.781,1.265,180.0,695499.25,5153912.68,695497.27,5153908.89,695493.33,5153912.68,62.69,,0,
kprcnn-nojitter-v1,Yakima-Toppenish_03_20260614,Yakima (arid),trained,1,1,780,720,1,0.88278,781.61,728.74,790.72,754.39,9.11,25.65,233.75,784.7,734.57,786.0,740.9,788.28,749.89,1.9769,5.3973,2.4321,3.2688,15.736,47.21,6.462,9.278,0.696,0.172,283.2,695474.1,5153872.3,695478.01,5153853.31,695484.84,5153826.33,6.16,25,1,1.491
kprcnn-nojitter-v1,Yakima-Toppenish_03_20260614,Yakima (arid),trained,1,1,780,720,0,0.18677,780.27,725.86,787.39,736.82,7.12,10.96,77.98,784.64,734.66,784.31,731.34,782.37,727.35,2.2427,-4.0851,-1.0695,-0.9706,7.648,22.94,3.336,4.432,0.753,0.674,107.2,695473.91,5153872.03,695472.94,5153881.99,695467.12,5153893.94,34.83,,0,
kprcnn-nojitter-v1,Yakima-Toppenish_03_20260614,Yakima (arid),trained,1,1,780,720,0,0.08496,782.92,737.61,790.8,750.51,7.88,12.9,101.67,785.71,737.78,786.36,741.08,788.01,748.36,-2.0081,3.0316,1.4644,0.8293,10.831,32.49,3.372,7.46,0.452,0.06,282.3,695477.12,5153862.67,695479.09,5153852.75,695484.02,5153830.92,5.12,25,1,1.529
kprcnn-nojitter-v1,Yakima-Toppenish_03_20260614,Yakima (arid),trained,1,1,780,720,0,0.07954,780.13,720.0,784.13,725.16,4.0,5.16,20.64,781.97,723.06,780.97,720.81,780.97,724.03,-1.3107,-2.0559,-4.6425,-2.6697,1.391,4.17,2.47,3.226,0.766,2.318,224.1,695465.9,5153906.81,695462.9,5153913.58,695462.9,5153903.9,67.95,,0,
kprcnn-nojitter-v1,Yakima-Toppenish_03_20260614,Yakima (arid),trained,1,1,780,720,0,0.05204,788.21,740.12,788.31,754.04,0.1,13.91,1.36,788.38,747.24,788.38,744.93,788.38,749.56,-10.0045,-9.7016,-0.0342,-6.5801,2.319,6.96,2.319,4.638,0.5,0.0,270.0,695485.13,5153834.27,695485.13,5153841.22,695485.13,5153827.31,7.9,25,1,4.848
kprcnn-nojitter-v1,Yakima-Toppenish_03_20260614,Yakima (arid),trained,1,1,270,750,1,0.36189,283.72,789.71,293.09,798.0,9.38,8.29,77.72,287.11,792.86,289.05,794.52,292.93,795.85,0.5717,0.1465,-6.1891,-1.8236,6.541,19.62,2.552,4.101,0.622,0.59,332.9,693981.33,5153697.41,693987.15,5153692.44,693998.79,5153688.46,1338.29,,0,
kprcnn-nojitter-v1,Yakima-Toppenish_03_20260614,Yakima (arid),trained,1,1,750,750,1,0.15918,779.75,750.05,791.6,753.78,11.85,3.72,44.14,788.48,752.69,786.83,752.07,788.8,750.83,-8.8183,-8.1094,1.4119,-5.1719,1.891,5.67,1.759,2.333,0.754,1.729,80.0,695485.43,5153817.93,695480.49,5153819.79,695486.41,5153823.51,28.45,,0,
kprcnn-nojitter-v1,Yakima-Toppenish_03_20260614,Yakima (arid),trained,1,1,750,750,0,0.05115,785.99,750.14,793.66,754.51,7.67,4.37,33.51,790.83,754.35,790.49,753.42,788.49,750.92,-7.9253,-7.7196,1.7869,-4.6194,4.152,12.46,0.994,3.2,0.311,0.251,124.2,695492.48,5153812.94,695491.48,5153815.75,695485.48,5153823.25,33.98,,0,
kprcnn-nojitter-v1,Yakima-Toppenish_03_20260614,Yakima (arid),trained,1,1,780,750,1,0.16436,781.88,750.0,791.07,752.89,9.19,2.89,26.56,788.61,752.41,786.64,751.45,788.61,750.8,-9.1143,-7.4171,1.0492,-5.1607,1.606,4.82,2.192,2.071,1.058,1.968,90.0,695485.82,5153818.77,695479.91,5153821.66,695485.82,5153823.59,26.6,,0,
kprcnn-nojitter-v1,Yakima-Toppenish_03_20260614,Yakima (arid),trained,1,1,780,750,0,0.10785,785.89,750.02,793.22,757.28,7.34,7.26,53.28,790.83,755.8,790.51,754.15,788.6,751.18,-2.5877,-6.4461,1.5433,-2.4968,5.132,15.4,1.681,3.534,0.476,0.431,115.8,695492.49,5153808.61,695491.53,5153813.56,695485.79,5153822.47,36.09,,0,
kprcnn-nojitter-v1,Yakima-Toppenish_03_20260614,Yakima (arid),trained,1,1,780,750,0,0.09293,785.99,750.01,791.85,754.33,5.86,4.31,25.3,790.71,754.16,791.04,752.5,788.43,750.84,-7.3382,-9.4963,1.6524,-5.0607,4.027,12.08,1.691,3.09,0.547,1.208,124.5,695492.13,5153813.52,695493.11,5153818.5,695485.29,5153823.48,31.92,,0,
kprcnn-nojitter-v1,Yakima-Toppenish_03_20260614,Yakima (arid),trained,1,1,780,750,0,0.06631,780.11,750.0,791.42,756.5,11.32,6.5,73.54,790.59,755.36,791.26,756.33,788.6,751.14,-4.026,-8.6356,1.2678,-3.798,4.672,14.02,1.18,5.84,0.202,0.185,115.3,695491.78,5153809.92,695493.78,5153807.0,695485.79,5153822.59,43.02,,0,
kprcnn-nojitter-v1,Yakima-Toppenish_03_20260614,Yakima (arid),trained,1,1,780,750,0,0.05224,797.83,750.0,803.05,754.8,5.23,4.8,25.08,801.26,751.44,801.26,751.76,799.62,750.8,-1.4563,-7.6095,-1.1893,-3.4184,1.755,5.26,0.32,1.895,0.169,0.298,158.6,695523.77,5153821.68,695523.77,5153820.72,695518.87,5153823.6,50.45,,0,
kprcnn-nojitter-v1,Yakima-Toppenish_03_20260614,Yakima (arid),trained,1,1,270,780,1,0.60766,283.23,789.65,292.99,801.9,9.76,12.25,119.57,287.3,792.47,288.6,794.79,290.88,799.75,-0.0734,1.4424,-0.6509,0.2394,8.116,24.35,2.658,5.464,0.486,0.146,296.2,693981.9,5153698.6,693985.8,5153691.64,693992.64,5153676.74,1338.28,,0,
kprcnn-nojitter-v1,Yakima-Toppenish_03_20260614,Yakima (arid),trained,1,1,300,810,1,0.05418,319.73,815.01,334.55,825.26,14.82,10.25,151.9,330.76,821.78,328.13,819.8,324.5,822.11,-7.6237,-5.2394,0.0294,-4.2779,6.268,18.8,3.298,4.299,0.767,2.119,183.0,694112.29,5153610.65,694104.38,5153616.6,694093.51,5153609.66,1215.34,,0,
kprcnn-nojitter-v1,Yakima-Toppenish_03_20260614,Yakima (arid),trained,1,1,810,810,1,0.10792,817.62,821.58,826.09,832.31,8.48,10.73,90.94,823.32,829.22,822.02,826.95,823.65,832.15,-3.3586,-0.1071,-3.2058,-2.2238,2.944,8.83,2.623,5.451,0.481,1.044,276.4,695589.96,5153588.33,695586.05,5153595.16,695590.94,5153579.56,273.82,,0,
kprcnn-nojitter-v1,Yakima-Toppenish_03_20260614,Yakima (arid),trained,1,1,300,840,1,0.1449,315.5,846.42,324.71,860.67,9.21,14.24,131.19,315.66,852.55,319.28,852.88,318.95,857.19,-8.3822,-4.8942,-1.8102,-5.0289,5.686,17.06,3.633,4.319,0.841,2.76,305.3,694066.99,5153518.34,694077.84,5153517.35,694076.86,5153504.43,1141.39,,0,
kprcnn-nojitter-v1,Yakima-Toppenish_03_20260614,Yakima (arid),trained,1,1,300,840,0,0.07864,307.11,840.0,315.96,845.76,8.86,5.76,51.05,315.8,840.8,314.16,842.4,308.91,841.12,-8.0213,-8.9054,0.3442,-5.5275,6.895,20.68,2.292,5.402,0.424,1.523,182.7,694067.4,5153553.6,694062.48,5153548.79,694046.74,5153552.64,1176.27,,0,
kprcnn-nojitter-v1,Yakima-Toppenish_03_20260614,Yakima (arid),trained,1,1,300,840,0,0.06976,323.35,866.8,336.37,879.61,13.02,12.81,166.69,325.47,869.92,328.4,872.55,328.72,877.48,-5.0234,-1.9949,0.7778,-2.0802,8.224,24.67,3.934,4.937,0.797,1.65,293.3,694096.41,5153466.23,694105.19,5153458.35,694106.17,5153443.57,1076.72,,0,
kprcnn-nojitter-v1,Yakima-Toppenish_03_20260614,Yakima (arid),trained,1,1,810,840,1,0.23103,828.81,859.9,837.86,873.33,9.05,13.43,121.55,835.76,873.16,833.82,867.27,831.88,862.36,-2.3509,0.7112,-2.2878,-1.3092,11.482,34.44,6.205,5.281,1.175,0.166,109.8,695627.27,5153456.51,695621.45,5153474.19,695615.63,5153488.92,399.37,,0,
kprcnn-nojitter-v1,Yakima-Toppenish_03_20260614,Yakima (arid),trained,1,1,300,870,1,0.05291,324.62,871.1,331.66,879.7,7.04,8.6,60.56,327.98,871.26,328.3,872.59,328.94,878.21,-5.9736,-1.588,0.8787,-2.2276,7.013,21.04,1.361,5.66,0.241,0.136,277.9,694103.94,5153462.21,694104.9,5153458.24,694106.82,5153441.37,1076.78,,0,
kprcnn-nojitter-v1,Yakima-Toppenish_03_20260614,Yakima (arid),trained,1,1,330,870,1,0.08894,330.0,870.0,333.14,881.75,3.14,11.75,36.83,330.47,872.45,330.47,873.43,330.78,879.3,-7.6656,-1.6977,-0.021,-3.1281,6.86,20.58,0.979,5.882,0.166,0.045,272.6,694111.41,5153458.66,694111.41,5153455.72,694112.35,5153438.1,1071.27,,0,
kprcnn-nojitter-v1,Yakima-Toppenish_03_20260614,Yakima (arid),trained,1,1,330,870,0,0.06138,330.06,870.0,331.35,881.94,1.29,11.94,15.43,330.22,872.49,330.22,873.48,330.86,879.12,-8.1183,-1.7969,-0.8339,-3.5831,6.664,19.99,0.995,5.675,0.175,0.096,275.6,694110.65,5153458.54,694110.65,5153455.55,694112.59,5153438.64,1071.51,,0,
kprcnn-nojitter-v1,Yakima-Toppenish_03_20260614,Yakima (arid),trained,1,1,360,870,1,0.25996,361.31,887.12,371.4,902.23,10.09,15.11,152.43,365.38,900.75,366.36,893.53,364.4,899.77,-8.0117,-0.687,-1.7017,-3.4668,1.387,4.16,7.292,6.539,1.115,5.779,134.7,694216.14,5153373.74,694219.07,5153395.42,694213.21,5153376.7,966.2,,0,
kprcnn-nojitter-v1,Yakima-Toppenish_03_20260614,Yakima (arid),trained,1,1,810,870,1,0.08208,833.73,911.43,850.77,917.93,17.04,6.49,110.67,836.51,915.17,843.72,914.52,836.84,916.47,0.7167,-6.8882,-4.4111,-3.5275,1.339,4.02,7.24,7.154,1.012,7.151,284.2,695629.54,5153330.5,695651.17,5153332.45,695630.52,5153326.6,542.97,,0,
kprcnn-nojitter-v1,Yakima-Toppenish_03_20260614,Yakima (arid),trained,1,1,300,900,1,0.08729,342.41,924.23,348.0,933.0,5.59,8.77,49.05,345.86,929.92,345.53,926.02,344.55,930.57,-2.0149,-1.9382,-3.5919,-2.515,1.467,4.4,3.913,4.654,0.841,3.641,206.3,694157.59,5153286.25,694156.6,5153297.94,694153.64,5153284.3,913.65,,0,
kprcnn-nojitter-v1,Yakima-Toppenish_03_20260614,Yakima (arid),trained,1,1,330,900,1,0.07999,331.31,900.0,353.41,903.65,22.09,3.65,80.59,349.95,901.49,344.34,901.82,349.95,901.49,-3.8572,-1.7066,-5.0461,-3.5366,0.0,0.0,5.616,5.616,1.0,0.0,0.0,694169.84,5153371.52,694153.02,5153370.53,694169.84,5153371.52,976.83,,0,
kprcnn-nojitter-v1,Yakima-Toppenish_03_20260614,Yakima (arid),trained,1,1,300,930,1,0.11446,332.93,942.48,347.5,955.85,14.56,13.37,194.69,345.01,949.17,340.05,948.84,343.36,955.69,0.3261,3.8828,-5.8034,-0.5315,6.729,20.19,4.975,7.606,0.654,4.892,255.8,694155.04,5153228.5,694140.15,5153229.48,694150.08,5153208.93,867.2,,0,
kprcnn-nojitter-v1,Yakima-Toppenish_03_20260614,Yakima (arid),trained,1,1,330,960,1,0.82189,365.38,1001.67,376.89,1008.0,11.51,6.33,72.86,375.08,1005.83,370.15,1005.5,375.08,1004.84,-0.3449,4.2859,-5.6934,-0.5841,0.999,3.0,4.945,4.978,0.993,4.933,90.0,694245.25,5153058.5,694230.45,5153059.5,694245.25,5153061.49,677.74,,0,
kprcnn-nojitter-v1,Yakima-Toppenish_03_20260614,Yakima (arid),trained,1,1,330,960,0,0.12104,369.91,1004.02,376.38,1008.0,6.47,3.98,25.75,375.25,1006.17,370.72,1005.84,375.25,1005.18,-0.5972,0.6678,-5.558,-1.8292,0.996,2.99,4.538,4.574,0.992,4.526,90.0,694245.74,5153057.48,694232.16,5153058.47,694245.74,5153060.46,675.86,,0,
kprcnn-nojitter-v1,Yakima-Toppenish_03_20260614,Yakima (arid),trained,1,1,360,960,1,0.33086,366.48,1001.77,377.03,1008.0,10.55,6.23,65.72,375.21,1005.87,370.27,1005.54,375.54,1004.89,-0.174,2.6136,-7.2059,-1.5888,1.037,3.11,4.956,5.316,0.932,4.793,71.5,694245.64,5153058.39,694230.8,5153059.38,694246.63,5153061.34,677.43,,0,
kprcnn-nojitter-v1,Yakima-Toppenish_03_20260614,Yakima (arid),trained,1,1,390,960,1,0.49499,417.56,988.01,430.72,1002.0,13.17,13.99,184.23,429.24,1001.83,424.96,994.84,420.02,995.83,-8.4024,0.2,0.5105,-2.564,10.996,32.99,8.201,5.037,1.628,3.53,146.9,694407.72,5153070.5,694394.89,5153091.49,694380.07,5153088.5,615.75,,0,
kprcnn-nojitter-v1,Yakima-Toppenish_03_20260614,Yakima (arid),trained,1,1,420,960,1,0.54872,420.0,989.83,430.62,1002.52,10.62,12.69,134.73,420.17,994.87,425.14,995.2,421.83,999.1,-9.0158,-0.1081,0.2127,-2.9704,4.543,13.63,4.988,5.124,0.974,4.515,291.4,694380.5,5153091.38,694395.43,5153090.41,694385.48,5153078.69,614.53,,0,
kprcnn-nojitter-v1,Yakima-Toppenish_03_20260614,Yakima (arid),trained,1,1,420,960,0,0.05136,422.46,995.55,431.92,1004.2,9.45,8.64,81.69,422.63,1000.04,425.23,996.05,427.84,1002.7,-7.9142,-5.5095,0.7783,-4.2151,5.854,17.56,4.765,7.141,0.667,4.738,333.0,694387.88,5153075.88,694395.7,5153087.84,694403.53,5153067.9,612.1,,0,
kprcnn-nojitter-v1,Yakima-Toppenish_03_20260614,Yakima (arid),trained,1,1,900,960,1,0.07793,900.07,1004.99,902.17,1008.0,2.11,3.01,6.35,900.52,1006.34,900.82,1006.04,900.52,1007.25,-0.1608,-6.7663,-7.2511,-4.7261,0.904,2.71,0.426,1.242,0.343,0.301,270.0,695821.55,5153056.98,695822.46,5153057.88,695821.55,5153054.26,228.01,,0,
kprcnn-nojitter-v1,Yakima-Toppenish_03_20260614,Yakima (arid),trained,1,1,360,990,1,0.72349,365.88,1000.89,374.61,1011.92,8.73,11.03,96.25,371.54,1011.75,369.92,1005.59,371.54,1011.11,-7.2179,5.0024,-2.6398,-1.6184,0.649,1.95,6.37,5.745,1.109,1.617,90.0,694234.62,5153040.74,694229.77,5153059.22,694234.62,5153042.68,677.96,,0,
kprcnn-nojitter-v1,Yakima-Toppenish_03_20260614,Yakima (arid),trained,1,1,390,990,1,0.24053,417.38,990.23,430.31,998.15,12.93,7.93,102.52,421.19,997.99,424.84,994.69,419.53,994.69,-7.7496,-1.1657,0.0548,-2.9535,3.696,11.09,4.921,5.305,0.928,4.742,116.6,694383.57,5153082.03,694394.51,5153091.94,694378.59,5153091.94,616.31,,0,
kprcnn-nojitter-v1,Yakima-Toppenish_03_20260614,Yakima (arid),trained,1,1,390,990,0,0.11716,421.5,990.0,430.82,1004.92,9.32,14.92,139.04,430.66,990.17,425.0,994.81,427.99,1002.43,-8.1316,-2.0618,1.5483,-2.8817,12.554,37.66,7.318,8.193,0.893,4.544,257.8,694411.97,5153105.5,694394.99,5153091.58,694403.98,5153068.7,615.77,,0,
kprcnn-nojitter-v1,Yakima-Toppenish_03_20260614,Yakima (arid),trained,1,1,390,990,0,0.07196,390.19,1032.5,397.97,1037.83,7.78,5.34,41.54,391.65,1035.17,394.25,1035.48,396.19,1033.91,-0.1241,-5.4272,-3.7631,-3.1048,4.71,14.13,2.613,2.5,1.045,0.994,15.5,694294.95,5152970.5,694302.74,5152969.56,694308.57,5152974.27,562.37,,0,
kprcnn-nojitter-v1,Yakima-Toppenish_03_20260614,Yakima (arid),trained,1,1,390,990,0,0.05846,398.41,1030.01,414.57,1038.0,16.16,7.99,129.1,411.77,1034.84,407.15,1033.84,402.53,1031.51,0.6743,-0.6959,-2.3304,-0.784,9.814,29.44,4.723,5.171,0.913,0.626,160.2,694355.3,5152971.49,694341.45,5152974.49,694327.6,5152981.48,542.47,,0,
kprcnn-nojitter-v1,Yakima-Toppenish_03_20260614,Yakima (arid),trained,1,1,420,990,1,0.15824,420.0,991.01,431.81,1003.01,11.81,12.0,141.69,431.64,991.18,425.08,995.18,421.8,999.18,-7.523,-1.7375,0.0736,-3.0623,12.681,38.04,7.683,5.173,1.485,1.035,219.1,694414.93,5153102.46,694395.25,5153090.46,694385.41,5153078.46,614.66,,0,
kprcnn-nojitter-v1,Yakima-Toppenish_03_20260614,Yakima (arid),trained,1,1,420,990,0,0.10235,420.17,990.0,426.66,1001.68,6.49,11.68,75.77,425.2,994.7,424.87,995.03,421.3,998.6,-8.4973,-3.1324,0.4309,-3.7329,5.505,16.52,0.459,5.046,0.091,0.0,225.0,694395.59,5153091.89,694394.62,5153090.92,694383.91,5153080.21,615.34,,0,
kprcnn-nojitter-v1,Yakima-Toppenish_03_20260614,Yakima (arid),trained,1,1,420,990,0,0.07614,420.19,1033.48,424.49,1038.0,4.3,4.52,19.47,422.34,1036.55,423.34,1035.58,421.02,1036.87,-0.2046,-6.7006,-7.8369,-4.914,1.363,4.09,1.388,2.654,0.523,0.706,193.7,694387.03,5152966.36,694390.01,5152969.27,694383.05,5152965.39,510.9,,0,
kprcnn-nojitter-v1,Yakima-Toppenish_03_20260614,Yakima (arid),trained,1,1,930,990,1,0.06662,930.07,1035.02,932.18,1038.0,2.12,2.98,6.3,930.52,1036.51,930.82,1036.18,930.52,1037.17,-0.4231,-6.6917,-7.1158,-4.7435,0.662,1.99,0.448,1.038,0.432,0.302,270.0,695911.57,5152966.47,695912.47,5152967.46,695911.57,5152964.48,100.72,,0,
kprcnn-nojitter-v1,Yakima-Toppenish_03_20260614,Yakima (arid),trained,1,1,390,1020,1,0.05889,425.22,1047.22,437.39,1061.67,12.17,14.45,175.94,434.92,1050.01,431.31,1054.61,434.27,1058.88,-0.7569,0.7756,-2.2694,-0.7503,8.894,26.68,5.852,5.197,1.126,3.269,265.8,694424.77,5152925.97,694413.92,5152912.17,694422.8,5152899.36,449.93,,0,
kprcnn-nojitter-v1,Yakima-Toppenish_03_20260614,Yakima (arid),trained,1,1,390,1020,0,0.05755,409.62,1051.54,431.23,1062.74,21.6,11.19,241.81,426.74,1060.27,421.75,1056.32,415.11,1055.33,-3.5904,0.5791,-0.8358,-1.2824,12.638,37.91,6.361,6.721,0.946,1.688,157.0,694400.22,5152895.2,694385.26,5152907.05,694365.32,5152910.01,462.19,,0,
kprcnn-nojitter-v1,Yakima-Toppenish_03_20260614,Yakima (arid),trained,1,1,420,1020,1,0.06885,429.05,1026.82,438.23,1037.68,9.17,10.86,99.63,435.44,1035.54,433.8,1032.25,431.51,1026.99,0.4454,-1.1379,-6.7267,-2.4731,9.416,28.25,3.676,5.743,0.64,0.115,114.7,694426.32,5152969.37,694421.41,5152979.24,694414.53,5152995.03,503.68,,0,
kprcnn-nojitter-v1,Yakima-Toppenish_03_20260614,Yakima (arid),trained,1,1,420,1020,0,0.066,420.07,1054.83,428.08,1062.42,8.01,7.58,60.71,422.15,1055.0,422.15,1056.32,422.79,1060.27,-6.4807,-1.7386,-7.6516,-5.2903,5.314,15.94,1.319,4.008,0.329,0.159,276.9,694386.46,5152911.01,694386.46,5152907.05,694388.38,5152895.18,461.48,,0,
kprcnn-nojitter-v1,Yakima-Toppenish_03_20260614,Yakima (arid),trained,1,1,420,1020,0,0.05448,420.04,1033.82,423.64,1037.72,3.6,3.9,14.04,422.17,1036.58,422.17,1036.58,421.51,1037.56,-1.1411,-6.8773,-4.3178,-4.1121,1.174,3.52,0.0,1.174,0.0,0.0,236.1,694386.5,5152966.25,694386.5,5152966.25,694384.54,5152963.33,510.22,,0,
kprcnn-nojitter-v1,Yakima-Toppenish_03_20260614,Yakima (arid),trained,1,1,870,1020,1,0.05765,903.91,1060.53,914.1,1068.0,10.2,7.47,76.18,912.95,1064.91,908.02,1064.91,912.29,1063.62,-8.4916,-2.547,-0.4621,-3.8336,1.456,4.37,4.935,4.47,1.104,4.402,116.9,695858.86,5152881.26,695844.05,5152881.26,695856.88,5152885.15,148.15,,0,
kprcnn-nojitter-v1,Yakima-Toppenish_03_20260614,Yakima (arid),trained,1,1,900,1020,1,0.10813,937.78,1042.07,948.0,1053.48,10.22,11.41,116.65,939.26,1044.84,941.9,1046.79,946.19,1050.71,-1.6663,-0.1063,0.8174,-0.3184,9.077,27.23,3.284,5.804,0.566,0.213,319.7,695937.79,5152941.49,695945.7,5152935.62,695958.56,5152923.88,54.97,,0,
kprcnn-nojitter-v1,Yakima-Toppenish_03_20260614,Yakima (arid),trained,1,1,930,1020,1,0.89632,945.67,1050.1,963.99,1061.65,18.32,11.55,211.65,959.83,1059.17,955.5,1056.53,948.83,1052.57,1.2707,3.5276,1.6052,2.1345,12.823,38.47,5.072,7.751,0.654,0.034,149.0,695999.48,5152898.49,695986.49,5152906.41,695966.5,5152918.29,4.8,24,1,1.311
kprcnn-nojitter-v1,Yakima-Toppenish_03_20260614,Yakima (arid),trained,1,1,930,1020,0,0.06919,942.55,1048.18,959.1,1060.16,16.55,11.98,198.24,958.27,1058.33,954.96,1056.33,948.34,1052.01,-0.8389,1.2931,1.0838,0.5127,11.772,35.32,3.866,7.908,0.489,0.094,147.5,695994.81,5152901.01,695984.88,5152907.0,695965.02,5152919.98,6.48,24,1,2.269
kprcnn-nojitter-v1,Yakima-Toppenish_03_20260614,Yakima (arid),trained,1,1,420,1050,1,0.06844,422.03,1084.88,434.14,1098.0,12.11,13.12,158.94,429.4,1095.21,429.4,1092.26,433.0,1089.31,-1.7213,-0.585,-3.1428,-1.8164,6.916,20.75,2.952,4.657,0.634,1.537,58.6,694408.19,5152790.36,694408.19,5152799.22,694418.99,5152808.08,364.94,,0,
kprcnn-nojitter-v1,Yakima-Toppenish_03_20260614,Yakima (arid),trained,1,1,450,1050,1,0.26842,477.47,1085.62,487.31,1097.28,9.85,11.66,114.78,480.26,1085.79,482.55,1090.45,482.55,1097.11,-9.3788,-2.4217,-6.8142,-6.2049,11.554,34.66,5.198,6.661,0.78,1.325,281.5,694560.77,5152818.63,694567.66,5152804.64,694567.66,5152784.66,284.13,,0,
kprcnn-nojitter-v1,Yakima-Toppenish_03_20260614,Yakima (arid),trained,1,1,450,1050,0,0.06498,479.43,1091.57,488.6,1097.86,9.17,6.28,57.6,488.43,1094.72,484.5,1094.39,488.43,1094.72,-10.9353,-4.4976,-7.8071,-7.7467,0.0,0.0,3.942,3.942,1.0,0.0,0.0,694585.3,5152791.85,694573.51,5152792.84,694585.3,5152791.85,271.07,,0,
kprcnn-nojitter-v1,Yakima-Toppenish_03_20260614,Yakima (arid),trained,1,1,480,1050,1,0.08545,480.0,1085.31,488.0,1098.0,8.0,12.69,101.55,482.4,1097.84,483.04,1090.68,482.08,1097.84,-8.9856,-2.0404,-5.389,-5.4717,0.32,0.96,7.185,7.22,0.995,7.156,180.0,694567.2,5152782.49,694569.13,5152803.96,694566.24,5152782.49,283.01,,0,
kprcnn-nojitter-v1,Yakima-Toppenish_03_20260614,Yakima (arid),trained,1,1,480,1050,0,0.05283,480.1,1088.23,485.1,1097.26,5.0,9.03,45.11,482.27,1097.1,482.93,1090.97,482.27,1097.1,-8.9483,-3.9559,-5.0245,-5.9762,0.0,0.0,6.163,6.163,1.0,0.0,0.0,694566.8,5152784.7,694568.8,5152803.08,694566.8,5152784.7,282.29,,0,
kprcnn-nojitter-v1,Yakima-Toppenish_03_20260614,Yakima (arid),trained,1,1,930,1050,1,0.67156,943.52,1050.0,960.54,1058.92,17.02,8.92,151.81,959.39,1058.42,954.81,1056.11,947.94,1051.82,-0.1727,0.8634,1.3742,0.6883,13.225,39.67,5.133,8.105,0.633,0.286,150.0,695998.18,5152900.73,695984.43,5152907.67,695963.81,5152920.55,7.21,24,1,2.168
kprcnn-nojitter-v1,Yakima-Toppenish_03_20260614,Yakima (arid),trained,1,1,930,1050,0,0.43074,948.77,1051.85,962.19,1061.76,13.42,9.9,132.93,959.73,1059.28,955.48,1056.64,948.93,1052.68,1.3305,2.6933,-1.5811,0.8142,12.661,37.98,5.009,7.652,0.655,0.034,148.6,695999.2,5152898.16,695986.43,5152906.08,695966.79,5152917.97,4.68,24,1,1.319
kprcnn-nojitter-v1,Yakima-Toppenish_03_20260614,Yakima (arid),trained,1,1,930,1050,0,0.32732,953.19,1068.46,968.61,1080.19,15.42,11.73,180.9,957.62,1070.91,960.57,1073.19,966.15,1077.42,0.9299,1.0479,-0.4695,0.5028,10.735,32.2,3.731,7.004,0.533,0.02,322.6,695992.86,5152863.28,696001.72,5152856.44,696018.45,5152843.73,48.62,,0,
kprcnn-nojitter-v1,Yakima-Toppenish_03_20260614,Yakima (arid),trained,1,1,930,1050,0,0.06247,953.19,1052.32,961.1,1060.0,7.9,7.68,60.72,959.29,1058.56,955.33,1056.0,958.96,1059.84,1.3584,1.1033,-9.2526,-2.2636,1.322,3.97,4.709,5.28,0.892,4.465,255.6,695997.86,5152900.32,695986.0,5152908.0,695996.87,5152896.48,6.18,24,1,5.842
kprcnn-nojitter-v1,Yakima-Toppenish_03_20260614,Yakima (arid),trained,1,1,930,1050,0,0.0546,945.3,1050.07,953.32,1054.61,8.02,4.54,36.37,947.71,1052.82,950.92,1052.18,947.71,1051.2,-9.1659,-9.1447,1.0745,-5.7454,1.62,4.86,3.272,3.351,0.976,3.207,90.0,695963.13,5152917.53,695972.75,5152919.47,695963.13,5152922.39,23.7,,0,
kprcnn-nojitter-v1,Yakima-Toppenish_03_20260614,Yakima (arid),trained,1,1,960,1050,1,0.69494,995.75,1080.21,1008.0,1095.55,12.25,15.35,188.01,1007.17,1091.47,1004.85,1088.86,998.23,1084.29,-2.3084,2.1008,2.3679,0.7201,11.468,34.4,3.492,8.047,0.434,0.584,141.2,696141.52,5152801.59,696134.56,5152809.42,696114.7,5152823.14,5.33,23,1,1.706
kprcnn-nojitter-v1,Yakima-Toppenish_03_20260614,Yakima (arid),trained,1,1,960,1050,0,0.2859,983.48,1085.2,995.29,1096.18,11.82,10.98,129.76,992.83,1094.02,989.22,1090.69,985.28,1088.03,1.8159,0.9805,-10.2485,-2.484,9.637,28.91,4.91,4.754,1.033,0.363,141.6,696098.49,5152793.95,696087.66,5152803.93,696075.84,5152811.91,34.28,,0,
kprcnn-nojitter-v1,Yakima-Toppenish_03_20260614,Yakima (arid),trained,1,1,960,1050,0,0.12457,999.79,1083.03,1008.0,1094.27,8.21,11.23,92.27,1006.52,1091.46,1005.54,1089.15,999.95,1085.18,-1.8302,2.9169,-1.2297,-0.0477,9.088,27.26,2.514,6.85,0.367,0.991,136.3,696139.56,5152801.63,696136.61,5152808.56,696119.85,5152820.46,3.12,23,1,2.104
kprcnn-nojitter-v1,Yakima-Toppenish_03_20260614,Yakima (arid),trained,1,1,960,1050,0,0.09782,960.44,1091.8,975.69,1098.0,15.25,6.2,94.5,960.61,1091.97,964.58,1094.9,969.89,1093.6,-4.1177,-1.3198,-0.9258,-2.1211,9.424,28.27,4.944,5.462,0.905,2.203,350.0,696001.82,5152800.1,696013.75,5152791.3,696029.66,5152795.21,100.77,,0,
kprcnn-nojitter-v1,Yakima-Toppenish_03_20260614,Yakima (arid),trained,1,1,960,1050,0,0.09671,990.05,1093.16,1002.36,1098.0,12.31,4.84,59.56,992.21,1094.29,996.2,1095.9,1000.53,1096.55,2.1754,0.91,-8.2166,-1.7104,8.617,25.85,4.305,4.372,0.985,0.511,344.8,696096.64,5152793.13,696108.61,5152788.29,696121.59,5152786.36,8.26,22,1,3.23
kprcnn-nojitter-v1,Yakima-Toppenish_03_20260614,Yakima (arid),trained,1,1,960,1050,0,0.09471,960.0,1068.52,968.63,1080.82,8.63,12.31,106.2,963.15,1074.34,961.16,1073.34,966.47,1077.33,-3.5389,-2.1959,0.4288,-1.7687,4.469,13.41,2.227,6.643,0.335,0.593,317.9,696009.46,5152852.99,696003.48,5152855.98,696019.41,5152844.01,49.5,,0,
kprcnn-nojitter-v1,Yakima-Toppenish_03_20260614,Yakima (arid),trained,1,1,990,1050,1,0.97539,994.84,1082.61,1012.65,1093.59,17.81,10.98,195.54,1009.19,1091.09,1004.9,1088.76,998.31,1084.77,2.0701,5.1381,2.8929,3.367,12.587,37.76,4.88,7.711,0.633,0.139,149.9,696147.57,5152802.72,696134.71,5152809.71,696114.92,5152821.68,5.29,23,1,1.055
kprcnn-nojitter-v1,Yakima-Toppenish_03_20260614,Yakima (arid),trained,1,1,990,1050,0,0.41411,990.24,1091.17,1003.64,1098.0,13.4,6.83,91.52,992.69,1093.94,996.61,1095.89,992.36,1095.24,2.0791,0.822,-8.4083,-1.8357,1.341,4.02,4.381,4.299,1.019,4.28,255.9,696098.07,5152794.19,696109.84,5152788.34,696097.09,5152790.29,7.54,22,1,5.282
kprcnn-nojitter-v1,Yakima-Toppenish_03_20260614,Yakima (arid),trained,1,1,990,1050,0,0.09961,990.76,1076.26,1000.1,1088.19,9.34,11.93,111.38,991.24,1079.08,993.82,1081.07,997.68,1084.38,-1.7444,-4.93,2.583,-1.3638,8.341,25.02,3.254,5.09,0.639,0.102,320.5,696093.72,5152838.77,696101.45,5152832.8,696113.04,5152822.86,45.67,,0,
kprcnn-nojitter-v1,Yakima-Toppenish_03_20260614,Yakima (arid),trained,1,1,990,1050,0,0.05172,990.12,1090.92,993.71,1094.76,3.6,3.84,13.8,992.24,1093.64,992.24,1092.36,990.94,1093.0,-0.1658,-6.6248,-6.6481,-4.4796,1.455,4.37,1.279,1.455,0.879,1.149,153.9,696096.73,5152795.09,696096.73,5152798.93,696092.81,5152797.01,24.17,,0,
kprcnn-nojitter-v1,Yakima-Toppenish_03_20260614,Yakima (arid),trained,1,1,1020,1050,1,0.08896,1020.06,1094.59,1022.46,1098.0,2.4,3.41,8.17,1020.51,1096.61,1020.81,1096.3,1020.51,1095.68,-0.3904,-6.7782,-8.2626,-5.1437,0.929,2.79,0.431,0.688,0.626,0.3,90.0,696181.54,5152786.18,696182.43,5152787.11,696181.54,5152788.96,47.52,,0,
kprcnn-nojitter-v1,Yakima-Toppenish_03_20260614,Yakima (arid),trained,1,1,450,1080,1,0.28027,478.01,1086.64,489.24,1101.36,11.23,14.72,165.26,482.14,1099.56,484.45,1094.0,481.15,1098.9,-8.1564,-2.3855,-1.7604,-4.1008,1.187,3.56,6.021,5.914,1.018,5.913,146.6,694566.42,5152777.33,694573.36,5152794.01,694563.45,5152779.29,272.22,,0,
kprcnn-nojitter-v1,Yakima-Toppenish_03_20260614,Yakima (arid),trained,1,1,450,1080,0,0.16406,477.09,1082.42,486.79,1098.07,9.69,15.65,151.74,482.1,1082.58,480.16,1087.58,480.81,1097.9,-8.3698,-3.2084,-4.8715,-5.4832,15.375,46.13,5.359,10.345,0.518,1.512,265.2,694566.31,5152828.25,694560.49,5152813.26,694562.43,5152782.29,294.66,,0,
kprcnn-nojitter-v1,Yakima-Toppenish_03_20260614,Yakima (arid),trained,1,1,480,1080,1,0.1838,480.0,1090.24,489.13,1101.26,9.13,11.02,100.6,482.77,1100.12,484.08,1094.62,481.79,1098.83,-8.606,-4.1357,-1.3512,-4.6976,1.624,4.87,5.661,4.791,1.182,4.36,127.0,694568.32,5152775.63,694572.23,5152792.15,694565.38,5152779.51,270.84,,0,
kprcnn-nojitter-v1,Yakima-Toppenish_03_20260614,Yakima (arid),trained,1,1,480,1080,0,0.06068,480.01,1080.0,480.71,1080.86,0.7,0.86,0.6,480.36,1080.14,480.36,1080.43,480.36,1080.43,-8.5384,-11.6779,-8.7151,-9.6438,0.286,0.86,0.286,0.0,,0.0,270.0,694561.08,5152835.57,694561.08,5152834.72,694561.08,5152834.72,314.72,,0,
kprcnn-nojitter-v1,Yakima-Toppenish_03_20260614,Yakima (arid),trained,1,1,960,1080,1,0.93058,990.66,1091.44,1004.78,1103.22,14.12,11.79,166.42,993.12,1094.22,996.73,1097.17,1002.32,1100.44,2.2525,3.8766,1.4706,2.5332,11.101,33.3,4.661,6.471,0.72,0.416,325.9,696099.36,5152793.34,696110.2,5152784.5,696126.95,5152774.68,4.57,22,1,1.098
kprcnn-nojitter-v1,Yakima-Toppenish_03_20260614,Yakima (arid),trained,1,1,960,1080,0,0.66743,993.63,1082.34,1008.0,1093.79,14.37,11.45,164.6,1007.18,1091.34,1004.9,1088.72,998.36,1084.47,-3.6887,2.2325,2.3154,0.2864,11.18,33.54,3.476,7.796,0.446,0.66,142.1,696141.55,5152801.99,696134.69,5152809.84,696115.09,5152822.6,5.36,23,1,1.677
kprcnn-nojitter-v1,Yakima-Toppenish_03_20260614,Yakima (arid),trained,1,1,960,1080,0,0.14601,982.0,1085.23,996.52,1095.56,14.52,10.33,150.04,992.73,1093.46,989.1,1090.88,984.48,1087.33,1.5356,1.2302,-8.9404,-2.0582,10.281,30.84,4.455,5.828,0.765,0.093,143.4,696098.18,5152795.61,696087.29,5152803.36,696073.43,5152814.01,34.21,,0,
kprcnn-nojitter-v1,Yakima-Toppenish_03_20260614,Yakima (arid),trained,1,1,960,1080,0,0.08093,1000.07,1097.84,1008.0,1107.37,7.93,9.54,75.65,1006.51,1102.61,1005.19,1101.95,1002.22,1100.3,-0.0571,-6.2003,1.8228,-1.4782,4.875,14.62,1.477,3.399,0.434,0.045,151.8,696139.54,5152768.18,696135.57,5152770.16,696126.65,5152775.09,24.58,,0,
kprcnn-nojitter-v1,Yakima-Toppenish_03_20260614,Yakima (arid),trained,1,1,990,1080,1,0.97455,994.48,1080.0,1012.75,1093.68,18.27,13.68,249.96,1008.93,1090.91,1004.94,1088.63,997.97,1084.4,1.821,4.4304,2.7307,2.9941,12.751,38.25,4.592,8.16,0.563,0.076,149.3,696146.78,5152803.26,696134.83,5152810.1,696113.9,5152822.81,5.35,23,1,1.255
kprcnn-nojitter-v1,Yakima-Toppenish_03_20260614,Yakima (arid),trained,1,1,990,1080,0,0.84859,990.23,1091.25,1004.16,1103.41,13.93,12.16,169.32,992.72,1094.04,997.03,1097.0,1001.67,1099.96,1.9728,3.7418,0.5808,2.0984,10.731,32.19,5.228,5.505,0.95,0.091,326.6,696098.15,5152793.87,696111.09,5152785.0,696125.02,5152776.13,4.17,22,1,1.447
kprcnn-nojitter-v1,Yakima-Toppenish_03_20260614,Yakima (arid),trained,1,1,990,1080,0,0.16008,999.1,1084.81,1011.78,1093.81,12.69,9.0,114.23,1009.34,1091.08,1005.44,1089.15,999.26,1085.29,2.2488,4.2722,-1.3238,1.7324,11.627,34.88,4.354,7.286,0.598,0.27,150.1,696148.03,5152802.76,696136.32,5152808.55,696117.78,5152820.13,3.39,23,1,1.164
kprcnn-nojitter-v1,Yakima-Toppenish_03_20260614,Yakima (arid),trained,1,1,990,1080,0,0.11359,1019.14,1109.34,1030.3,1118.81,11.16,9.47,105.68,1027.84,1117.01,1024.89,1114.73,1020.95,1112.44,-1.2191,1.1185,-6.1787,-2.0931,8.271,24.81,3.735,4.554,0.82,0.272,146.5,696203.53,5152724.96,696194.66,5152731.82,696182.85,5152738.67,93.75,,0,
kprcnn-nojitter-v1,Yakima-Toppenish_03_20260614,Yakima (arid),trained,1,1,990,1080,0,0.08185,1000.5,1097.53,1011.48,1105.43,10.97,7.89,86.59,1006.99,1102.96,1006.32,1101.32,1002.33,1100.33,-0.5954,-3.1055,2.2073,-0.4979,5.347,16.04,1.773,4.11,0.431,1.104,150.5,696140.96,5152767.12,696138.97,5152772.05,696127.0,5152775.01,26.82,,0,
kprcnn-nojitter-v1,Yakima-Toppenish_03_20260614,Yakima (arid),trained,1,1,990,1080,0,0.07047,1000.0,1083.12,1010.25,1090.74,10.25,7.62,78.18,1008.43,1090.25,1005.46,1088.59,1000.16,1084.94,-0.0335,2.9458,-2.1564,0.252,9.825,29.47,3.407,6.427,0.53,0.212,147.3,696145.3,5152805.26,696136.37,5152810.23,696120.49,5152821.17,4.11,23,1,1.916
kprcnn-nojitter-v1,Yakima-Toppenish_03_20260614,Yakima (arid),trained,1,1,990,1080,0,0.06373,995.74,1082.15,1006.9,1089.19,11.15,7.04,78.58,1006.73,1089.03,1004.76,1088.39,997.87,1084.55,-5.4599,-0.2603,3.5542,-0.722,9.928,29.78,2.07,7.889,0.262,0.317,153.2,696140.2,5152808.9,696134.29,5152810.82,696113.62,5152822.35,6.16,23,1,2.275
kprcnn-nojitter-v1,Yakima-Toppenish_03_20260614,Yakima (arid),trained,1,1,990,1080,0,0.06182,994.6,1080.0,1005.32,1087.53,10.72,7.53,80.68,1005.15,1087.36,1004.18,1087.36,998.01,1084.09,-8.9467,-7.8955,2.6927,-4.7165,7.859,23.58,0.974,6.985,0.139,0.406,155.4,696135.46,5152813.91,696132.54,5152813.91,696114.03,5152823.73,9.41,23,1,3.526
kprcnn-nojitter-v1,Yakima-Toppenish_03_20260614,Yakima (arid),trained,1,1,1020,1080,1,0.23994,1020.04,1111.06,1032.24,1120.45,12.21,9.39,114.64,1027.79,1116.72,1025.15,1114.78,1029.77,1118.67,-2.5537,0.3094,-2.1632,-1.4692,2.774,8.32,3.277,6.036,0.543,0.462,315.5,696203.37,5152725.83,696195.45,5152731.66,696209.31,5152720.0,94.35,,0,
kprcnn-nojitter-v1,Yakima-Toppenish_03_20260614,Yakima (arid),trained,1,1,1020,1080,0,0.08052,1020.25,1110.11,1028.49,1117.65,8.24,7.55,62.19,1026.68,1116.17,1024.7,1114.53,1021.74,1112.89,-3.6315,-0.1761,-2.2157,-2.0078,5.934,17.8,2.57,3.39,0.758,0.273,146.4,696200.04,5152727.48,696194.11,5152732.4,696185.21,5152737.32,92.96,,0,
kprcnn-nojitter-v1,Yakima-Toppenish_03_20260614,Yakima (arid),trained,1,1,450,1110,1,0.10739,475.18,1152.86,490.25,1158.0,15.07,5.14,77.42,489.43,1156.23,485.17,1155.59,477.64,1154.31,-0.891,1.8866,-0.0524,0.3144,11.951,35.85,4.307,7.644,0.563,0.053,170.7,694588.3,5152607.3,694575.52,5152609.22,694552.92,5152613.08,112.59,,0,
kprcnn-nojitter-v1,Yakima-Toppenish_03_20260614,Yakima (arid),trained,1,1,450,1110,0,0.06773,473.23,1138.99,484.79,1153.69,11.56,14.7,170.01,479.01,1141.44,479.34,1145.69,476.7,1153.53,-0.4994,1.4341,-2.3486,-0.4713,12.309,36.93,4.261,8.276,0.515,1.122,259.2,694557.03,5152651.68,694558.02,5152638.93,694550.09,5152615.41,145.59,,0,
kprcnn-nojitter-v1,Yakima-Toppenish_03_20260614,Yakima (arid),trained,1,1,480,1110,1,0.0994,492.07,1112.24,504.04,1127.96,11.98,15.72,188.28,502.21,1113.38,497.89,1119.93,501.55,1113.05,-6.7827,1.5919,-6.362,-3.851,0.742,2.22,7.849,7.79,1.008,7.787,153.8,694626.64,5152735.85,694613.67,5152716.2,694624.65,5152736.84,186.02,,0,
kprcnn-nojitter-v1,Yakima-Toppenish_03_20260614,Yakima (arid),trained,1,1,480,1110,0,0.07053,480.0,1151.78,493.64,1158.0,13.64,6.22,84.87,490.15,1156.2,484.82,1155.54,481.16,1154.23,-0.8124,0.8155,-2.4516,-0.8162,9.194,27.58,5.362,3.886,1.38,0.498,167.7,694590.44,5152607.4,694574.47,5152609.37,694563.49,5152613.3,113.49,,0,
kprcnn-nojitter-v1,Yakima-Toppenish_03_20260614,Yakima (arid),trained,1,1,990,1110,1,0.13473,1029.93,1135.29,1038.0,1146.65,8.07,11.36,91.68,1035.25,1144.54,1030.41,1140.0,1034.29,1136.75,-4.4695,-4.6208,-1.5962,-3.5622,7.847,23.54,6.641,5.054,1.314,4.246,97.1,696225.76,5152642.38,696211.23,5152656.0,696222.86,5152665.74,159.18,,0,
kprcnn-nojitter-v1,Yakima-Toppenish_03_20260614,Yakima (arid),trained,1,1,990,1110,0,0.07611,1023.55,1126.8,1037.13,1137.28,13.58,10.48,142.31,1026.03,1132.2,1030.01,1131.87,1025.7,1129.91,-6.4305,0.5404,0.5632,-1.7757,2.316,6.95,3.988,4.733,0.843,3.981,98.2,696198.09,5152679.39,696210.02,5152680.38,696197.1,5152686.27,139.82,,0,
kprcnn-nojitter-v1,Yakima-Toppenish_03_20260614,Yakima (arid),trained,1,1,990,1110,0,0.06816,1021.46,1133.32,1038.0,1145.64,16.54,12.32,203.75,1034.86,1144.14,1028.24,1140.15,1033.86,1136.48,-3.4485,0.7749,-2.0117,-1.5618,7.721,23.16,7.729,6.711,1.152,6.048,97.4,696224.57,5152643.58,696204.72,5152655.56,696221.59,5152666.55,155.65,,0,
kprcnn-nojitter-v1,Yakima-Toppenish_03_20260614,Yakima (arid),trained,1,1,990,1110,0,0.0646,1017.45,1110.77,1031.46,1118.88,14.01,8.11,113.65,1027.71,1116.77,1025.11,1114.5,1019.24,1111.26,-1.2247,0.5845,-3.7528,-1.4644,10.11,30.33,3.457,6.703,0.516,0.481,146.9,696203.14,5152725.68,696195.32,5152732.49,696177.72,5152742.22,93.6,,0,
kprcnn-nojitter-v1,Yakima-Toppenish_03_20260614,Yakima (arid),trained,1,1,1020,1110,1,0.12224,1020.0,1111.01,1034.21,1120.96,14.21,9.95,141.36,1027.44,1116.49,1024.79,1114.5,1030.08,1118.81,-2.2995,-0.1933,-2.4716,-1.6548,3.518,10.55,3.309,6.822,0.485,0.249,318.7,696202.31,5152726.54,696194.38,5152732.51,696210.24,5152719.58,93.02,,0,
kprcnn-nojitter-v1,Yakima-Toppenish_03_20260614,Yakima (arid),trained,1,1,1020,1110,0,0.09491,1021.4,1135.56,1038.04,1145.65,16.64,10.1,167.98,1034.54,1143.86,1028.22,1140.28,1033.88,1137.02,-5.2613,0.4527,-2.3623,-2.3903,6.871,20.61,7.267,6.528,1.113,5.946,95.6,696223.63,5152644.42,696204.66,5152655.17,696221.64,5152664.93,155.94,,0,
kprcnn-nojitter-v1,Yakima-Toppenish_03_20260614,Yakima (arid),trained,1,1,1020,1110,0,0.09432,1020.22,1110.07,1029.78,1117.42,9.56,7.35,70.25,1026.64,1115.98,1025.0,1114.38,1021.04,1112.46,-3.4677,0.3854,-3.5791,-2.2205,6.615,19.84,2.295,4.396,0.522,0.478,147.9,696199.93,5152728.06,696194.99,5152732.86,696183.12,5152738.61,93.11,,0,
kprcnn-nojitter-v1,Yakima-Toppenish_03_20260614,Yakima (arid),trained,1,1,1020,1110,0,0.08662,1020.43,1126.59,1029.62,1134.49,9.19,7.9,72.58,1025.85,1132.35,1028.47,1132.02,1025.52,1129.39,-6.7866,-7.3367,0.0596,-4.6879,2.979,8.94,2.647,3.957,0.669,2.646,96.3,696197.54,5152678.95,696205.41,5152679.93,696196.55,5152687.83,137.04,,0,
kprcnn-nojitter-v1,Yakima-Toppenish_03_20260614,Yakima (arid),trained,1,1,1020,1110,0,0.08259,1024.99,1133.44,1052.08,1148.15,27.09,14.71,398.4,1046.96,1145.05,1040.35,1140.47,1034.41,1136.22,-3.2932,0.4273,-2.8315,-1.8991,15.345,46.03,8.037,7.308,1.1,0.056,144.9,696260.88,5152640.86,696241.06,5152654.59,696223.22,5152667.33,179.95,,0,
kprcnn-nojitter-v1,Yakima-Toppenish_03_20260614,Yakima (arid),trained,1,1,1020,1110,0,0.05984,1034.18,1138.99,1045.05,1149.93,10.87,10.94,118.94,1035.99,1144.46,1040.61,1141.14,1042.91,1148.1,-5.6517,-1.9327,-1.3572,-2.9805,7.821,23.46,5.68,7.334,0.775,5.083,332.2,696227.98,5152642.63,696241.82,5152652.58,696248.74,5152631.69,181.91,,0,
kprcnn-nojitter-v1,Yakima-Toppenish_03_20260614,Yakima (arid),trained,1,1,1080,1110,1,0.21516,1080.22,1141.94,1091.62,1156.99,11.4,15.05,171.62,1089.18,1152.57,1084.29,1147.99,1090.48,1154.54,-0.5317,-1.2944,-4.2522,-2.0261,2.356,7.07,6.698,9.008,0.744,1.538,303.6,696387.54,5152618.28,696372.88,5152632.02,696391.45,5152612.39,292.03,,0,
kprcnn-nojitter-v1,Yakima-Toppenish_03_20260614,Yakima (arid),trained,1,1,1080,1110,0,0.06246,1080.13,1142.18,1087.49,1152.01,7.37,9.83,72.42,1081.25,1144.96,1083.81,1147.91,1087.33,1151.85,-0.0249,-0.6673,-4.5745,-1.7556,9.187,27.56,3.907,5.28,0.74,0.034,311.5,696363.74,5152641.11,696371.43,5152632.26,696381.99,5152620.46,290.72,,0,
kprcnn-nojitter-v1,Yakima-Toppenish_03_20260614,Yakima (arid),trained,1,1,1080,1110,0,0.06063,1081.32,1143.9,1090.33,1153.14,9.02,9.23,83.28,1081.48,1145.39,1084.05,1148.03,1081.48,1146.38,-2.4262,-1.0315,-4.9008,-2.7862,0.989,2.97,3.688,3.059,1.206,2.577,270.0,696364.43,5152639.84,696372.16,5152631.92,696364.43,5152636.87,291.51,,0,
kprcnn-nojitter-v1,Yakima-Toppenish_03_20260614,Yakima (arid),trained,1,1,450,1140,1,0.09584,473.96,1140.0,483.27,1152.66,9.31,12.66,117.82,478.78,1141.17,479.45,1145.83,478.12,1152.49,-0.3964,0.548,-3.5098,-1.1194,11.345,34.04,4.711,6.794,0.693,0.937,266.6,694556.35,5152652.5,694558.35,5152638.51,694554.36,5152618.52,145.07,,0,
kprcnn-nojitter-v1,Yakima-Toppenish_03_20260614,Yakima (arid),trained,1,1,480,1140,1,0.29901,508.66,1169.71,517.59,1187.24,8.93,17.53,156.55,511.47,1172.85,512.79,1177.15,517.09,1186.08,3.3707,3.0586,-1.0369,1.7975,14.377,43.13,4.499,9.913,0.454,0.464,293.0,694654.42,5152557.44,694658.38,5152544.54,694671.28,5152517.75,8.67,1,1,1.48
kprcnn-nojitter-v1,Yakima-Toppenish_03_20260614,Yakima (arid),trained,1,1,480,1140,0,0.11904,514.81,1184.3,520.58,1188.0,5.77,3.7,21.32,518.17,1187.23,519.77,1186.31,517.21,1186.31,-9.2058,-9.4334,0.6123,-6.009,1.333,4.0,1.85,2.564,0.721,1.776,136.1,694674.52,5152514.31,694679.32,5152517.08,694671.63,5152517.08,26.36,,0,
kprcnn-nojitter-v1,Yakima-Toppenish_03_20260614,Yakima (arid),trained,1,1,480,1140,0,0.07592,510.6,1180.04,519.73,1188.0,9.13,7.96,72.66,519.57,1181.2,513.37,1180.87,517.28,1186.51,-1.4133,-5.7073,1.7972,-1.7745,5.775,17.33,6.205,6.862,0.904,5.823,246.7,694678.7,5152532.39,694660.11,5152533.39,694671.85,5152516.48,3.3,1,1,3.953
kprcnn-nojitter-v1,Yakima-Toppenish_03_20260614,Yakima (arid),trained,1,1,480,1140,0,0.06088,480.0,1140.0,481.98,1158.42,1.98,18.42,36.38,480.5,1141.81,480.5,1147.4,481.15,1154.96,-2.6488,1.0034,-0.3997,-0.6817,13.17,39.51,5.59,7.592,0.736,0.28,272.9,694561.49,5152650.57,694561.49,5152633.8,694563.46,5152611.11,139.53,,0,
kprcnn-nojitter-v1,Yakima-Toppenish_03_20260614,Yakima (arid),trained,1,1,480,1140,0,0.05464,517.77,1140.0,528.0,1148.45,10.23,8.45,86.41,524.21,1141.79,523.55,1142.44,527.84,1144.39,-7.5436,-0.5936,-10.3264,-6.1546,4.464,13.39,0.926,4.711,0.197,0.913,324.4,694692.62,5152650.64,694690.64,5152648.69,694703.51,5152642.84,116.02,,0,
kprcnn-nojitter-v1,Yakima-Toppenish_03_20260614,Yakima (arid),trained,1,1,510,1140,1,0.52202,510.0,1169.79,517.01,1182.54,7.01,12.74,89.37,511.75,1172.9,513.03,1177.47,516.54,1182.37,2.6353,2.3315,-4.3652,0.2005,10.614,31.84,4.749,6.026,0.788,0.922,296.8,694655.26,5152557.31,694659.09,5152543.59,694669.61,5152528.88,7.53,1,1,2.559
kprcnn-nojitter-v1,Yakima-Toppenish_03_20260614,Yakima (arid),trained,1,1,510,1140,0,0.4387,510.0,1171.6,519.52,1188.0,9.52,16.4,156.09,511.81,1173.08,513.12,1178.32,516.73,1185.21,1.3854,1.8181,1.4797,1.5611,13.096,39.29,5.41,7.777,0.696,0.756,292.1,694655.42,5152556.77,694659.35,5152541.03,694670.18,5152520.36,5.05,1,1,1.28
kprcnn-nojitter-v1,Yakima-Toppenish_03_20260614,Yakima (arid),trained,1,1,510,1140,0,0.4007,510.0,1183.65,520.45,1188.0,10.45,4.35,45.48,510.82,1185.67,514.41,1185.67,517.02,1185.98,-7.6269,-6.923,1.2004,-4.4499,6.214,18.64,3.593,2.631,1.365,0.18,357.1,694652.45,5152518.99,694663.23,5152518.99,694671.07,5152518.06,17.52,1,1,6.095
kprcnn-nojitter-v1,Yakima-Toppenish_03_20260614,Yakima (arid),trained,1,1,510,1140,0,0.17619,512.74,1178.12,520.31,1187.75,7.57,9.62,72.87,519.82,1181.28,513.56,1179.28,517.19,1185.92,-0.9371,-3.5387,2.0462,-0.8099,5.341,16.02,6.564,7.561,0.868,6.423,240.5,694679.46,5152532.17,694660.69,5152538.15,694671.56,5152518.23,1.87,1,1,4.022
kprcnn-nojitter-v1,Yakima-Toppenish_03_20260614,Yakima (arid),trained,1,1,510,1140,0,0.15867,512.79,1184.27,518.87,1188.0,6.08,3.73,22.65,515.51,1185.67,515.51,1186.6,517.11,1186.29,-8.8727,-9.2535,0.6398,-5.8288,1.716,5.15,0.932,1.629,0.572,0.869,338.8,694666.52,5152518.99,694666.52,5152516.19,694671.32,5152517.12,20.86,,0,
kprcnn-nojitter-v1,Yakima-Toppenish_03_20260614,Yakima (arid),trained,1,1,510,1140,0,0.12939,510.09,1167.84,512.59,1178.79,2.5,10.95,27.42,511.18,1173.32,511.81,1177.3,511.81,1178.63,2.8468,-0.8109,-7.766,-1.91,5.346,16.04,4.031,1.327,3.037,0.155,276.7,694653.55,5152556.05,694655.43,5152544.1,694655.43,5152540.12,9.74,1,1,4.566
kprcnn-nojitter-v1,Yakima-Toppenish_03_20260614,Yakima (arid),trained,1,1,510,1140,0,0.10247,510.0,1168.95,513.57,1184.55,3.57,15.6,55.7,511.46,1172.76,512.43,1177.74,510.81,1181.06,2.4188,1.7731,-8.0063,-1.2715,8.323,24.97,5.073,3.695,1.373,1.359,265.5,694654.38,5152557.71,694657.3,5152542.78,694652.43,5152532.82,7.57,1,1,4.019
kprcnn-nojitter-v1,Yakima-Toppenish_03_20260614,Yakima (arid),trained,1,1,510,1140,0,0.07277,510.43,1183.52,519.52,1183.59,9.08,0.07,0.6,515.79,1183.69,514.49,1183.69,516.44,1183.69,-9.0638,-7.1572,-1.4618,-5.8943,0.649,1.95,1.298,1.946,0.667,0.0,0.0,694667.36,5152524.93,694663.47,5152524.93,694669.31,5152524.93,11.67,1,1,5.795
kprcnn-nojitter-v1,Yakima-Toppenish_03_20260614,Yakima (arid),trained,1,1,510,1140,0,0.06096,510.02,1180.06,511.09,1180.31,1.07,0.25,0.27,510.96,1180.23,510.69,1180.23,510.69,1180.23,-7.1916,-8.3534,-10.9197,-8.8216,0.268,0.8,0.268,0.0,,0.0,180.0,694652.87,5152535.32,694652.07,5152535.32,694652.07,5152535.32,9.4,1,1,6.199
kprcnn-nojitter-v1,Yakima-Toppenish_03_20260614,Yakima (arid),trained,1,1,510,1140,0,0.05471,510.05,1175.83,513.89,1175.83,3.84,0.0,0.02,513.09,1176.0,512.77,1176.0,513.73,1176.0,-7.5135,-3.4117,-11.7837,-7.5697,0.64,1.92,0.32,0.96,0.333,0.0,0.0,694659.26,5152548.01,694658.3,5152548.01,694661.18,5152548.01,12.0,1,1,5.835
kprcnn-nojitter-v1,Yakima-Toppenish_03_20260614,Yakima (arid),trained,1,1,1020,1140,1,0.20632,1030.1,1140.0,1047.69,1147.74,17.59,7.74,136.19,1035.24,1144.03,1040.55,1142.42,1034.58,1142.1,-4.5067,0.4401,-2.8085,-2.2917,2.046,6.14,5.55,5.983,0.928,5.547,108.9,696225.73,5152643.9,696241.66,5152648.74,696223.74,5152649.71,184.55,,0,
kprcnn-nojitter-v1,Yakima-Toppenish_03_20260614,Yakima (arid),trained,1,1,1020,1140,0,0.11765,1021.68,1140.0,1035.6,1148.11,13.93,8.11,112.9,1033.45,1144.05,1027.48,1141.13,1028.14,1145.67,-4.174,-0.6615,-2.4979,-2.4445,5.548,16.64,6.644,4.588,1.448,4.535,197.0,696220.34,5152643.84,696202.44,5152652.6,696204.43,5152638.98,156.78,,0,
kprcnn-nojitter-v1,Yakima-Toppenish_03_20260614,Yakima (arid),trained,1,1,1020,1140,0,0.09967,1037.09,1140.0,1046.7,1151.83,9.61,11.83,113.7,1040.9,1140.16,1040.9,1142.14,1043.56,1148.38,-6.5978,-0.31,-0.5998,-2.5025,8.631,25.89,1.971,6.782,0.291,0.606,287.9,696242.71,5152655.51,696242.71,5152649.59,696250.67,5152630.87,184.67,,0,
kprcnn-nojitter-v1,Yakima-Toppenish_03_20260614,Yakima (arid),trained,1,1,1050,1140,1,0.06199,1078.16,1141.49,1091.73,1154.43,13.56,12.94,175.5,1080.64,1144.31,1083.95,1147.96,1089.91,1153.27,-0.2123,0.4522,-5.7361,-1.8321,12.886,38.66,4.926,7.977,0.617,0.324,316.0,696361.93,5152643.06,696371.86,5152632.11,696389.72,5152616.18,291.16,,0,
kprcnn-nojitter-v1,Yakima-Toppenish_03_20260614,Yakima (arid),trained,1,1,1080,1140,1,0.19737,1080.13,1143.18,1091.52,1153.99,11.4,10.81,123.19,1081.27,1145.31,1084.2,1147.93,1089.08,1152.19,-0.8509,-0.1067,-5.0333,-1.997,10.411,31.23,3.931,6.48,0.607,0.031,318.6,696363.8,5152640.07,696372.59,5152632.21,696387.24,5152619.43,291.68,,0,
kprcnn-nojitter-v1,Yakima-Toppenish_03_20260614,Yakima (arid),trained,1,1,1080,1140,0,0.06888,1080.17,1142.87,1086.74,1151.02,6.56,8.16,53.52,1081.32,1144.66,1083.95,1147.92,1081.32,1146.29,0.2879,-0.7546,-5.575,-2.0139,1.631,4.89,4.187,3.09,1.355,2.625,270.0,696363.97,5152642.02,696371.84,5152632.23,696363.97,5152637.12,291.08,,0,
kprcnn-nojitter-v1,Yakima-Toppenish_03_20260614,Yakima (arid),trained,1,1,1110,1140,1,0.08383,1110.08,1184.49,1112.98,1188.0,2.9,3.51,10.19,1111.53,1185.92,1111.85,1185.92,1110.56,1186.56,-0.5987,-7.3582,-3.2325,-3.7298,1.159,3.48,0.322,1.439,0.224,0.178,213.4,696454.58,5152518.23,696455.55,5152518.23,696451.68,5152516.31,428.5,,0,
kprcnn-nojitter-v1,Yakima-Toppenish_03_20260614,Yakima (arid),trained,1,1,480,1170,1,0.8157,507.57,1170.0,517.01,1185.67,9.44,15.67,147.95,511.64,1172.78,512.62,1177.35,516.85,1185.51,2.419,1.8966,-3.2102,0.3685,13.758,41.28,4.675,9.195,0.508,0.827,292.2,694654.93,5152557.67,694657.86,5152543.96,694670.55,5152519.47,8.34,1,1,1.649
kprcnn-nojitter-v1,Yakima-Toppenish_03_20260614,Yakima (arid),trained,1,1,480,1170,0,0.33931,509.46,1171.33,516.06,1182.06,6.6,10.73,70.85,511.61,1173.12,512.6,1176.7,515.9,1181.9,2.1359,1.2024,-6.9538,-1.2051,9.773,29.32,3.712,6.162,0.602,0.681,296.0,694654.82,5152556.65,694657.79,5152545.91,694667.69,5152530.31,10.16,1,1,2.994
kprcnn-nojitter-v1,Yakima-Toppenish_03_20260614,Yakima (arid),trained,1,1,480,1170,0,0.06461,513.99,1175.34,519.66,1190.16,5.67,14.83,84.02,519.5,1180.77,514.78,1180.44,517.3,1186.38,-1.9841,-5.1943,1.6281,-1.8501,6.019,18.06,4.734,6.443,0.735,4.515,248.5,694678.5,5152533.68,694664.33,5152534.67,694671.89,5152516.87,3.41,1,1,3.875
kprcnn-nojitter-v1,Yakima-Toppenish_03_20260614,Yakima (arid),trained,1,1,510,1170,1,0.90337,510.0,1170.0,519.61,1188.23,9.61,18.23,175.07,512.15,1173.48,513.15,1178.78,516.79,1185.41,0.7365,1.4184,0.9444,1.0331,12.799,38.4,5.394,7.563,0.713,0.995,291.2,694656.46,5152555.56,694659.44,5152539.66,694670.37,5152519.77,3.79,1,1,0.95
kprcnn-nojitter-v1,Yakima-Toppenish_03_20260614,Yakima (arid),trained,1,1,510,1170,0,0.3844,510.0,1170.37,515.57,1181.34,5.57,10.96,61.07,511.47,1172.86,512.79,1177.18,511.15,1181.17,2.2379,0.752,-8.0223,-1.6775,8.311,24.93,4.513,4.31,1.047,1.48,267.7,694654.42,5152557.41,694658.36,5152544.45,694653.44,5152532.49,8.59,1,1,3.992
kprcnn-nojitter-v1,Yakima-Toppenish_03_20260614,Yakima (arid),trained,1,1,510,1170,0,0.33454,510.0,1182.49,520.27,1189.8,10.27,7.31,75.06,520.1,1182.66,514.47,1185.98,517.12,1185.98,-7.894,-6.2696,1.8609,-4.1009,4.464,13.39,6.538,2.65,2.467,1.972,228.1,694680.31,5152528.02,694663.42,5152518.05,694671.37,5152518.05,18.47,,0,
kprcnn-nojitter-v1,Yakima-Toppenish_03_20260614,Yakima (arid),trained,1,1,510,1170,0,0.30705,510.01,1170.05,514.15,1177.18,4.14,7.14,29.55,510.81,1173.13,512.72,1177.02,512.72,1177.02,1.9604,-3.6908,-8.9043,-3.5449,4.337,13.01,4.337,0.0,,0.0,296.1,694652.43,5152556.61,694658.16,5152544.93,694658.16,5152544.93,9.11,1,1,4.954
kprcnn-nojitter-v1,Yakima-Toppenish_03_20260614,Yakima (arid),trained,1,1,510,1170,0,0.17335,510.0,1170.46,512.71,1182.08,2.71,11.62,31.54,511.36,1172.61,511.66,1176.93,510.45,1181.91,2.2991,-1.1911,-8.7035,-2.5318,9.341,28.02,4.327,5.125,0.844,0.718,264.4,694654.07,5152558.16,694654.98,5152545.21,694651.36,5152530.27,10.89,1,1,4.368
kprcnn-nojitter-v1,Yakima-Toppenish_03_20260614,Yakima (arid),trained,1,1,510,1170,0,0.13836,510.64,1176.48,519.19,1184.99,8.56,8.51,72.79,519.03,1180.57,513.1,1179.26,517.05,1184.82,-2.8317,0.1975,-1.8914,-1.5086,4.689,14.07,6.067,6.821,0.889,5.924,245.1,694677.08,5152534.29,694659.31,5152538.21,694671.16,5152521.53,2.76,1,1,4.132
kprcnn-nojitter-v1,Yakima-Toppenish_03_20260614,Yakima (arid),trained,1,1,1110,1200,1,0.05424,1133.34,1211.52,1144.51,1224.2,11.17,12.68,141.64,1141.06,1220.13,1139.42,1216.88,1144.35,1222.41,-0.5916,2.4807,-1.7656,0.0412,3.997,11.99,3.642,7.405,0.492,1.737,325.3,696543.19,5152415.6,696538.26,5152425.35,696553.05,5152408.78,552.37,,0,
kprcnn-nojitter-v1,Yakima-Toppenish_03_20260614,Yakima (arid),trained,1,1,1140,1230,1,0.05435,1180.82,1263.75,1188.0,1278.0,7.18,14.25,102.3,1186.2,1266.57,1185.88,1273.53,1184.9,1266.24,1.842,-2.8012,-7.5663,-2.8418,1.347,4.04,6.965,7.354,0.947,6.824,165.8,696678.61,5152276.29,696677.64,5152255.42,696674.7,5152277.28,771.03,,0,
kprcnn-nojitter-v1,Yakima-Toppenish_03_20260614,Yakima (arid),trained,1,1,1200,1260,1,0.10692,1237.28,1297.03,1248.0,1307.74,10.72,10.7,114.76,1245.89,1304.33,1242.96,1302.38,1238.09,1298.82,0.2048,-0.2769,-4.6023,-1.5581,9.55,28.65,3.512,6.04,0.582,0.099,144.7,696857.66,5152163.01,696848.89,5152168.85,696834.27,5152179.55,954.58,,0,
kprcnn-nojitter-v1,Yakima-Toppenish_03_20260614,Yakima (arid),trained,1,1,1230,1260,1,0.12871,1234.49,1296.21,1249.73,1308.0,15.24,11.79,179.66,1246.91,1304.89,1243.27,1302.6,1238.3,1298.67,-1.8879,0.0809,-3.1349,-1.6473,10.625,31.88,4.305,6.335,0.68,0.276,144.2,696860.73,5152161.33,696849.8,5152168.21,696834.89,5152180.0,955.68,,0,
kprcnn-nojitter-v1,Yakima-Toppenish_03_20260614,Yakima (arid),trained,1,1,1230,1260,0,0.07944,1262.96,1278.07,1270.64,1290.5,7.68,12.43,95.39,1266.0,1287.39,1266.96,1284.12,1265.68,1288.37,-3.6132,-2.5219,-3.1309,-3.0886,1.032,3.1,3.408,4.439,0.768,0.101,251.9,696918.0,5152213.82,696920.88,5152223.63,696917.04,5152210.88,975.46,,0,
kprcnn-nojitter-v1,Yakima-Toppenish_03_20260614,Yakima (arid),trained,1,1,1170,1290,1,0.06295,1209.33,1290.07,1216.38,1292.69,7.05,2.62,18.45,1212.06,1291.22,1211.41,1291.87,1211.09,1291.87,1.1309,-7.4862,-8.4485,-4.9346,1.163,3.49,0.916,0.321,2.857,0.18,214.2,696756.17,5152202.35,696754.24,5152200.39,696753.28,5152200.39,864.06,,0,
kprcnn-nojitter-v1,Yakima-Toppenish_03_20260614,Yakima (arid),trained,1,1,1200,1290,1,0.26382,1209.41,1290.0,1224.77,1300.38,15.37,10.38,159.5,1212.84,1291.46,1216.11,1293.73,1221.34,1298.6,0.9246,-0.0627,-0.7986,0.0211,11.099,33.3,3.981,7.144,0.557,0.363,320.0,696758.52,5152201.62,696768.32,5152194.81,696784.02,5152180.21,878.02,,0,
kprcnn-nojitter-v1,Yakima-Toppenish_03_20260614,Yakima (arid),trained,1,1,1200,1290,0,0.08475,1200.13,1290.0,1217.21,1293.39,17.08,3.39,57.92,1212.12,1290.77,1203.91,1290.77,1212.45,1292.31,1.7532,-2.4212,-7.9927,-2.8869,1.576,4.73,8.212,8.679,0.946,8.032,282.0,696756.37,5152203.69,696731.73,5152203.69,696757.35,5152199.06,845.84,,0,
kprcnn-nojitter-v1,Yakima-Toppenish_03_20260614,Yakima (arid),trained,1,1,1200,1290,0,0.06153,1205.51,1290.0,1216.8,1291.88,11.29,1.88,21.2,1212.31,1291.1,1210.65,1290.78,1212.65,1291.72,1.3372,-7.6947,-7.6356,-4.6644,0.709,2.13,1.69,2.203,0.767,1.32,297.9,696756.94,5152202.71,696751.96,5152203.65,696757.94,5152200.84,860.15,,0,
kprcnn-nojitter-v1,Yakima-Toppenish_03_20260614,Yakima (arid),trained,1,1,1200,1290,0,0.05947,1239.21,1297.12,1247.95,1305.82,8.74,8.69,75.97,1245.84,1304.05,1243.25,1302.12,1239.69,1299.54,0.403,-0.4189,-4.8401,-1.6187,7.624,22.87,3.23,4.394,0.735,0.027,143.8,696857.53,5152163.86,696849.76,5152169.65,696839.08,5152177.38,954.69,,0,
kprcnn-nojitter-v1,Yakima-Toppenish_03_20260614,Yakima (arid),trained,1,1,1230,1290,1,0.71522,1265.9,1329.23,1278.0,1338.0,12.1,8.77,106.14,1268.03,1332.31,1271.62,1333.94,1275.55,1336.54,2.7305,1.6156,-6.9372,-0.8637,8.626,25.88,3.947,4.707,0.839,0.345,330.7,696924.08,5152079.06,696934.87,5152074.18,696946.64,5152066.39,1081.89,,0,
kprcnn-nojitter-v1,Yakima-Toppenish_03_20260614,Yakima (arid),trained,1,1,1230,1290,0,0.15445,1271.46,1332.0,1278.0,1337.97,6.54,5.98,39.07,1275.87,1335.82,1272.28,1334.49,1275.22,1336.81,0.0617,-1.6765,-6.6657,-2.7601,1.191,3.57,3.834,3.75,1.022,3.735,236.7,696947.62,5152068.55,696936.83,5152072.54,696945.66,5152065.56,1084.45,,0,
kprcnn-nojitter-v1,Yakima-Toppenish_03_20260614,Yakima (arid),trained,1,1,1260,1290,1,0.8017,1265.65,1329.96,1279.77,1338.0,14.12,8.04,113.53,1268.11,1332.37,1271.73,1334.3,1275.99,1336.55,2.1924,2.1432,-4.2762,0.0198,8.921,26.76,4.095,4.826,0.849,0.012,332.1,696924.34,5152078.88,696935.18,5152073.1,696947.98,5152066.34,1082.86,,0,
kprcnn-nojitter-v1,Yakima-Toppenish_03_20260614,Yakima (arid),trained,1,1,1290,1290,1,0.08913,1290.09,1330.78,1298.04,1337.63,7.95,6.85,54.46,1296.55,1336.16,1294.23,1334.21,1291.59,1334.53,-0.4909,-5.3623,-2.0485,-2.6339,5.228,15.68,3.034,2.669,1.137,1.137,161.8,697009.65,5152067.51,697002.7,5152073.38,696994.76,5152072.4,1133.21,,0,
kprcnn-nojitter-v1,Yakima-Toppenish_03_20260614,Yakima (arid),trained,1,1,1290,1290,0,0.06443,1290.45,1332.47,1302.96,1338.0,12.51,5.53,69.21,1297.2,1336.21,1295.88,1335.23,1291.27,1333.93,-0.2171,-5.2527,-3.2237,-2.8978,6.348,19.04,1.639,4.789,0.342,0.439,159.0,697011.59,5152067.37,697007.64,5152070.3,696993.81,5152074.2,1138.96,,0,
kprcnn-nojitter-v1,Yakima-Toppenish_03_20260614,Yakima (arid),trained,1,1,1290,1290,0,0.05153,1290.1,1331.31,1294.23,1337.55,4.12,6.24,25.72,1290.89,1333.11,1292.16,1333.11,1290.89,1334.1,-2.7763,-8.8391,-2.9852,-4.8669,0.985,2.95,1.269,1.606,0.79,1.269,270.0,696992.68,5152076.66,696996.49,5152076.66,696992.68,5152073.7,1126.35,,0,
kprcnn-nojitter-v1,Yakima-Toppenish_03_20260614,Yakima (arid),trained,1,1,1230,1320,1,0.82155,1264.72,1329.49,1278.0,1340.96,13.28,11.48,152.4,1268.21,1332.27,1271.86,1334.57,1276.84,1338.5,2.337,2.3439,-0.9021,1.2596,10.645,31.93,4.313,6.346,0.68,0.276,324.2,696924.62,5152079.18,696935.58,5152072.29,696950.51,5152060.49,1083.7,,0,
kprcnn-nojitter-v1,Yakima-Toppenish_03_20260614,Yakima (arid),trained,1,1,1260,1320,1,0.38693,1265.3,1329.52,1280.08,1341.0,14.78,11.48,169.62,1268.09,1332.31,1271.7,1334.6,1277.29,1338.54,1.4117,2.3446,0.7751,1.5105,11.108,33.32,4.28,6.831,0.627,0.126,325.9,696924.27,5152079.07,696935.11,5152072.19,696951.86,5152060.38,1083.42,,0,
kprcnn-nojitter-v1,Yakima-Toppenish_03_20260614,Yakima (arid),trained,1,1,1320,1320,1,0.10198,1320.1,1346.68,1333.49,1356.32,13.39,9.64,129.01,1331.04,1353.83,1325.49,1351.17,1321.25,1349.51,-1.2998,-1.5854,-4.6369,-2.5073,10.707,32.12,6.155,4.559,1.35,0.193,156.2,697113.13,5152014.52,697096.48,5152022.49,697083.74,5152027.48,1237.8,,0,
kprcnn-nojitter-v1,Yakima-Toppenish_03_20260614,Yakima (arid),trained,1,1,1320,1350,1,0.06204,1321.23,1350.0,1332.57,1355.24,11.35,5.24,59.44,1325.6,1351.15,1327.23,1351.8,1330.79,1354.09,-2.19,-4.4307,-4.2191,-3.6133,5.965,17.9,1.748,4.239,0.412,0.231,330.4,697096.81,5152022.56,697101.68,5152020.6,697112.37,5152013.72,1243.02,,0,
kprcnn-nojitter-v1,Yakima-Toppenish_03_20260614,Yakima (arid),trained,1,1,1350,1350,1,0.67593,1368.48,1372.44,1384.98,1381.38,16.5,8.93,147.36,1371.62,1374.59,1376.57,1376.91,1382.17,1379.56,-0.1539,0.8767,-3.9959,-1.091,11.667,35.0,5.464,6.202,0.881,0.009,334.8,697234.85,5151952.22,697249.7,5151945.27,697266.52,5151937.33,1405.73,,0,
kprcnn-nojitter-v1,Yakima-Toppenish_03_20260614,Yakima (arid),trained,1,1,1350,1350,0,0.32525,1356.83,1367.54,1375.28,1376.16,18.45,8.62,158.96,1371.49,1374.34,1366.55,1372.02,1371.82,1374.67,0.2743,-0.2789,-6.9514,-2.3186,0.467,1.4,5.459,5.9,0.925,1.869,314.8,697234.47,5151952.98,697219.65,5151959.94,697235.46,5151951.99,1373.02,,0,
kprcnn-nojitter-v1,Yakima-Toppenish_03_20260614,Yakima (arid),trained,1,1,1350,1350,0,0.2288,1377.65,1376.53,1396.19,1387.06,18.53,10.53,195.15,1392.71,1384.93,1387.09,1381.96,1382.12,1379.99,-1.3545,1.2761,-4.5634,-1.5473,11.683,35.05,6.358,5.342,1.19,0.308,155.0,697298.13,5151921.22,697281.26,5151930.11,697266.36,5151936.03,1439.98,,0,
kprcnn-nojitter-v1,Yakima-Toppenish_03_20260614,Yakima (arid),trained,1,1,1380,1350,1,0.23041,1380.0,1376.83,1394.74,1386.36,14.74,9.53,140.51,1391.96,1384.56,1386.72,1381.93,1382.46,1379.96,-1.7576,-0.5194,-1.9474,-1.4082,10.557,31.67,5.865,4.694,1.249,0.082,154.2,697295.88,5151922.33,697280.15,5151930.22,697267.37,5151936.13,1439.03,,0,
kprcnn-nojitter-v1,Yakima-Toppenish_03_20260614,Yakima (arid),trained,1,1,1410,1350,1,0.05537,1412.94,1394.29,1419.02,1398.0,6.07,3.71,22.52,1415.98,1395.99,1414.7,1396.3,1413.42,1395.07,0.2841,-7.024,-5.0996,-3.9465,2.72,8.16,1.316,1.778,0.74,0.726,160.1,697367.93,5151888.02,697364.1,5151887.1,697360.26,5151890.8,1531.96,,0,
kprcnn-nojitter-v1,Yakima-Toppenish_03_20260614,Yakima (arid),trained,1,1,1350,1380,1,0.1378,1379.31,1380.0,1395.43,1385.7,16.11,5.7,91.87,1390.99,1383.64,1387.04,1382.06,1382.77,1380.79,-3.4132,-1.1418,-2.5738,-2.3763,8.701,26.1,4.252,4.459,0.954,0.204,160.9,697292.96,5151925.07,697281.12,5151929.82,697268.3,5151933.62,1440.04,,0,
kprcnn-nojitter-v1,Yakima-Toppenish_03_20260614,Yakima (arid),trained,1,1,1380,1380,1,0.06672,1380.51,1380.0,1393.16,1385.36,12.65,5.36,67.8,1391.0,1383.63,1386.67,1382.05,1383.01,1380.79,-3.3922,-2.9174,-2.025,-2.7782,8.479,25.44,4.606,3.873,1.189,0.037,160.5,697293.0,5151925.12,697280.01,5151929.85,697269.03,5151933.64,1439.15,,0,
kprcnn-nojitter-v1,Yakima-Toppenish_03_20260614,Yakima (arid),trained,1,1,1410,1380,1,0.08916,1450.26,1424.35,1456.63,1428.0,6.37,3.65,23.29,1453.29,1426.51,1455.52,1426.84,1451.38,1425.51,0.6236,-5.6408,-7.7591,-4.2588,2.156,6.47,2.255,4.351,0.518,0.736,152.5,697479.86,5151796.48,697486.56,5151795.49,697474.13,5151799.47,1684.89,,0,
kprcnn-nojitter-v1,Yakima-Toppenish_03_20260614,Yakima (arid),trained,1,1,600,1410,1,0.05562,619.08,1410.0,637.36,1418.0,18.28,8.0,146.16,633.87,1411.83,629.21,1413.83,622.9,1411.83,0.3844,1.312,-6.2623,-1.522,10.966,32.9,5.064,6.623,0.765,1.999,180.0,695021.6,5151840.5,695007.64,5151834.5,694988.7,5151840.5,782.66,,0,
kprcnn-nojitter-v1,Yakima-Toppenish_03_20260614,Yakima (arid),trained,1,1,630,1410,1,0.05072,630.03,1410.0,631.35,1421.56,1.32,11.56,15.29,631.19,1411.49,630.19,1413.8,630.86,1419.08,-3.3451,-5.722,-1.5321,-3.5331,7.605,22.82,2.516,5.327,0.472,0.89,267.5,695013.56,5151841.54,695010.58,5151834.6,695012.57,5151818.75,783.88,,0,
kprcnn-nojitter-v1,Yakima-Toppenish_03_20260614,Yakima (arid),trained,1,1,1380,1410,1,0.1694,1395.69,1422.96,1409.4,1434.79,13.71,11.83,162.18,1398.79,1431.67,1402.38,1428.38,1398.14,1431.01,-9.2002,-0.3786,-1.9703,-3.8497,0.926,2.78,4.867,4.992,0.975,4.863,134.8,697316.37,5151780.99,697327.14,5151790.85,697314.41,5151782.96,1563.4,,0,
kprcnn-nojitter-v1,Yakima-Toppenish_03_20260614,Yakima (arid),trained,1,1,1410,1410,1,0.06723,1450.22,1424.08,1458.0,1436.47,7.78,12.4,96.44,1453.3,1426.52,1456.22,1429.46,1452.0,1426.52,2.4528,0.1102,-9.264,-2.2337,1.297,3.89,4.139,5.136,0.806,2.936,180.0,697479.9,5151796.43,697488.65,5151787.62,697476.01,5151796.43,1691.3,,0,
kprcnn-nojitter-v1,Yakima-Toppenish_03_20260614,Yakima (arid),trained,1,1,1440,1410,1,0.22528,1450.08,1425.0,1465.24,1434.79,15.15,9.79,148.31,1453.21,1427.12,1457.17,1429.08,1462.44,1431.69,1.1114,1.2701,0.8259,1.0692,10.293,30.88,4.411,5.882,0.75,0.0,333.7,697479.64,5151794.64,697491.5,5151788.77,697507.31,5151780.94,1692.88,,0,
kprcnn-nojitter-v1,Yakima-Toppenish_03_20260614,Yakima (arid),trained,1,1,1440,1410,0,0.06422,1475.22,1452.18,1487.7,1458.0,12.48,5.82,72.56,1485.57,1455.25,1480.64,1456.55,1485.57,1455.9,-2.468,1.0569,-5.8026,-2.4045,0.646,1.94,5.092,4.968,1.025,4.926,270.0,697576.71,5151710.24,697561.93,5151706.36,697576.71,5151708.3,1798.87,,0,
kprcnn-nojitter-v1,Yakima-Toppenish_03_20260614,Yakima (arid),trained,1,1,630,1440,1,0.07947,644.41,1457.7,659.92,1468.41,15.51,10.71,166.13,647.55,1461.11,652.83,1463.06,647.88,1463.06,2.4128,-0.87,-9.4498,-2.6356,1.975,5.93,5.628,4.951,1.137,4.881,279.6,695062.64,5151692.67,695078.48,5151686.83,695063.63,5151686.83,946.44,,0,
kprcnn-nojitter-v1,Yakima-Toppenish_03_20260614,Yakima (arid),trained,1,1,660,1440,1,0.1762,673.85,1477.35,687.17,1488.0,13.31,10.65,141.8,679.68,1484.84,680.34,1483.17,676.02,1482.51,-9.6783,0.6903,-7.8403,-5.6095,4.339,13.02,1.793,4.377,0.41,1.761,147.5,695159.04,5151621.49,695161.03,5151626.48,695148.05,5151628.48,1038.08,,0,
kprcnn-nojitter-v1,Yakima-Toppenish_03_20260614,Yakima (arid),trained,1,1,1470,1440,1,0.05058,1482.76,1467.61,1505.37,1479.39,22.6,11.78,266.36,1500.88,1470.39,1493.57,1475.3,1486.92,1470.06,-6.311,-2.8213,-0.8911,-3.3411,13.965,41.89,8.808,8.463,1.041,5.08,178.7,697622.63,5151664.83,697600.7,5151650.1,697580.75,5151665.81,1864.09,,0,
kprcnn-nojitter-v1,Yakima-Toppenish_03_20260614,Yakima (arid),trained,1,1,1500,1440,1,0.13163,1533.62,1453.5,1548.0,1461.51,14.38,8.0,115.1,1545.55,1459.75,1541.63,1457.83,1536.07,1455.58,1.4184,0.5832,-0.6191,0.4608,10.351,31.05,4.367,5.991,0.729,0.182,156.3,697756.65,5151696.76,697744.88,5151702.52,697728.21,5151709.25,1948.93,,0,
kprcnn-nojitter-v1,Yakima-Toppenish_03_20260614,Yakima (arid),trained,1,1,1500,1440,0,0.07702,1521.06,1481.02,1539.23,1488.0,18.17,6.98,126.73,1524.2,1482.19,1531.13,1484.84,1524.2,1483.52,-7.9845,0.0385,-0.6621,-2.8694,1.329,3.99,7.428,7.063,1.052,6.937,270.0,697692.59,5151629.44,697713.4,5151621.47,697692.59,5151625.45,1970.78,,0,
kprcnn-nojitter-v1,Yakima-Toppenish_03_20260614,Yakima (arid),trained,1,1,1530,1440,1,0.13227,1532.53,1452.9,1549.21,1462.14,16.68,9.24,154.21,1546.43,1460.32,1541.85,1458.01,1535.63,1455.37,1.3448,0.9063,-0.353,0.6327,11.876,35.63,5.129,6.753,0.76,0.191,155.4,697759.28,5151695.03,697745.55,5151701.96,697726.9,5151709.89,1949.79,,0,
kprcnn-nojitter-v1,Yakima-Toppenish_03_20260614,Yakima (arid),trained,1,1,1560,1440,1,0.56313,1584.12,1477.39,1597.75,1488.0,13.63,10.61,144.63,1595.26,1484.52,1590.93,1482.53,1586.61,1480.21,1.2052,0.9242,-0.5572,0.5241,9.658,28.97,4.757,4.905,0.97,0.148,153.5,697905.77,5151622.45,697892.8,5151628.42,697879.84,5151635.38,2112.91,,0,
kprcnn-nojitter-v1,Yakima-Toppenish_03_20260614,Yakima (arid),trained,1,1,1590,1440,1,0.30922,1596.04,1462.12,1615.61,1471.13,19.57,9.01,176.33,1610.8,1469.36,1606.82,1467.11,1601.18,1466.46,0.7123,-0.4403,0.6134,0.2952,10.047,30.14,4.574,5.676,0.806,1.009,163.2,697952.41,5151667.93,697940.46,5151674.68,697923.54,5151676.61,2127.63,,0,
kprcnn-nojitter-v1,Yakima-Toppenish_03_20260614,Yakima (arid),trained,1,1,1590,1440,0,0.09303,1590.0,1477.42,1599.57,1487.9,9.57,10.48,100.25,1596.1,1484.46,1591.15,1482.17,1593.46,1483.81,1.9474,-2.8345,-7.1224,-2.6698,2.72,8.16,5.454,2.831,1.927,1.033,166.1,697908.31,5151622.62,697893.46,5151629.5,697900.39,5151624.58,2112.86,,0,
kprcnn-nojitter-v1,Yakima-Toppenish_03_20260614,Yakima (arid),trained,1,1,1590,1440,0,0.07844,1590.86,1480.42,1595.09,1486.12,4.23,5.71,24.11,1591.68,1482.48,1591.03,1482.48,1594.93,1484.69,-2.6288,-6.1122,-5.01,-4.5837,3.936,11.81,0.65,4.488,0.145,0.367,325.7,697895.03,5151628.57,697893.08,5151628.57,697904.78,5151621.92,2113.06,,0,
kprcnn-nojitter-v1,Yakima-Toppenish_03_20260614,Yakima (arid),trained,1,1,1590,1440,0,0.06404,1593.58,1481.37,1602.84,1488.0,9.27,6.63,61.44,1596.06,1484.85,1600.03,1486.18,1595.07,1483.52,1.3345,-4.2307,-8.4936,-3.7966,1.657,4.97,4.187,5.628,0.744,2.384,126.8,697908.18,5151621.45,697920.09,5151617.47,697905.2,5151625.43,2141.68,,0,
kprcnn-nojitter-v1,Yakima-Toppenish_03_20260614,Yakima (arid),trained,1,1,1470,1470,1,0.14171,1485.2,1470.1,1494.65,1474.32,9.45,4.21,39.83,1485.36,1470.91,1485.36,1471.24,1486.99,1470.91,-8.3037,-9.6422,-1.0733,-6.3397,1.63,4.89,0.324,1.661,0.195,0.324,0.0,697576.09,5151663.26,697576.09,5151662.29,697580.98,5151663.26,1837.24,,0,
kprcnn-nojitter-v1,Yakima-Toppenish_03_20260614,Yakima (arid),trained,1,1,1470,1470,0,0.12009,1480.02,1470.11,1503.4,1474.55,23.37,4.44,103.73,1495.66,1470.9,1491.05,1473.44,1484.47,1471.22,-8.4098,-8.1512,-0.3426,-5.6346,11.197,33.59,5.26,6.948,0.757,2.404,181.6,697606.98,5151663.29,697593.15,5151655.68,697573.4,5151662.34,1854.7,,0,
kprcnn-nojitter-v1,Yakima-Toppenish_03_20260614,Yakima (arid),trained,1,1,1470,1470,0,0.1015,1480.89,1470.07,1492.54,1473.78,11.65,3.7,43.14,1491.38,1470.84,1490.71,1472.39,1485.39,1470.84,-8.6138,-9.8827,-0.6199,-6.3721,5.992,17.98,1.68,5.545,0.303,1.543,180.0,697594.14,5151663.47,697592.14,5151658.84,697576.16,5151663.47,1851.96,,0,
kprcnn-nojitter-v1,Yakima-Toppenish_03_20260614,Yakima (arid),trained,1,1,1530,1470,1,0.18621,1530.15,1485.63,1540.49,1490.33,10.34,4.7,48.58,1532.25,1486.41,1532.57,1487.35,1537.42,1488.61,-7.9395,-3.7041,0.034,-3.8699,5.615,16.85,0.994,5.006,0.199,0.739,337.0,697716.75,5151616.76,697717.72,5151613.94,697732.26,5151610.18,1978.76,,0,
kprcnn-nojitter-v1,Yakima-Toppenish_03_20260614,Yakima (arid),trained,1,1,1530,1470,0,0.10673,1552.47,1471.4,1561.62,1482.21,9.14,10.82,98.92,1553.94,1475.49,1555.9,1475.82,1559.82,1479.43,-0.9393,-7.0257,-0.4672,-2.8108,7.073,21.22,1.987,5.326,0.373,0.817,326.2,697781.83,5151649.52,697787.71,5151648.54,697799.47,5151637.72,2014.92,,0,
kprcnn-nojitter-v1,Yakima-Toppenish_03_20260614,Yakima (arid),trained,1,1,1530,1470,0,0.07477,1570.71,1499.28,1578.0,1512.17,7.29,12.89,93.96,1577.5,1507.37,1575.85,1505.39,1577.83,1512.0,-7.8525,1.1328,-9.2089,-5.3096,4.637,13.91,2.584,6.901,0.374,1.511,274.1,697852.51,5151553.88,697847.54,5151559.82,697853.5,5151540.0,2115.24,,0,
kprcnn-nojitter-v1,Yakima-Toppenish_03_20260614,Yakima (arid),trained,1,1,1560,1470,1,0.9026,1578.82,1486.86,1594.63,1496.41,15.8,9.54,150.84,1581.62,1489.66,1585.9,1491.63,1592.16,1494.92,2.1199,1.2255,-1.3414,0.668,11.778,35.33,4.714,7.068,0.667,0.147,333.4,697864.87,5151607.03,697877.71,5151601.1,697896.47,5151591.23,2115.86,,0,
kprcnn-nojitter-v1,Yakima-Toppenish_03_20260614,Yakima (arid),trained,1,1,1560,1470,0,0.42548,1583.65,1476.39,1597.63,1487.3,13.97,10.91,152.49,1595.13,1484.49,1591.14,1482.18,1586.15,1479.86,1.2587,1.9086,-0.6627,0.8349,10.106,30.32,4.615,5.502,0.839,0.229,152.7,697905.39,5151622.52,697893.42,5151629.47,697878.44,5151636.41,2112.84,,0,
kprcnn-nojitter-v1,Yakima-Toppenish_03_20260614,Yakima (arid),trained,1,1,1560,1470,0,0.28014,1593.56,1482.2,1608.0,1490.95,14.44,8.74,126.3,1596.02,1484.63,1599.96,1486.58,1605.21,1489.49,1.9029,0.025,-4.4923,-0.8548,10.396,31.19,4.392,6.007,0.731,0.123,332.1,697908.05,5151622.1,697919.87,5151616.27,697935.63,5151607.53,2142.16,,0,
kprcnn-nojitter-v1,Yakima-Toppenish_03_20260614,Yakima (arid),trained,1,1,1590,1470,1,0.13835,1618.74,1506.47,1630.99,1517.45,12.24,10.98,134.46,1621.22,1508.96,1624.86,1510.96,1630.82,1513.95,1.3846,-1.2348,-3.6881,-1.1795,10.817,32.45,4.152,6.667,0.623,0.092,332.5,697983.67,5151549.11,697994.59,5151543.12,698012.46,5151534.14,2245.03,,0,
kprcnn-nojitter-v1,Yakima-Toppenish_03_20260614,Yakima (arid),trained,1,1,1590,1470,0,0.06556,1601.34,1498.05,1616.28,1509.15,14.93,11.1,165.8,1604.49,1500.5,1608.48,1502.78,1614.12,1505.72,1.6712,0.7136,-1.3434,0.3471,10.951,32.85,4.592,6.361,0.722,0.109,331.5,697933.48,5151574.5,697945.43,5151567.65,697962.35,5151558.83,2190.6,,0,
kprcnn-nojitter-v1,Yakima-Toppenish_03_20260614,Yakima (arid),trained,1,1,1620,1470,1,0.10246,1632.36,1513.49,1644.96,1518.0,12.6,4.51,56.83,1634.51,1515.91,1638.5,1516.55,1633.19,1514.62,0.3591,0.2886,-4.9357,-1.4293,1.849,5.55,4.032,5.648,0.714,2.311,135.8,698023.54,5151528.28,698035.49,5151526.35,698019.56,5151532.14,2288.28,,0,
kprcnn-nojitter-v1,Yakima-Toppenish_03_20260614,Yakima (arid),trained,1,1,1530,1500,1,0.07579,1570.27,1500.0,1578.0,1510.42,7.73,10.42,80.55,1573.01,1500.16,1575.91,1505.38,1573.01,1500.16,-6.4534,0.4397,-5.8728,-3.9622,0.0,0.0,5.964,5.964,1.0,0.0,0.0,697839.03,5151575.51,697847.72,5151559.87,697839.03,5151575.51,2115.36,,0,
kprcnn-nojitter-v1,Yakima-Toppenish_03_20260614,Yakima (arid),trained,1,1,1530,1500,0,0.06987,1544.59,1500.1,1562.92,1503.49,18.33,3.39,62.13,1558.09,1503.33,1552.42,1501.79,1557.42,1501.48,-9.0345,-6.7187,0.4126,-5.1135,1.965,5.9,5.871,5.009,1.172,4.807,109.8,697794.26,5151566.0,697777.27,5151570.62,697792.26,5151571.55,2052.39,,0,
kprcnn-nojitter-v1,Yakima-Toppenish_03_20260614,Yakima (arid),trained,1,1,1590,1500,1,0.05361,1602.3,1500.0,1617.36,1507.72,15.06,7.72,116.27,1605.08,1501.13,1609.01,1502.73,1614.9,1505.95,0.3251,-1.3108,-0.0322,-0.3393,10.942,32.83,4.245,6.713,0.632,0.289,333.8,697935.24,5151572.62,697947.03,5151567.8,697964.7,5151558.14,2191.83,,0,
kprcnn-nojitter-v1,Yakima-Toppenish_03_20260614,Yakima (arid),trained,1,1,1620,1500,1,0.91781,1647.84,1521.94,1666.19,1531.68,18.34,9.74,178.57,1651.28,1524.38,1656.52,1526.65,1663.07,1529.57,2.6462,3.2307,1.4755,2.4508,12.884,38.65,5.712,7.172,0.796,0.033,336.2,698073.85,5151502.87,698089.57,5151496.06,698109.22,5151487.3,2350.06,,0,
kprcnn-nojitter-v1,Yakima-Toppenish_03_20260614,Yakima (arid),trained,1,1,1620,1500,0,0.55635,1629.27,1511.79,1644.89,1522.48,15.61,10.69,166.93,1633.43,1515.19,1638.41,1517.46,1644.72,1521.02,0.3438,2.7201,-3.6514,-0.1959,12.711,38.13,5.475,7.248,0.755,0.271,332.7,698020.28,5151530.42,698035.23,5151523.62,698054.17,5151512.93,2289.6,,0,
kprcnn-nojitter-v1,Yakima-Toppenish_03_20260614,Yakima (arid),trained,1,1,1620,1500,0,0.0926,1660.21,1527.93,1667.42,1537.26,7.21,9.33,67.26,1666.27,1531.77,1663.98,1533.1,1663.0,1529.77,-4.776,-8.8737,2.19,-3.8199,3.839,11.52,2.653,3.473,0.764,2.332,148.6,698118.82,5151480.7,698111.94,5151476.7,698108.99,5151486.7,2379.42,,0,
kprcnn-nojitter-v1,Yakima-Toppenish_03_20260614,Yakima (arid),trained,1,1,1650,1500,1,0.8917,1650.0,1522.23,1665.3,1532.31,15.3,10.08,154.28,1651.16,1524.34,1656.49,1526.62,1662.8,1529.87,1.1304,1.9026,0.6838,1.2389,12.887,38.66,5.788,7.107,0.814,0.227,334.6,698073.49,5151502.98,698089.46,5151496.15,698108.41,5151486.39,2349.91,,0,
kprcnn-nojitter-v1,Yakima-Toppenish_03_20260614,Yakima (arid),trained,1,1,690,1530,1,0.07705,713.18,1530.0,721.85,1533.54,8.66,3.54,30.69,718.01,1531.13,719.35,1532.42,713.35,1532.74,-0.433,-2.6083,-7.4788,-3.5067,4.934,14.8,1.853,6.006,0.309,1.653,199.0,695274.04,5151482.62,695278.04,5151478.75,695260.05,5151477.79,1224.29,,0,
kprcnn-nojitter-v1,Yakima-Toppenish_03_20260614,Yakima (arid),trained,1,1,1620,1530,1,0.06008,1658.63,1530.0,1666.87,1531.5,8.24,1.5,12.34,1666.05,1530.75,1661.1,1530.75,1663.41,1530.45,-5.7594,-9.3844,-0.3611,-5.1683,2.653,7.96,4.943,2.326,2.125,0.558,173.5,698118.14,5151483.75,698103.31,5151483.75,698110.23,5151484.65,2368.33,,0,
kprcnn-nojitter-v1,Yakima-Toppenish_03_20260614,Yakima (arid),trained,1,1,1740,1530,1,0.06076,1740.34,1570.35,1748.46,1578.0,8.12,7.65,62.16,1747.0,1575.84,1746.35,1575.84,1741.8,1571.85,-0.4204,-7.5419,-4.3328,-4.0984,6.555,19.67,0.65,6.053,0.107,0.396,142.5,698360.99,5151348.49,698359.04,5151348.49,698345.39,5151360.46,2153.59,,0,
kprcnn-nojitter-v1,Yakima-Toppenish_03_20260614,Yakima (arid),trained,1,1,1740,1560,1,0.05806,1773.15,1592.96,1788.0,1603.84,14.85,10.88,161.62,1775.95,1595.76,1779.58,1598.07,1785.19,1601.37,1.5664,-0.1929,-0.3109,0.3542,10.808,32.43,4.302,6.508,0.661,0.091,328.8,698447.86,5151288.72,698458.75,5151281.79,698475.58,5151271.9,2036.99,,0,
kprcnn-nojitter-v1,Yakima-Toppenish_03_20260614,Yakima (arid),trained,1,1,1770,1560,1,0.07307,1773.29,1592.69,1781.18,1602.76,7.88,10.07,79.36,1776.09,1595.78,1779.37,1597.73,1781.01,1600.32,1.69,-2.7058,-8.2717,-3.0958,6.704,20.11,3.819,3.073,1.243,0.796,317.3,698448.26,5151288.67,698458.12,5151282.82,698463.04,5151275.03,2038.19,,0,
kprcnn-nojitter-v1,Yakima-Toppenish_03_20260614,Yakima (arid),trained,1,1,1800,1560,1,0.07618,1800.17,1600.39,1804.78,1607.94,4.61,7.55,34.81,1802.97,1603.51,1801.98,1603.84,1801.32,1601.87,0.7455,-7.378,-5.4081,-4.0135,2.325,6.98,1.041,2.077,0.501,0.93,135.1,698528.9,5151265.47,698525.93,5151264.49,698523.96,5151270.4,1979.39,,0,
kprcnn-nojitter-v1,Yakima-Toppenish_03_20260614,Yakima (arid),trained,1,1,1800,1560,0,0.05634,1800.47,1602.2,1808.2,1608.0,7.73,5.8,44.79,1803.21,1603.33,1804.5,1605.26,1808.04,1606.23,0.7485,-6.8428,-4.5452,-3.5465,5.632,16.9,2.322,3.671,0.633,0.994,329.0,698529.63,5151266.01,698533.49,5151260.21,698544.12,5151257.31,1971.2,,0,
kprcnn-nojitter-v1,Yakima-Toppenish_03_20260614,Yakima (arid),trained,1,1,1740,1590,1,0.05718,1765.05,1590.0,1777.15,1596.81,12.1,6.81,82.37,1775.03,1595.02,1772.41,1593.08,1771.1,1591.13,0.9756,-5.9621,-3.3079,-2.7648,5.525,16.58,3.26,2.344,1.391,0.46,135.2,698445.08,5151290.93,698437.23,5151296.76,698433.3,5151302.6,2062.55,,0,
kprcnn-nojitter-v1,Yakima-Toppenish_03_20260614,Yakima (arid),trained,1,1,1770,1590,1,0.65551,1805.23,1619.12,1818.0,1631.5,12.77,12.38,158.15,1808.01,1621.56,1811.61,1624.49,1815.87,1628.4,2.0071,0.9784,-1.5261,0.4865,10.421,31.26,4.645,5.781,0.804,0.154,319.0,698544.03,5151211.32,698554.84,5151202.52,698567.61,5151190.79,1913.8,,0,
kprcnn-nojitter-v1,Yakima-Toppenish_03_20260614,Yakima (arid),trained,1,1,1770,1590,0,0.15518,1770.15,1590.0,1774.32,1597.42,4.18,7.42,31.01,1774.16,1595.33,1771.59,1592.42,1771.27,1591.13,-1.7452,-8.2205,-2.3495,-4.1051,5.096,15.29,3.879,1.33,2.916,0.468,124.6,698442.49,5151290.02,698434.77,5151298.74,698433.81,5151302.61,2065.67,,0,
kprcnn-nojitter-v1,Yakima-Toppenish_03_20260614,Yakima (arid),trained,1,1,1800,1590,1,0.2823,1802.0,1618.7,1820.52,1630.91,18.51,12.22,226.18,1807.46,1621.17,1811.42,1624.48,1817.04,1628.44,1.1127,0.4677,-0.1002,0.4934,12.029,36.09,5.162,6.877,0.751,0.236,322.9,698542.37,5151212.48,698554.27,5151202.57,698571.13,5151190.69,1914.21,,0,
kprcnn-nojitter-v1,Yakima-Toppenish_03_20260614,Yakima (arid),trained,1,1,1800,1590,0,0.09365,1804.64,1619.38,1813.9,1630.67,9.26,11.29,104.52,1807.78,1621.53,1811.09,1624.52,1813.74,1627.84,2.0839,-0.581,-8.7573,-2.4182,8.673,26.02,4.457,4.245,1.05,0.354,313.3,698543.35,5151211.4,698553.27,5151202.43,698561.21,5151192.47,1914.77,,0,
kprcnn-nojitter-v1,Yakima-Toppenish_03_20260614,Yakima (arid),trained,1,1,1770,1620,1,0.3301,1803.91,1620.0,1818.0,1630.44,14.09,10.44,147.15,1808.01,1621.79,1811.94,1624.41,1816.85,1628.65,1.482,-1.036,-1.689,-0.4143,11.192,33.57,4.72,6.493,0.727,0.344,322.2,698544.02,5151210.62,698555.81,5151202.78,698570.56,5151190.06,1913.35,,0,
kprcnn-nojitter-v1,Yakima-Toppenish_03_20260614,Yakima (arid),trained,1,1,1770,1620,0,0.07035,1800.03,1620.0,1810.09,1620.14,10.06,0.14,1.39,1808.3,1620.17,1806.03,1620.17,1808.63,1620.17,0.482,-6.7446,-8.5657,-4.9428,0.324,0.97,2.271,2.596,0.875,0.0,0.0,698544.91,5151215.49,698538.1,5151215.49,698545.88,5151215.49,1934.62,,0,
kprcnn-nojitter-v1,Yakima-Toppenish_03_20260614,Yakima (arid),trained,1,1,1800,1620,1,0.65433,1826.33,1636.52,1838.24,1649.7,11.91,13.18,156.96,1829.8,1639.98,1832.12,1642.29,1837.75,1647.89,0.411,2.7838,-0.8136,0.7938,11.206,33.62,3.268,7.937,0.412,0.0,315.1,698609.41,5151156.06,698616.36,5151149.14,698633.24,5151132.34,1833.04,,0,
kprcnn-nojitter-v1,Yakima-Toppenish_03_20260614,Yakima (arid),trained,1,1,1800,1620,0,0.32188,1807.06,1620.0,1821.12,1631.1,14.05,11.1,155.97,1807.88,1621.8,1811.8,1624.41,1818.01,1628.65,0.0386,-1.7123,0.6378,-0.3453,12.233,36.7,4.712,7.521,0.626,0.035,325.9,698543.64,5151210.61,698555.41,5151202.78,698574.04,5151190.05,1913.61,,0,
kprcnn-nojitter-v1,Yakima-Toppenish_03_20260614,Yakima (arid),trained,1,1,1800,1620,0,0.13688,1801.95,1620.02,1810.56,1623.02,8.61,3.0,25.87,1807.75,1621.37,1806.43,1621.67,1809.07,1622.27,0.9443,-6.859,-8.8252,-4.9133,1.602,4.81,1.358,2.716,0.5,0.994,325.8,698543.25,5151211.89,698539.28,5151210.98,698547.22,5151209.18,1930.48,,0,
kprcnn-nojitter-v1,Yakima-Toppenish_03_20260614,Yakima (arid),trained,1,1,1800,1620,0,0.11879,1804.76,1620.14,1812.16,1624.41,7.4,4.28,31.64,1807.5,1620.96,1809.1,1621.95,1807.5,1620.3,1.1605,-6.5912,-8.7371,-4.7226,0.658,1.97,1.887,2.301,0.82,1.608,90.0,698542.49,5151213.12,698547.31,5151210.16,698542.49,5151215.1,1924.51,,0,
kprcnn-nojitter-v1,Yakima-Toppenish_03_20260614,Yakima (arid),trained,1,1,1800,1620,0,0.07782,1801.47,1620.0,1810.93,1625.53,9.46,5.53,52.27,1807.51,1621.14,1806.53,1622.11,1807.18,1620.16,1.6015,-7.3001,-8.55,-4.7496,1.028,3.08,1.382,2.056,0.672,1.237,108.5,698542.53,5151212.59,698539.59,5151209.66,698541.55,5151215.51,1929.28,,0,
kprcnn-nojitter-v1,Yakima-Toppenish_03_20260614,Yakima (arid),trained,1,1,1800,1620,0,0.07444,1803.6,1620.0,1815.05,1629.86,11.44,9.86,112.85,1807.69,1621.81,1811.29,1624.11,1814.88,1627.4,1.6319,-2.1232,-7.7119,-2.7344,9.108,27.32,4.269,4.872,0.876,0.389,322.1,698543.07,5151210.58,698553.86,5151203.67,698564.65,5151193.81,1915.31,,0,
kprcnn-nojitter-v1,Yakima-Toppenish_03_20260614,Yakima (arid),trained,1,1,1830,1620,1,0.94905,1844.38,1655.8,1858.61,1668.0,14.23,12.2,173.59,1847.53,1658.27,1850.17,1660.91,1854.81,1665.86,0.5221,1.6563,0.2741,0.8175,10.512,31.54,3.737,6.777,0.551,0.083,313.8,698662.58,5151101.18,698670.52,5151093.27,698684.42,5151078.43,1755.32,,0,
kprcnn-nojitter-v1,Yakima-Toppenish_03_20260614,Yakima (arid),trained,1,1,1830,1620,0,0.53022,1830.0,1637.38,1839.53,1650.6,9.53,13.22,125.98,1830.82,1640.85,1832.79,1642.51,1837.72,1648.12,-0.208,1.5771,0.6228,0.664,10.024,30.07,2.572,7.474,0.344,0.293,313.5,698612.46,5151153.44,698618.38,5151148.48,698633.17,5151131.63,1831.22,,0,
kprcnn-nojitter-v1,Yakima-Toppenish_03_20260614,Yakima (arid),trained,1,1,1830,1620,0,0.05859,1831.23,1642.25,1840.28,1650.16,9.04,7.91,71.55,1834.63,1644.07,1833.01,1643.08,1838.18,1648.35,-6.4178,-2.3963,0.9677,-2.6155,5.566,16.7,1.894,7.384,0.256,0.612,309.7,698623.88,5151143.8,698619.03,5151146.77,698634.54,5151130.95,1829.49,,0,
kprcnn-nojitter-v1,Yakima-Toppenish_03_20260614,Yakima (arid),trained,1,1,780,1650,1,0.42379,806.24,1672.95,816.95,1689.14,10.71,16.19,173.33,814.19,1686.0,811.92,1681.71,809.33,1676.09,0.834,1.8375,-2.069,0.2008,11.04,33.12,4.858,6.186,0.785,0.146,116.2,695562.58,5151018.0,695555.76,5151030.88,695547.98,5151047.73,1217.95,,0,
kprcnn-nojitter-v1,Yakima-Toppenish_03_20260614,Yakima (arid),trained,1,1,810,1650,1,0.09932,810.0,1677.51,815.78,1688.93,5.78,11.42,66.05,813.37,1685.83,811.77,1681.91,811.12,1686.48,0.4842,-1.2692,-4.7067,-1.8305,2.341,7.02,4.233,4.614,0.917,4.209,196.2,695560.12,5151018.51,695555.3,5151030.26,695553.37,5151016.56,1217.64,,0,
kprcnn-nojitter-v1,Yakima-Toppenish_03_20260614,Yakima (arid),trained,1,1,810,1650,0,0.09296,810.0,1673.63,813.17,1687.21,3.17,13.58,43.04,812.69,1686.05,811.43,1681.75,810.79,1687.05,-0.5709,-0.2563,-7.5903,-2.8058,2.145,6.44,4.489,5.338,0.841,4.403,207.6,695558.08,5151017.84,695554.28,5151030.75,695552.38,5151014.85,1218.57,,0,
kprcnn-nojitter-v1,Yakima-Toppenish_03_20260614,Yakima (arid),trained,1,1,1830,1650,1,0.55031,1845.25,1654.06,1856.64,1668.23,11.39,14.17,161.41,1847.69,1658.18,1849.97,1660.81,1854.53,1665.76,0.0568,1.5397,-1.0472,0.1831,10.206,30.62,3.484,6.723,0.518,0.074,312.0,698663.08,5151101.47,698669.91,5151093.56,698683.58,5151078.73,1755.94,,0,
kprcnn-nojitter-v1,Yakima-Toppenish_03_20260614,Yakima (arid),trained,1,1,1860,1650,1,0.27635,1872.05,1669.82,1882.24,1680.92,10.2,11.1,113.15,1874.19,1671.95,1876.82,1675.21,1880.11,1679.13,0.2565,1.3013,-6.2571,-1.5664,9.306,27.92,4.192,5.114,0.82,0.046,309.5,698742.56,5151060.16,698750.45,5151050.37,698760.32,5151038.62,1670.67,,0,
kprcnn-nojitter-v1,Yakima-Toppenish_03_20260614,Yakima (arid),trained,1,1,1890,1650,1,0.06995,1890.0,1692.3,1914.16,1697.95,24.16,5.64,136.39,1894.14,1695.46,1903.74,1695.46,1894.14,1696.12,-2.2327,-3.425,-3.4782,-3.0453,0.664,1.99,9.599,9.622,0.998,9.599,270.0,698802.41,5150989.63,698831.21,5150989.63,698802.41,5150987.64,1572.32,,0,
kprcnn-nojitter-v1,Yakima-Toppenish_03_20260614,Yakima (arid),trained,1,1,810,1680,1,0.09872,810.0,1680.05,814.94,1688.89,4.94,8.85,43.69,813.46,1685.45,812.8,1684.14,811.15,1686.76,-0.0026,-6.9403,-4.3003,-3.7477,2.651,7.95,1.467,3.095,0.474,1.465,209.6,695560.37,5151019.64,695558.39,5151023.57,695553.46,5151015.71,1210.3,,0,
kprcnn-nojitter-v1,Yakima-Toppenish_03_20260614,Yakima (arid),trained,1,1,1920,1680,1,0.08069,1920.0,1680.02,1923.1,1682.9,3.1,2.88,8.92,1920.77,1681.14,1922.01,1681.78,1922.63,1682.74,-1.8684,-6.8842,-7.3481,-5.3669,2.453,7.36,1.395,1.143,1.221,0.323,319.3,698882.32,5151032.59,698886.04,5151030.67,698887.9,5151027.79,1570.78,,0,
kprcnn-nojitter-v1,Yakima-Toppenish_03_20260614,Yakima (arid),trained,1,1,1920,1680,0,0.06255,1920.11,1724.72,1922.89,1728.0,2.77,3.28,9.1,1920.57,1725.87,1920.88,1726.2,1921.19,1726.85,-0.4441,-6.8799,-6.1028,-4.4756,1.161,3.48,0.45,0.725,0.621,0.087,302.1,698881.72,5150898.39,698882.65,5150897.41,698883.57,5150895.44,1468.51,,0,
kprcnn-nojitter-v1,Yakima-Toppenish_03_20260614,Yakima (arid),trained,1,1,1920,1680,0,0.05396,1920.0,1680.0,1922.45,1681.07,2.45,1.07,2.62,1921.07,1680.93,1921.69,1680.67,1920.46,1680.67,-2.4129,-6.7576,-8.5052,-5.8919,0.669,2.01,0.669,1.226,0.545,0.49,156.5,698883.22,5151033.2,698885.06,5151034.0,698881.38,5151034.0,1574.03,,0,
kprcnn-nojitter-v1,Yakima-Toppenish_03_20260614,Yakima (arid),trained,1,1,870,1710,1,0.07304,871.55,1751.8,884.24,1758.0,12.69,6.2,78.61,874.64,1755.88,878.22,1754.9,874.31,1756.21,-5.7873,-0.1996,-6.0875,-4.0248,0.461,1.38,3.71,4.116,0.901,1.843,225.1,695743.92,5150808.36,695754.65,5150811.29,695742.94,5150807.38,931.13,,0,
kprcnn-nojitter-v1,Yakima-Toppenish_03_20260614,Yakima (arid),trained,1,1,1950,1740,1,0.06487,1950.06,1755.24,1953.29,1767.46,3.23,12.22,39.45,1952.81,1764.98,1952.81,1765.64,1951.19,1764.98,-8.9131,-9.9808,0.5953,-6.0996,1.615,4.84,0.66,1.745,0.379,0.66,180.0,698978.42,5150781.06,698978.42,5150779.08,698973.58,5150781.06,1316.31,,0,
kprcnn-nojitter-v1,Yakima-Toppenish_03_20260614,Yakima (arid),trained,1,1,1950,1740,0,0.05996,1951.42,1766.96,1961.88,1776.4,10.46,9.44,98.78,1959.76,1773.96,1957.14,1771.36,1954.53,1768.75,0.3541,-0.2249,-6.1199,-1.9969,7.383,22.15,3.691,3.691,1.0,0.0,135.1,698999.27,5150754.11,698991.43,5150761.93,698983.59,5150769.75,1294.81,,0,
kprcnn-nojitter-v1,Yakima-Toppenish_03_20260614,Yakima (arid),trained,1,1,810,1770,1,0.05908,840.71,1770.0,857.76,1775.32,17.05,5.32,90.66,854.64,1771.5,850.71,1772.83,854.97,1773.16,1.0037,-3.2716,-7.0644,-3.1108,1.694,5.08,4.153,4.275,0.971,4.117,281.2,695683.93,5150761.51,695672.13,5150757.52,695684.91,5150756.53,923.35,,0,
kprcnn-nojitter-v1,Yakima-Toppenish_03_20260614,Yakima (arid),trained,1,1,810,1770,0,0.05345,835.76,1770.0,858.0,1773.13,22.24,3.13,69.57,854.18,1771.09,850.53,1771.72,854.51,1771.72,0.2098,-4.7562,-6.3811,-3.6425,0.708,2.12,3.705,3.984,0.93,3.519,298.0,695682.55,5150762.72,695671.59,5150760.84,695683.54,5150760.84,926.46,,0,
kprcnn-nojitter-v1,Yakima-Toppenish_03_20260614,Yakima (arid),trained,1,1,840,1770,1,0.06082,849.14,1773.41,859.09,1783.94,9.95,10.53,104.83,856.27,1773.57,853.62,1778.18,856.27,1773.57,-8.6566,-2.672,-6.1434,-5.824,0.0,0.0,5.318,5.318,1.0,0.0,0.0,695688.82,5150755.29,695680.86,5150741.47,695688.82,5150755.29,905.1,,0,
kprcnn-nojitter-v1,Yakima-Toppenish_03_20260614,Yakima (arid),trained,1,1,1950,1770,1,0.16607,1955.4,1784.93,1965.95,1797.17,10.55,12.24,129.17,1957.87,1788.07,1960.18,1790.72,1963.15,1794.36,0.6159,1.022,-7.7693,-2.0438,8.207,24.62,3.512,4.696,0.748,0.066,310.0,698993.61,5150711.78,699000.53,5150703.84,699009.44,5150692.93,1244.97,,0,
kprcnn-nojitter-v1,Yakima-Toppenish_03_20260614,Yakima (arid),trained,1,1,1980,1770,1,0.05734,1980.0,1778.94,1994.68,1784.13,14.68,5.19,76.15,1981.47,1781.38,1985.38,1781.7,1989.95,1781.38,-6.5523,-7.5511,-6.1437,-6.7491,8.484,25.45,3.929,4.58,0.858,0.324,0.0,699064.41,5150731.87,699076.15,5150730.9,699089.86,5150731.87,1217.2,,0,
kprcnn-nojitter-v1,Yakima-Toppenish_03_20260614,Yakima (arid),trained,1,1,1980,1770,0,0.05284,1980.0,1778.53,1994.33,1790.66,14.33,12.13,173.77,1982.5,1781.98,1981.5,1788.86,1989.83,1781.65,-2.1406,-3.7408,-5.3235,-3.735,7.338,22.02,6.955,11.018,0.631,6.832,2.6,699067.5,5150730.07,699064.5,5150709.42,699089.49,5150731.06,1207.72,,0,
kprcnn-nojitter-v1,Yakima-Toppenish_03_20260614,Yakima (arid),trained,1,1,1980,1770,0,0.05154,1993.86,1813.99,2000.8,1818.0,6.94,4.01,27.87,1996.34,1815.68,1997.66,1816.3,1995.02,1816.3,-2.7178,-6.7478,-2.0902,-3.8519,1.46,4.38,1.46,2.645,0.552,1.119,205.0,699109.02,5150628.95,699112.99,5150627.09,699105.05,5150627.09,1113.38,,0,
kprcnn-nojitter-v1,Yakima-Toppenish_03_20260614,Yakima (arid),trained,1,1,810,1800,1,0.06615,851.29,1814.26,858.0,1826.27,6.71,12.01,80.54,856.88,1819.61,855.92,1819.94,857.84,1818.64,-7.4489,0.295,-10.5801,-5.9114,1.366,4.1,1.012,2.315,0.437,0.455,45.4,695690.65,5150617.16,695687.77,5150616.19,695693.52,5150620.08,797.09,,0,
kprcnn-nojitter-v1,Yakima-Toppenish_03_20260614,Yakima (arid),trained,1,1,840,1800,1,0.08262,872.49,1840.4,888.0,1848.0,15.51,7.6,117.8,874.97,1842.88,879.92,1844.53,872.66,1845.19,0.1157,0.0727,-6.751,-2.1875,3.268,9.8,5.218,7.29,0.716,4.669,225.0,695744.9,5150547.36,695759.75,5150542.4,695737.97,5150540.42,695.26,,0,
kprcnn-nojitter-v1,Yakima-Toppenish_03_20260614,Yakima (arid),trained,1,1,870,1800,1,0.13297,872.49,1839.71,887.95,1848.0,15.46,8.29,128.1,874.96,1842.86,879.89,1844.85,872.65,1844.85,0.2982,-0.3322,-6.5832,-2.2057,3.042,9.13,5.32,7.237,0.735,4.73,220.8,695744.87,5150547.41,695759.67,5150541.45,695737.96,5150541.45,694.52,,0,
kprcnn-nojitter-v1,Yakima-Toppenish_03_20260614,Yakima (arid),trained,1,1,1980,1800,1,0.05715,2003.27,1826.02,2015.42,1839.55,12.15,13.53,164.33,2012.3,1836.09,2009.35,1833.12,2004.09,1827.84,0.5034,1.7242,-2.0164,0.0704,11.637,34.91,4.189,7.447,0.563,0.0,134.9,699156.9,5150567.74,699148.04,5150576.65,699132.28,5150592.49,1052.22,,0,
kprcnn-nojitter-v1,Yakima-Toppenish_03_20260614,Yakima (arid),trained,1,1,840,1830,1,0.06515,870.6,1850.12,883.97,1861.4,13.37,11.28,150.77,873.7,1852.27,877.61,1855.59,881.52,1857.25,-0.7299,0.1738,-7.7571,-2.771,9.272,27.82,5.129,4.249,1.207,0.7,327.5,695741.1,5150519.18,695752.83,5150509.23,695764.57,5150504.25,672.38,,0,
kprcnn-nojitter-v1,Yakima-Toppenish_03_20260614,Yakima (arid),trained,1,1,870,1830,1,0.33416,871.5,1850.56,883.54,1862.07,12.05,11.52,138.72,874.26,1852.37,878.17,1855.99,873.61,1851.71,-1.3191,0.5932,-7.7156,-2.8138,0.926,2.78,5.326,6.251,0.852,0.231,134.7,695742.79,5150518.9,695754.51,5150508.04,695740.84,5150520.87,670.43,,0,
kprcnn-nojitter-v1,Yakima-Toppenish_03_20260614,Yakima (arid),trained,1,1,900,1830,1,0.07447,900.0,1830.05,900.37,1831.9,0.37,1.85,0.69,900.09,1831.75,900.09,1830.2,900.09,1830.82,-6.2646,-8.5286,-8.2615,-7.6849,0.926,2.78,1.544,0.618,2.5,0.0,90.0,695820.28,5150580.76,695820.28,5150585.4,695820.28,5150583.54,700.04,,0,
kprcnn-nojitter-v1,Yakima-Toppenish_03_20260614,Yakima (arid),trained,1,1,2010,1860,1,0.06007,2052.31,1902.24,2058.0,1908.0,5.69,5.76,32.81,2054.68,1904.32,2054.36,1905.28,2055.31,1905.92,1.6092,-7.7488,-9.1151,-5.0849,1.721,5.16,1.011,1.145,0.883,0.647,291.6,699284.04,5150363.04,699283.09,5150360.16,699285.93,5150358.24,800.58,,0,
kprcnn-nojitter-v1,Yakima-Toppenish_03_20260614,Yakima (arid),trained,1,1,2040,1860,1,0.05003,2061.28,1895.87,2072.6,1906.66,11.32,10.79,122.14,2068.11,1903.23,2065.78,1900.61,2062.12,1897.34,-0.9729,0.3383,-4.0655,-1.5667,8.399,25.2,3.503,4.909,0.714,0.233,135.5,699324.33,5150366.32,699317.34,5150374.16,699306.35,5150383.97,788.28,,0,
kprcnn-nojitter-v1,Yakima-Toppenish_03_20260614,Yakima (arid),trained,1,1,2070,1860,1,0.07013,2070.09,1904.84,2072.95,1907.92,2.86,3.08,8.82,2070.57,1905.92,2070.89,1906.23,2070.57,1906.84,-0.267,-6.9626,-5.5613,-4.2636,0.925,2.78,0.443,0.694,0.638,0.318,270.0,699331.7,5150358.25,699332.66,5150357.32,699331.7,5150355.47,765.53,,0,
kprcnn-nojitter-v1,Yakima-Toppenish_03_20260614,Yakima (arid),trained,1,1,900,1890,1,0.0521,933.22,1900.32,940.31,1913.35,7.08,13.03,92.29,934.99,1902.76,936.6,1906.67,938.86,1911.23,0.5452,1.0998,-2.1979,-0.1843,9.308,27.92,4.227,5.086,0.831,0.158,294.5,695924.98,5150367.71,695929.81,5150355.98,695936.57,5150342.3,446.42,,0,
kprcnn-nojitter-v1,Yakima-Toppenish_03_20260614,Yakima (arid),trained,1,1,2040,1890,1,0.87275,2068.07,1920.14,2079.38,1934.45,11.31,14.31,161.86,2070.56,1922.97,2073.56,1926.96,2077.22,1931.95,2.2826,2.612,-1.1005,1.2647,11.18,33.54,4.991,6.189,0.806,0.03,306.5,699331.68,5150307.09,699340.67,5150295.11,699351.65,5150280.14,713.74,,0,
kprcnn-nojitter-v1,Yakima-Toppenish_03_20260614,Yakima (arid),trained,1,1,2040,1890,0,0.22402,2052.16,1899.36,2064.26,1917.5,12.1,18.14,219.52,2054.94,1904.47,2057.56,1907.77,2061.81,1913.38,1.9282,0.8106,-0.7057,0.6777,11.246,33.74,4.21,7.037,0.598,0.058,307.6,699284.82,5150362.58,699292.67,5150352.69,699305.43,5150335.87,788.58,,0,
kprcnn-nojitter-v1,Yakima-Toppenish_03_20260614,Yakima (arid),trained,1,1,2040,1890,0,0.15766,2059.67,1895.26,2071.72,1906.07,12.06,10.81,130.36,2068.95,1903.94,2065.7,1900.67,2062.44,1897.39,-1.0557,0.7696,-3.8892,-1.3918,9.242,27.73,4.621,4.621,1.0,0.0,134.8,699326.86,5150364.17,699317.09,5150374.0,699307.31,5150383.83,788.32,,0,
kprcnn-nojitter-v1,Yakima-Toppenish_03_20260614,Yakima (arid),trained,1,1,2070,1890,1,0.91209,2070.0,1919.77,2079.99,1934.6,9.99,14.83,148.16,2070.83,1922.9,2073.5,1926.85,2077.82,1932.13,0.7666,0.9721,-0.0392,0.5665,11.579,34.74,4.769,6.823,0.699,0.265,307.2,699332.5,5150307.31,699340.49,5150295.44,699353.47,5150279.62,714.1,,0,
kprcnn-nojitter-v1,Yakima-Toppenish_03_20260614,Yakima (arid),trained,1,1,2070,1890,0,0.06733,2070.0,1920.57,2073.35,1929.93,3.35,9.36,31.34,2070.76,1922.99,2072.9,1926.54,2072.29,1923.64,1.9826,-3.2106,-8.9908,-3.4063,1.654,4.96,4.14,2.967,1.395,2.436,337.0,699332.29,5150307.02,699338.69,5150296.37,699336.86,5150305.08,716.01,,0,
kprcnn-nojitter-v1,Yakima-Toppenish_03_20260614,Yakima (arid),trained,1,1,2040,1920,1,0.71778,2067.81,1920.28,2080.29,1934.32,12.48,14.05,175.23,2070.6,1923.05,2073.56,1926.65,2077.5,1931.87,1.3903,1.7721,-0.1143,1.016,11.194,33.58,4.652,6.545,0.711,0.115,308.0,699331.81,5150306.84,699340.68,5150296.06,699352.49,5150280.38,714.43,,0,
kprcnn-nojitter-v1,Yakima-Toppenish_03_20260614,Yakima (arid),trained,1,1,2070,1920,1,0.8299,2070.0,1920.01,2079.94,1934.52,9.94,14.51,144.16,2070.83,1923.14,2073.81,1926.77,2077.78,1932.04,0.955,0.5705,0.0852,0.5369,11.298,33.89,4.695,6.605,0.711,0.116,308.0,699332.48,5150306.58,699341.43,5150295.7,699353.35,5150279.87,713.65,,0,
kprcnn-nojitter-v1,Yakima-Toppenish_03_20260614,Yakima (arid),trained,1,1,2070,1920,0,0.09936,2070.02,1920.0,2072.39,1930.26,2.37,10.26,24.32,2070.76,1923.14,2071.65,1923.14,2071.65,1923.14,1.551,-8.0026,-9.212,-5.2212,0.889,2.67,0.889,0.0,,0.0,0.0,699332.29,5150306.57,699334.96,5150306.57,699334.96,5150306.57,726.02,,0,
kprcnn-nojitter-v1,Yakima-Toppenish_03_20260614,Yakima (arid),trained,1,1,2100,1950,1,0.90763,2133.11,1983.08,2146.66,1997.15,13.56,14.07,190.76,2144.18,1994.37,2140.55,1990.77,2135.92,1985.86,1.3168,3.3649,0.5727,1.7515,11.863,35.59,5.117,6.747,0.758,0.1,134.2,699552.55,5150092.9,699541.64,5150103.7,699527.75,5150118.43,436.96,,0,
kprcnn-nojitter-v1,Yakima-Toppenish_03_20260614,Yakima (arid),trained,1,1,2100,1950,0,0.16476,2135.43,1990.68,2148.0,1997.83,12.57,7.14,89.79,2144.86,1994.74,2140.89,1991.5,2140.89,1990.85,1.995,-0.7848,-8.797,-2.5289,5.562,16.69,5.128,0.649,7.9,0.463,135.6,699554.57,5150091.78,699542.66,5150101.51,699542.66,5150103.46,434.64,,0,
kprcnn-nojitter-v1,Yakima-Toppenish_03_20260614,Yakima (arid),trained,1,1,2130,1950,1,0.60583,2134.29,1983.08,2145.88,1996.88,11.59,13.8,159.94,2143.73,1994.09,2140.75,1990.47,2136.45,1985.87,1.1695,2.879,0.5115,1.52,10.98,32.94,4.685,6.3,0.744,0.168,131.6,699551.19,5150093.74,699542.25,5150104.58,699529.34,5150118.39,437.23,,0,
kprcnn-nojitter-v1,Yakima-Toppenish_03_20260614,Yakima (arid),trained,1,1,2130,1950,0,0.16356,2164.74,1988.68,2173.79,1997.41,9.05,8.73,79.05,2170.4,1991.43,2171.05,1994.02,2167.81,1991.75,-8.7341,-9.4577,0.5645,-5.8757,2.606,7.82,2.667,3.947,0.676,2.648,187.1,699631.2,5150101.71,699633.14,5150093.95,699623.44,5150100.74,374.89,,0,
kprcnn-nojitter-v1,Yakima-Toppenish_03_20260614,Yakima (arid),trained,1,1,2160,1950,1,0.08594,2160.32,1988.82,2172.54,1996.39,12.22,7.57,92.52,2168.41,1993.92,2162.14,1989.64,2167.75,1991.94,-9.0675,-9.2568,0.6283,-5.8987,2.082,6.25,7.596,6.07,1.251,4.595,108.5,699625.24,5150094.25,699606.41,5150107.08,699623.25,5150100.17,400.33,,0,
kprcnn-nojitter-v1,Yakima-Toppenish_03_20260614,Yakima (arid),trained,1,1,2100,1980,1,0.89939,2133.85,1983.45,2146.56,1997.73,12.71,14.28,181.47,2144.11,1994.57,2140.53,1990.59,2136.29,1985.6,1.5205,3.0086,-0.0824,1.4822,11.898,35.69,5.36,6.539,0.82,0.082,131.1,699552.34,5150092.29,699541.59,5150104.24,699528.88,5150119.19,437.4,,0,
kprcnn-nojitter-v1,Yakima-Toppenish_03_20260614,Yakima (arid),trained,1,1,2130,1980,1,0.95486,2133.64,1984.1,2147.66,1996.54,14.02,12.44,174.4,2144.23,1994.09,2140.65,1990.81,2136.08,1985.57,1.6951,3.0653,-0.0347,1.5752,11.785,35.35,4.856,6.948,0.699,0.326,133.8,699552.7,5150093.74,699541.95,5150103.56,699528.25,5150119.28,436.66,,0,
kprcnn-nojitter-v1,Yakima-Toppenish_03_20260614,Yakima (arid),trained,1,1,2130,1980,0,0.09031,2164.16,1989.79,2175.09,1995.02,10.93,5.23,57.13,2170.62,1991.59,2172.61,1992.9,2167.97,1991.92,-8.7727,-8.3189,0.2169,-5.6249,2.669,8.01,2.378,4.738,0.502,1.541,187.0,699631.86,5150101.23,699637.82,5150097.3,699623.92,5150100.25,375.36,,0,
kprcnn-nojitter-v1,Yakima-Toppenish_03_20260614,Yakima (arid),trained,1,1,2130,1980,0,0.0529,2154.68,1980.0,2162.2,1984.34,7.52,4.34,32.65,2159.09,1980.78,2157.13,1982.33,2157.46,1981.4,-8.2927,-10.561,-1.2127,-6.6888,1.748,5.24,2.5,0.987,2.534,0.754,200.8,699597.28,5150133.67,699591.4,5150129.02,699592.38,5150131.81,426.91,,0,
kprcnn-nojitter-v1,Yakima-Toppenish_03_20260614,Yakima (arid),trained,1,1,2160,1980,1,0.28079,2164.45,1988.61,2173.3,1997.29,8.85,8.68,76.81,2170.51,1991.34,2168.87,1995.52,2167.89,1991.98,-8.7669,-9.0158,0.6972,-5.6952,2.7,8.1,4.489,3.67,1.223,3.668,193.8,699631.54,5150101.98,699626.62,5150089.44,699623.67,5150100.05,374.51,,0,
kprcnn-nojitter-v1,Yakima-Toppenish_03_20260614,Yakima (arid),trained,1,1,2160,1980,0,0.17034,2160.34,1989.64,2172.58,1995.21,12.24,5.57,68.2,2170.76,1992.1,2162.16,1990.13,2167.79,1991.77,-8.6171,-9.4712,0.3059,-5.9274,2.995,8.98,8.822,5.857,1.506,1.014,173.7,699632.29,5150099.71,699606.49,5150105.61,699623.36,5150100.69,399.06,,0,
kprcnn-nojitter-v1,Yakima-Toppenish_03_20260614,Yakima (arid),trained,1,1,2160,1980,0,0.06451,2160.43,1982.02,2171.39,1996.66,10.96,14.64,160.42,2160.6,1982.18,2163.25,1987.51,2167.9,1992.17,-8.6824,-9.1655,0.9855,-5.6208,12.37,37.11,5.95,6.581,0.904,1.0,306.2,699601.79,5150129.45,699609.76,5150113.48,699623.71,5150099.5,403.85,,0,
kprcnn-nojitter-v1,Yakima-Toppenish_03_20260614,Yakima (arid),trained,1,1,2160,1980,0,0.06015,2164.13,1987.06,2177.74,1995.0,13.61,7.93,108.02,2170.27,1993.51,2171.93,1991.86,2168.28,1991.86,-9.8491,-8.7403,0.7473,-5.9473,2.589,7.77,2.343,3.653,0.641,2.332,140.3,699630.81,5150095.47,699635.79,5150100.43,699624.83,5150100.43,379.09,,0,
kprcnn-nojitter-v1,Yakima-Toppenish_03_20260614,Yakima (arid),trained,1,1,990,2010,1,0.96784,1006.65,2028.09,1017.64,2043.06,10.99,14.97,164.49,1009.82,2030.92,1011.81,2034.91,1015.14,2040.57,0.8873,8.3084,2.457,3.8843,11.02,33.06,4.464,6.563,0.68,0.181,298.9,696149.45,5149983.24,696155.44,5149971.26,696165.43,5149954.3,0.51,2,1,0.481
kprcnn-nojitter-v1,Yakima-Toppenish_03_20260614,Yakima (arid),trained,1,1,990,2010,0,0.26423,1010.21,2033.85,1018.43,2044.14,8.23,10.29,84.65,1013.0,2034.02,1012.01,2035.01,1015.31,2040.99,-6.4115,3.2748,2.8704,-0.0888,7.342,22.03,1.402,6.821,0.206,1.25,288.3,696159.01,5149973.95,696156.04,5149970.96,696165.92,5149953.04,0.16,2,1,1.6
kprcnn-nojitter-v1,Yakima-Toppenish_03_20260614,Yakima (arid),trained,1,1,990,2010,0,0.13387,1011.55,2037.34,1019.78,2051.43,8.23,14.09,116.06,1017.31,2042.42,1016.0,2045.37,1015.01,2040.12,-9.6326,-7.9977,3.1211,-4.8364,3.253,9.76,3.231,5.337,0.605,3.02,135.1,696171.94,5149948.74,696167.99,5149939.89,696165.02,5149955.63,33.42,,0,
kprcnn-nojitter-v1,Yakima-Toppenish_03_20260614,Yakima (arid),trained,1,1,2130,2010,1,0.90546,2155.91,2024.84,2167.14,2039.51,11.24,14.67,164.93,2158.05,2028.26,2161.36,2031.85,2165.0,2036.74,1.1602,2.8832,-1.0452,0.9994,10.958,32.87,4.878,6.095,0.8,0.285,309.3,699594.16,5149991.21,699604.08,5149980.45,699614.99,5149965.77,304.82,,0,
kprcnn-nojitter-v1,Yakima-Toppenish_03_20260614,Yakima (arid),trained,1,1,2130,2010,0,0.05986,2168.63,2010.0,2178.0,2024.38,9.37,14.38,134.67,2168.8,2024.22,2173.96,2014.41,2168.8,2024.22,-6.6917,-1.5452,-5.502,-4.5797,0.0,0.0,11.082,11.082,1.0,0.0,0.0,699626.39,5150003.35,699641.89,5150032.77,699626.39,5150003.35,319.01,,0,
kprcnn-nojitter-v1,Yakima-Toppenish_03_20260614,Yakima (arid),trained,1,1,2160,2010,1,0.10014,2174.64,2048.37,2185.31,2058.0,10.67,9.63,102.77,2176.75,2050.86,2179.98,2053.85,2178.36,2056.17,2.119,0.8575,-8.2414,-1.7549,5.554,16.66,4.403,2.832,1.555,2.223,286.9,699650.24,5149923.42,699659.94,5149914.45,699655.09,5149907.48,219.27,,0,
kprcnn-nojitter-v1,Yakima-Toppenish_03_20260614,Yakima (arid),trained,1,1,990,2040,1,0.31309,1007.67,2040.01,1018.34,2043.88,10.67,3.87,41.28,1015.27,2043.08,1013.01,2041.79,1015.27,2041.14,-9.4342,-8.2305,2.419,-5.0819,1.934,5.8,2.605,2.354,1.107,2.264,90.0,696165.81,5149946.77,696159.02,5149950.64,696165.81,5149952.58,20.65,,0,
kprcnn-nojitter-v1,Yakima-Toppenish_03_20260614,Yakima (arid),trained,1,1,990,2040,0,0.10929,1012.33,2040.23,1022.43,2044.75,10.1,4.52,45.71,1021.29,2043.3,1019.01,2042.33,1015.43,2041.36,-8.5593,-7.3987,2.6792,-4.4263,6.178,18.53,2.479,3.714,0.667,0.205,161.7,696183.88,5149946.1,696177.04,5149949.01,696166.28,5149951.92,30.54,,0,
kprcnn-nojitter-v1,Yakima-Toppenish_03_20260614,Yakima (arid),trained,1,1,2130,2040,1,0.21375,2167.79,2072.99,2178.0,2082.45,10.21,9.46,96.57,2177.18,2076.74,2175.86,2077.07,2169.6,2079.03,-5.4624,0.3975,0.6479,-1.4723,7.912,23.74,1.357,6.557,0.207,0.068,196.8,699651.53,5149845.77,699647.58,5149844.79,699628.8,5149838.92,194.02,,0,
kprcnn-nojitter-v1,Yakima-Toppenish_03_20260614,Yakima (arid),trained,1,1,2160,2040,1,0.11083,2173.94,2050.44,2188.12,2060.91,14.19,10.47,148.51,2177.07,2051.26,2180.04,2054.21,2184.66,2059.11,0.6739,1.3569,-0.4426,0.5294,10.919,32.76,4.181,6.739,0.62,0.089,314.0,699651.21,5149922.21,699660.12,5149913.38,699673.97,5149898.66,218.45,,0,
kprcnn-nojitter-v1,Yakima-Toppenish_03_20260614,Yakima (arid),trained,1,1,2160,2040,0,0.0614,2167.47,2073.04,2185.32,2082.88,17.85,9.85,175.74,2170.28,2078.12,2176.89,2077.14,2170.28,2079.11,-9.2804,0.7252,-0.4187,-2.9913,0.985,2.95,6.683,6.897,0.969,6.61,270.0,699630.85,5149841.63,699650.68,5149844.58,699630.85,5149838.68,191.06,,0,
kprcnn-nojitter-v1,Yakima-Toppenish_03_20260614,Yakima (arid),trained,1,1,2190,2040,1,0.10212,2205.51,2040.02,2218.03,2044.42,12.52,4.41,55.16,2213.91,2043.63,2210.95,2043.32,2212.93,2041.43,-8.9563,-10.1906,-0.0368,-6.3946,2.415,7.24,2.982,2.734,1.091,2.576,114.2,699761.74,5149945.1,699752.85,5149946.04,699758.78,5149951.71,188.01,,0,
kprcnn-nojitter-v1,Yakima-Toppenish_03_20260614,Yakima (arid),trained,1,1,2190,2040,0,0.07114,2209.15,2040.01,2225.59,2044.87,16.45,4.86,79.85,2225.43,2041.79,2219.51,2041.79,2211.94,2041.47,-8.2278,-3.2749,0.4089,-3.698,13.49,40.47,5.921,7.572,0.782,0.142,178.6,699796.29,5149950.63,699778.53,5149950.63,699755.83,5149951.6,183.69,,0,
kprcnn-nojitter-v1,Yakima-Toppenish_03_20260614,Yakima (arid),trained,1,1,2220,2040,1,0.0914,2237.38,2040.0,2248.45,2052.96,11.07,12.96,143.42,2237.54,2040.17,2243.4,2044.49,2239.49,2049.14,-7.7184,-2.1024,0.8422,-2.9929,9.181,27.54,7.28,6.074,1.198,4.807,282.3,699832.62,5149955.5,699850.2,5149942.54,699838.48,5149928.59,170.23,,0,
kprcnn-nojitter-v1,Yakima-Toppenish_03_20260614,Yakima (arid),trained,1,1,2130,2070,1,0.18948,2166.27,2072.6,2178.0,2082.24,11.73,9.64,113.12,2177.84,2076.76,2175.56,2077.09,2169.69,2079.08,-5.348,0.3041,0.0622,-1.6606,8.473,25.42,2.305,6.196,0.372,0.307,195.9,699653.51,5149845.73,699646.67,5149844.73,699629.07,5149838.75,194.84,,0,
kprcnn-nojitter-v1,Yakima-Toppenish_03_20260614,Yakima (arid),trained,1,1,2160,2070,1,0.07043,2166.58,2071.9,2185.4,2082.8,18.81,10.9,205.09,2177.97,2076.36,2176.65,2077.02,2169.72,2079.0,-9.9269,0.9111,0.7904,-2.7418,8.664,25.99,1.476,7.209,0.205,0.227,197.8,699653.91,5149846.93,699649.95,5149844.95,699629.16,5149839.01,191.87,,0,
kprcnn-nojitter-v1,Yakima-Toppenish_03_20260614,Yakima (arid),trained,1,1,2190,2070,1,0.88606,2229.39,2093.34,2238.0,2106.44,8.61,13.1,112.75,2237.17,2102.34,2235.85,2100.71,2231.21,2095.79,-6.0658,1.9134,1.6148,-0.8459,8.855,26.56,2.106,6.754,0.312,0.122,132.3,699831.52,5149768.97,699827.54,5149773.88,699813.64,5149788.62,0.59,21,1,1.067
kprcnn-nojitter-v1,Yakima-Toppenish_03_20260614,Yakima (arid),trained,1,1,2190,2070,0,0.54616,2220.0,2086.44,2235.21,2096.8,15.21,10.36,157.57,2223.47,2088.22,2227.11,2091.46,2230.41,2095.02,-2.9574,0.885,1.309,-0.2545,9.718,29.15,4.869,4.859,1.002,0.231,315.6,699790.4,5149811.33,699801.32,5149801.62,699811.24,5149790.94,38.67,,0,
kprcnn-nojitter-v1,Yakima-Toppenish_03_20260614,Yakima (arid),trained,1,1,2220,2070,1,0.74478,2228.83,2093.16,2244.05,2107.79,15.22,14.63,222.65,2240.9,2104.63,2236.27,2101.3,2231.31,2096.32,1.0312,4.2093,0.8228,2.0211,12.695,38.08,5.702,7.036,0.81,0.52,139.1,699842.71,5149762.12,699828.81,5149772.09,699813.92,5149787.05,1.8,21,1,0.858
kprcnn-nojitter-v1,Yakima-Toppenish_03_20260614,Yakima (arid),trained,1,1,2220,2070,0,0.15564,2223.88,2087.39,2232.82,2098.7,8.94,11.31,101.1,2224.05,2087.56,2226.7,2091.22,2230.34,2095.21,-7.3225,-2.2511,2.1616,-2.4706,9.904,29.71,4.517,5.403,0.836,0.278,309.4,699792.14,5149813.33,699800.09,5149802.35,699811.01,5149790.38,40.05,,0,
kprcnn-nojitter-v1,Yakima-Toppenish_03_20260614,Yakima (arid),trained,1,1,2220,2070,0,0.07199,2252.74,2111.68,2267.54,2118.0,14.8,6.32,93.53,2255.87,2112.18,2261.46,2115.84,2255.21,2114.51,-9.0096,-5.4259,2.8586,-3.8589,2.419,7.26,6.682,6.389,1.046,6.375,254.2,699887.6,5149739.46,699904.37,5149728.49,699885.62,5149732.48,88.67,,0,
kprcnn-nojitter-v1,Yakima-Toppenish_03_20260614,Yakima (arid),trained,1,1,2220,2070,0,0.06697,2220.92,2083.94,2232.36,2100.38,11.44,16.43,187.99,2223.37,2087.72,2226.31,2091.01,2230.24,2095.28,-4.5595,-0.0865,1.2213,-1.1416,10.21,30.63,4.411,5.8,0.76,0.032,312.2,699790.11,5149812.83,699798.94,5149802.97,699810.71,5149790.15,41.29,,0,
kprcnn-nojitter-v1,Yakima-Toppenish_03_20260614,Yakima (arid),trained,1,1,1020,2100,1,0.16717,1049.25,2136.08,1058.95,2146.8,9.7,10.73,104.04,1056.52,2145.67,1053.29,2141.44,1055.88,2145.02,-9.2784,1.4032,-0.4574,-2.7775,0.917,2.75,5.321,4.413,1.206,0.688,134.8,696289.57,5149639.0,696279.87,5149651.68,696287.63,5149640.95,342.59,,0,
kprcnn-nojitter-v1,Yakima-Toppenish_03_20260614,Yakima (arid),trained,1,1,2220,2100,1,0.30284,2231.42,2100.0,2243.24,2107.32,11.82,7.32,86.5,2241.11,2105.16,2237.17,2101.83,2241.44,2106.82,1.0621,1.5645,-5.8257,-1.0664,1.695,5.09,5.157,6.566,0.785,3.222,281.2,699843.32,5149760.53,699831.5,5149770.51,699844.31,5149755.55,4.68,21,1,6.175
kprcnn-nojitter-v1,Yakima-Toppenish_03_20260614,Yakima (arid),trained,1,1,2220,2100,0,0.11599,2230.55,2100.0,2240.27,2104.88,9.73,4.88,47.43,2239.46,2103.74,2236.87,2101.46,2240.11,2104.71,-1.4061,1.0251,-6.1451,-2.1754,1.171,3.51,3.45,4.591,0.752,0.9,303.6,699838.39,5149764.78,699830.61,5149771.61,699840.34,5149761.86,3.29,21,1,4.551
kprcnn-nojitter-v1,Yakima-Toppenish_03_20260614,Yakima (arid),trained,1,1,1050,2130,1,0.44006,1075.98,2159.7,1090.54,2171.52,14.56,11.82,172.03,1076.15,2159.86,1083.1,2165.44,1076.15,2161.5,-7.0462,1.5317,-2.1167,-2.5437,1.641,4.92,8.911,7.987,1.116,6.948,270.0,696348.44,5149596.41,696369.29,5149579.67,696348.44,5149591.49,260.27,,0,
kprcnn-nojitter-v1,Yakima-Toppenish_03_20260614,Yakima (arid),trained,1,1,1050,2130,0,0.10335,1073.21,2130.0,1095.44,2139.76,22.23,9.76,216.99,1083.0,2133.42,1082.33,2133.74,1076.69,2135.37,-9.0072,-0.5227,-10.3875,-6.6391,6.599,19.8,0.739,5.87,0.126,0.115,197.2,696368.99,5149675.75,696367.0,5149674.77,696350.08,5149669.89,342.33,,0,
kprcnn-nojitter-v1,Yakima-Toppenish_03_20260614,Yakima (arid),trained,1,1,1080,2130,1,0.06972,1080.0,2160.64,1089.87,2173.21,9.87,12.56,123.98,1083.12,2165.77,1083.45,2165.77,1084.11,2173.04,-8.9837,0.0739,-5.4858,-4.7986,7.341,22.02,0.329,7.304,0.045,0.326,277.7,696369.37,5149578.7,696370.36,5149578.7,696372.33,5149556.88,258.85,,0,
kprcnn-nojitter-v1,Yakima-Toppenish_03_20260614,Yakima (arid),trained,1,1,2160,2130,1,0.08512,2181.41,2141.23,2192.73,2156.26,11.32,15.02,170.03,2189.56,2144.01,2186.9,2147.6,2189.56,2144.01,-8.7507,-0.6891,-3.9417,-4.4605,0.0,0.0,4.472,4.472,1.0,0.0,0.0,699688.69,5149643.97,699680.7,5149633.2,699688.69,5149643.97,203.69,,0,
kprcnn-nojitter-v1,Yakima-Toppenish_03_20260614,Yakima (arid),trained,1,1,2250,2130,1,0.35074,2279.97,2152.21,2294.89,2164.67,14.91,12.46,185.78,2283.12,2154.67,2287.76,2158.28,2293.73,2162.54,0.0174,0.9076,-5.4087,-1.4946,13.205,39.62,5.876,7.331,0.802,0.132,323.4,699969.36,5149611.99,699983.28,5149601.17,700001.18,5149588.39,67.99,,0,
kprcnn-nojitter-v1,Yakima-Toppenish_03_20260614,Yakima (arid),trained,1,1,2280,2130,1,0.81076,2301.78,2154.17,2317.72,2165.92,15.94,11.75,187.33,2314.23,2163.47,2309.92,2160.21,2304.27,2156.62,2.1177,5.1704,1.4081,2.8987,12.094,36.28,5.413,6.691,0.809,0.242,145.5,700062.7,5149585.59,700049.75,5149595.38,700032.81,5149606.15,1.28,20,1,0.379
kprcnn-nojitter-v1,Yakima-Toppenish_03_20260614,Yakima (arid),trained,1,1,2280,2130,0,0.78383,2280.68,2152.45,2295.39,2165.45,14.71,13.01,191.32,2292.61,2161.72,2288.04,2158.46,2281.5,2153.91,-0.6875,0.495,-3.229,-1.1405,13.581,40.74,5.614,7.967,0.705,0.031,144.9,699997.84,5149590.85,699984.11,5149600.61,699964.5,5149614.26,67.11,,0,
kprcnn-nojitter-v1,Yakima-Toppenish_03_20260614,Yakima (arid),trained,1,1,2280,2130,0,0.05674,2307.5,2153.58,2315.48,2166.55,7.97,12.97,103.43,2313.65,2163.06,2310.33,2160.07,2315.31,2163.06,2.327,3.7025,-9.538,-1.1695,1.661,4.98,4.472,5.813,0.769,2.994,0.0,700060.95,5149586.82,700050.98,5149595.8,700065.93,5149586.82,0.7,20,1,4.55
kprcnn-nojitter-v1,Yakima-Toppenish_03_20260614,Yakima (arid),trained,1,1,2310,2130,1,0.65331,2325.13,2170.36,2346.74,2178.0,21.61,7.64,165.03,2339.93,2176.51,2335.61,2175.84,2328.96,2172.52,-2.6523,1.4286,3.1676,0.648,11.673,35.02,4.373,7.432,0.588,0.851,160.0,700139.78,5149546.48,700126.82,5149548.47,700106.87,5149558.43,3.05,19,1,1.587
kprcnn-nojitter-v1,Yakima-Toppenish_03_20260614,Yakima (arid),trained,1,1,2310,2130,0,0.25318,2310.0,2155.59,2314.56,2165.12,4.56,9.53,43.47,2313.1,2163.31,2310.81,2160.03,2310.81,2162.33,1.9191,0.4195,-8.8926,-2.1846,2.485,7.45,4.0,2.3,1.739,2.111,156.6,700059.29,5149586.06,700052.44,5149595.92,700052.44,5149589.02,1.66,20,1,3.437
kprcnn-nojitter-v1,Yakima-Toppenish_03_20260614,Yakima (arid),trained,1,1,2310,2130,0,0.05886,2310.82,2158.34,2315.78,2165.54,4.97,7.2,35.74,2313.3,2162.76,2310.98,2160.14,2311.65,2163.41,1.5632,-3.225,-8.5982,-3.42,1.78,5.34,3.496,3.338,1.047,3.286,201.6,700059.91,5149587.72,700052.95,5149595.58,700054.94,5149585.76,2.01,20,1,3.898
kprcnn-nojitter-v1,Yakima-Toppenish_03_20260614,Yakima (arid),trained,1,1,1050,2160,1,0.20939,1076.99,2160.0,1089.87,2171.8,12.88,11.8,151.99,1087.39,2161.8,1083.43,2165.41,1077.15,2161.15,-3.5098,1.2361,-2.763,-1.6789,10.26,30.78,5.358,7.585,0.706,3.851,176.3,696382.18,5149590.59,696370.29,5149579.78,696351.46,5149592.56,259.76,,0,
kprcnn-nojitter-v1,Yakima-Toppenish_03_20260614,Yakima (arid),trained,1,1,1080,2160,1,0.13036,1088.24,2173.08,1098.66,2188.17,10.41,15.09,157.09,1095.24,2175.54,1093.61,2180.79,1095.24,2175.87,-3.6278,-1.0098,-5.8077,-3.4818,0.328,0.98,5.495,5.182,1.06,1.627,270.0,696405.72,5149549.37,696400.84,5149533.63,696405.72,5149548.39,204.51,,0,
kprcnn-nojitter-v1,Yakima-Toppenish_03_20260614,Yakima (arid),trained,1,1,1080,2160,0,0.09407,1080.25,2160.15,1089.86,2172.19,9.62,12.04,115.81,1087.38,2161.29,1083.73,2165.52,1087.38,2161.61,-5.8618,-0.1886,-4.593,-3.5478,0.325,0.98,5.586,5.344,1.045,3.648,270.0,696382.13,5149592.14,696371.19,5149579.45,696382.13,5149591.16,258.96,,0,
kprcnn-nojitter-v1,Yakima-Toppenish_03_20260614,Yakima (arid),trained,1,1,2280,2160,1,0.27499,2303.84,2160.0,2317.74,2166.17,13.9,6.17,85.82,2314.26,2163.41,2310.62,2160.81,2314.93,2164.71,0.5744,0.6246,-8.5972,-2.4661,1.459,4.38,4.473,5.806,0.77,2.064,297.0,700062.79,5149585.76,700051.87,5149593.56,700064.78,5149581.86,1.77,20,1,4.636
kprcnn-nojitter-v1,Yakima-Toppenish_03_20260614,Yakima (arid),trained,1,1,2280,2160,0,0.09879,2306.2,2160.0,2316.09,2164.01,9.9,4.01,39.69,2314.28,2162.93,2310.32,2161.08,2314.28,2163.86,0.319,0.8001,-7.138,-2.0063,0.926,2.78,4.37,4.835,0.904,3.958,270.0,700062.84,5149587.21,700050.96,5149592.76,700062.84,5149584.43,2.34,20,1,4.441
kprcnn-nojitter-v1,Yakima-Toppenish_03_20260614,Yakima (arid),trained,1,1,2310,2160,1,0.94632,2326.07,2170.94,2342.72,2180.31,16.64,9.37,156.04,2339.55,2178.54,2335.23,2175.95,2329.23,2172.72,0.8252,3.5726,1.879,2.0923,11.847,35.54,5.041,6.809,0.74,0.127,150.6,700138.66,5149540.39,700125.68,5149548.15,700107.7,5149557.85,3.72,19,1,0.983
kprcnn-nojitter-v1,Yakima-Toppenish_03_20260614,Yakima (arid),trained,1,1,2310,2160,0,0.49379,2323.81,2180.83,2339.74,2191.67,15.93,10.83,172.57,2326.63,2183.3,2330.62,2185.92,2336.92,2189.2,0.45,0.8672,-3.2664,-0.6497,11.865,35.59,4.771,7.109,0.671,0.294,330.1,700099.9,5149526.11,700111.85,5149518.23,700130.77,5149508.39,32.7,,0,
kprcnn-nojitter-v1,Yakima-Toppenish_03_20260614,Yakima (arid),trained,1,1,2310,2160,0,0.30303,2310.0,2160.0,2314.95,2164.65,4.95,4.65,23.02,2313.46,2163.16,2310.82,2160.83,2314.45,2164.16,0.0526,-0.3707,-6.9357,-2.418,1.405,4.21,3.518,4.92,0.715,0.234,314.8,700060.39,5149586.52,700052.47,5149593.51,700063.36,5149583.53,2.17,20,1,4.714
kprcnn-nojitter-v1,Yakima-Toppenish_03_20260614,Yakima (arid),trained,1,1,2310,2160,0,0.06459,2310.36,2161.65,2317.65,2165.52,7.29,3.87,28.22,2313.84,2163.1,2312.51,2163.42,2312.84,2164.71,0.2801,-7.1074,-8.0766,-4.968,1.894,5.68,1.365,1.331,1.025,0.959,238.3,700061.51,5149586.7,700057.54,5149585.74,700058.53,5149581.87,11.42,20,1,5.319
kprcnn-nojitter-v1,Yakima-Toppenish_03_20260614,Yakima (arid),trained,1,1,1050,2190,1,0.06138,1090.08,2215.44,1098.0,2227.66,7.92,12.23,96.84,1095.52,2217.25,1095.52,2221.22,1094.86,2216.92,-4.2224,0.7042,-5.4196,-2.9792,0.738,2.21,3.965,4.346,0.912,3.546,153.4,696406.57,5149424.24,696406.57,5149412.34,696404.59,5149425.23,125.29,,0,
kprcnn-nojitter-v1,Yakima-Toppenish_03_20260614,Yakima (arid),trained,1,1,1080,2190,1,0.0706,1089.19,2215.98,1103.98,2227.12,14.79,11.14,164.74,1100.86,2220.08,1095.93,2221.39,1100.86,2219.75,-7.5266,0.087,-7.5773,-5.0057,0.328,0.98,5.101,5.195,0.982,4.93,90.0,696422.57,5149415.76,696407.78,5149411.83,696422.57,5149416.74,123.98,,0,
kprcnn-nojitter-v1,Yakima-Toppenish_03_20260614,Yakima (arid),trained,1,1,1080,2190,0,0.05842,1098.67,2200.65,1114.86,2210.44,16.19,9.79,158.58,1111.72,2202.77,1106.77,2205.38,1101.48,2205.38,-7.3842,-2.7622,-0.7837,-3.6434,10.571,31.71,5.603,5.287,1.06,1.306,194.3,696455.17,5149467.69,696440.3,5149459.85,696424.44,5149459.85,122.64,,0,
kprcnn-nojitter-v1,Yakima-Toppenish_03_20260614,Yakima (arid),trained,1,1,1110,2190,1,0.87562,1128.2,2226.78,1138.92,2238.0,10.73,11.22,120.33,1136.48,2236.85,1134.21,2234.54,1130.96,2228.93,-2.3434,2.9277,1.3619,0.6487,9.656,28.97,3.242,6.483,0.5,0.544,124.9,696529.45,5149365.46,696522.63,5149372.39,696512.88,5149389.22,2.62,3,1,1.758
kprcnn-nojitter-v1,Yakima-Toppenish_03_20260614,Yakima (arid),trained,1,1,1110,2190,0,0.23922,1133.07,2234.91,1139.64,2238.0,6.58,3.09,20.29,1136.52,2236.61,1134.55,2235.69,1136.19,2237.23,-1.3045,-0.0517,-8.3245,-3.2269,0.699,2.1,2.179,2.255,0.967,2.176,242.0,696529.56,5149366.17,696523.65,5149368.94,696528.58,5149364.31,2.4,3,1,4.075
kprcnn-nojitter-v1,Yakima-Toppenish_03_20260614,Yakima (arid),trained,1,1,1110,2190,0,0.18796,1126.56,2233.09,1138.24,2238.0,11.68,4.91,57.39,1136.13,2236.53,1134.18,2235.54,1129.64,2235.87,-1.4102,1.001,-5.9647,-2.1247,6.522,19.57,2.181,4.554,0.479,0.782,174.2,696528.38,5149366.42,696522.54,5149369.37,696508.91,5149368.39,2.84,3,1,3.369
kprcnn-nojitter-v1,Yakima-Toppenish_03_20260614,Yakima (arid),trained,1,1,1110,2190,0,0.10168,1130.26,2233.89,1140.3,2238.0,10.04,4.11,41.26,1136.57,2236.58,1134.31,2235.31,1130.42,2235.94,-1.5136,1.518,-7.3148,-2.4368,6.184,18.55,2.595,3.936,0.659,1.026,174.1,696529.72,5149366.27,696522.92,5149370.06,696511.26,5149368.17,2.15,3,1,3.2
kprcnn-nojitter-v1,Yakima-Toppenish_03_20260614,Yakima (arid),trained,1,1,2310,2190,1,0.16133,2349.95,2204.71,2358.0,2216.24,8.05,11.53,92.86,2357.19,2211.13,2355.58,2210.14,2350.43,2211.79,-7.0503,1.8519,-6.0487,-3.749,6.798,20.39,1.89,5.412,0.349,1.14,185.6,700191.58,5149442.61,700186.75,5149445.58,700171.29,5149440.63,116.09,,0,
kprcnn-nojitter-v1,Yakima-Toppenish_03_20260614,Yakima (arid),trained,1,1,2340,2190,1,0.18691,2370.22,2230.84,2379.87,2237.89,9.64,7.05,67.99,2375.71,2232.92,2373.05,2236.77,2372.05,2233.24,-8.2419,-9.8906,0.4024,-5.91,3.672,11.02,4.676,3.663,1.276,3.598,185.0,700247.13,5149377.23,700239.15,5149365.69,700236.16,5149376.27,211.53,,0,
kprcnn-nojitter-v1,Yakima-Toppenish_03_20260614,Yakima (arid),trained,1,1,2340,2190,0,0.13471,2362.25,2230.71,2378.77,2238.0,16.52,7.29,120.49,2376.95,2236.18,2371.99,2236.84,2371.99,2233.52,-8.4291,-9.9043,0.3362,-5.9991,5.621,16.86,5.0,3.315,1.508,2.923,151.8,700250.84,5149367.47,700235.98,5149365.48,700235.98,5149375.43,210.08,,0,
kprcnn-nojitter-v1,Yakima-Toppenish_03_20260614,Yakima (arid),trained,1,1,2340,2190,0,0.11213,2365.54,2225.2,2380.63,2237.8,15.09,12.6,190.14,2368.0,2231.67,2370.3,2228.69,2372.92,2233.99,-9.1463,-7.0628,0.7581,-5.1503,5.44,16.32,3.766,5.919,0.636,3.679,334.7,700224.01,5149380.99,700230.9,5149389.94,700238.77,5149374.03,186.62,,0,
kprcnn-nojitter-v1,Yakima-Toppenish_03_20260614,Yakima (arid),trained,1,1,2340,2190,0,0.1113,2367.26,2232.47,2388.0,2237.81,20.74,5.34,110.75,2386.19,2235.45,2382.9,2235.45,2371.38,2233.57,-7.9787,-1.9002,0.3476,-3.1771,14.933,44.8,3.292,11.675,0.282,0.415,172.7,700278.57,5149369.65,700268.69,5149369.65,700234.13,5149375.3,225.22,,0,
kprcnn-nojitter-v1,Yakima-Toppenish_03_20260614,Yakima (arid),trained,1,1,2340,2190,0,0.07243,2369.91,2226.89,2375.89,2237.7,5.98,10.81,64.64,2375.73,2235.24,2373.4,2231.31,2372.41,2233.61,-8.9443,-8.9809,0.3723,-5.851,3.705,11.11,4.567,2.5,1.827,2.497,153.8,700247.19,5149370.27,700240.21,5149382.06,700237.22,5149375.18,198.34,,0,
kprcnn-nojitter-v1,Yakima-Toppenish_03_20260614,Yakima (arid),trained,1,1,2370,2190,1,0.30703,2370.0,2227.08,2379.65,2237.75,9.65,10.67,102.93,2375.49,2232.41,2375.16,2231.76,2371.83,2233.7,-8.1158,-9.3038,2.5071,-4.9708,3.881,11.64,0.727,3.851,0.189,0.721,199.5,700246.47,5149378.77,700245.47,5149380.71,700235.49,5149374.89,202.45,,0,
kprcnn-nojitter-v1,Yakima-Toppenish_03_20260614,Yakima (arid),trained,1,1,2370,2190,0,0.22138,2370.06,2225.42,2375.29,2236.22,5.23,10.81,56.56,2373.16,2231.8,2372.51,2229.84,2371.86,2234.42,-8.5346,-7.2529,1.6398,-4.7159,2.929,8.79,2.071,4.632,0.447,1.463,243.5,700239.49,5149380.59,700237.53,5149386.49,700235.57,5149372.73,193.18,,0,
kprcnn-nojitter-v1,Yakima-Toppenish_03_20260614,Yakima (arid),trained,1,1,2370,2190,0,0.13888,2370.09,2232.07,2376.8,2237.26,6.71,5.19,34.8,2374.41,2232.88,2376.64,2235.8,2371.21,2233.53,-8.3297,-9.4678,0.7417,-5.6853,3.26,9.78,3.676,5.886,0.625,3.304,191.5,700243.22,5149377.35,700249.92,5149368.6,700233.63,5149375.41,214.94,,0,
kprcnn-nojitter-v1,Yakima-Toppenish_03_20260614,Yakima (arid),trained,1,1,2370,2190,0,0.13656,2374.25,2231.31,2377.47,2237.66,3.22,6.36,20.44,2376.02,2233.05,2376.99,2236.23,2376.34,2234.96,-7.9469,-10.0768,-0.7779,-6.2672,1.934,5.8,3.321,1.425,2.331,0.423,279.6,700248.07,5149376.84,700250.96,5149367.3,700249.03,5149371.12,216.6,,0,
kprcnn-nojitter-v1,Yakima-Toppenish_03_20260614,Yakima (arid),trained,1,1,2370,2190,0,0.11217,2370.16,2231.87,2391.15,2237.7,20.99,5.83,122.35,2377.99,2236.25,2382.65,2235.6,2373.65,2233.65,-8.73,-2.5075,1.8663,-3.1238,5.047,15.14,4.709,9.204,0.512,2.95,149.1,700253.96,5149367.26,700267.95,5149369.21,700240.96,5149375.04,225.11,,0,
kprcnn-nojitter-v1,Yakima-Toppenish_03_20260614,Yakima (arid),trained,1,1,2370,2190,0,0.0936,2370.29,2233.07,2383.56,2237.6,13.27,4.53,60.1,2383.39,2235.82,2382.4,2235.82,2372.45,2234.2,-7.0335,-3.9673,1.371,-3.2099,11.065,33.19,0.995,10.081,0.099,0.145,171.6,700270.17,5149368.54,700267.19,5149368.54,700237.34,5149373.39,225.16,,0,
kprcnn-nojitter-v1,Yakima-Toppenish_03_20260614,Yakima (arid),trained,1,1,2370,2190,0,0.05276,2370.58,2190.0,2384.33,2203.42,13.74,13.42,184.47,2371.73,2194.09,2370.75,2194.42,2377.62,2199.66,-2.2428,-8.1,-0.0181,-3.4536,8.103,24.31,1.035,8.64,0.12,0.912,316.6,700235.19,5149493.72,700232.24,5149492.74,700252.86,5149477.02,116.4,,0,
kprcnn-nojitter-v1,Yakima-Toppenish_03_20260614,Yakima (arid),trained,1,1,2400,2190,1,0.0864,2400.0,2196.42,2402.61,2211.38,2.61,14.96,39.08,2401.14,2210.55,2400.82,2205.9,2401.47,2199.25,-0.3811,-5.1594,-1.1373,-2.226,11.308,33.92,4.666,6.681,0.698,0.461,88.3,700323.43,5149444.35,700322.45,5149458.31,700324.41,5149478.26,212.62,,0,
kprcnn-nojitter-v1,Yakima-Toppenish_03_20260614,Yakima (arid),trained,1,1,1110,2220,1,0.7824,1129.53,2225.78,1137.87,2242.31,8.33,16.53,137.69,1136.03,2239.17,1134.03,2234.54,1131.03,2229.25,1.5387,4.6789,1.2591,2.4922,11.105,33.31,5.041,6.08,0.829,0.298,116.8,696528.1,5149358.49,696522.1,5149372.38,696513.1,5149388.24,3.07,3,1,1.111
kprcnn-nojitter-v1,Yakima-Toppenish_03_20260614,Yakima (arid),trained,1,1,1110,2220,0,0.05028,1134.77,2232.68,1138.07,2242.42,3.3,9.74,32.11,1136.25,2239.01,1135.27,2234.79,1137.57,2239.98,1.0496,-1.1671,-8.6308,-2.9161,1.639,4.92,4.335,5.684,0.763,2.807,323.5,696528.76,5149358.98,696525.8,5149371.64,696532.72,5149356.06,1.13,3,1,4.261
kprcnn-nojitter-v1,Yakima-Toppenish_03_20260614,Yakima (arid),trained,1,1,2310,2220,1,0.06426,2329.88,2220.05,2348.47,2222.4,18.59,2.35,43.67,2333.03,2221.67,2338.01,2221.38,2345.31,2221.38,-6.5641,-4.3489,-0.7387,-3.8839,12.286,36.86,4.988,7.303,0.683,0.175,1.4,700119.1,5149410.99,700134.04,5149411.87,700155.94,5149411.87,134.41,,0,
kprcnn-nojitter-v1,Yakima-Toppenish_03_20260614,Yakima (arid),trained,1,1,2340,2220,1,0.11581,2367.8,2232.52,2379.83,2240.11,12.03,7.59,91.28,2367.96,2232.68,2373.16,2237.3,2377.71,2236.31,-7.9156,-9.48,0.6875,-5.5694,10.404,31.21,6.956,4.657,1.494,2.516,339.6,700223.89,5149377.95,700239.49,5149364.09,700253.14,5149367.06,213.08,,0,
kprcnn-nojitter-v1,Yakima-Toppenish_03_20260614,Yakima (arid),trained,1,1,2340,2220,0,0.07473,2366.41,2225.84,2380.49,2235.19,14.08,9.34,131.57,2377.71,2235.03,2370.5,2228.91,2371.81,2233.42,-7.2777,-7.1745,0.4235,-4.6762,6.111,18.33,9.454,4.697,2.013,4.006,164.7,700253.13,5149370.92,700231.51,5149389.28,700235.44,5149375.75,187.51,,0,
kprcnn-nojitter-v1,Yakima-Toppenish_03_20260614,Yakima (arid),trained,1,1,2340,2220,0,0.0503,2371.07,2227.75,2380.06,2238.11,8.98,10.37,93.13,2374.9,2232.44,2374.9,2231.79,2376.9,2236.33,-8.0345,-9.0091,1.2323,-5.2704,4.37,13.11,0.648,4.955,0.131,0.296,297.2,700244.7,5149378.67,700244.7,5149380.62,700250.69,5149367.01,202.08,,0,
kprcnn-nojitter-v1,Yakima-Toppenish_03_20260614,Yakima (arid),trained,1,1,2370,2220,1,0.27863,2370.0,2226.12,2377.4,2236.36,7.4,10.23,75.77,2377.24,2236.19,2377.24,2236.19,2371.45,2233.22,-7.0668,-7.2164,1.6062,-4.2257,6.512,19.54,0.0,6.512,0.0,0.0,152.9,700251.73,5149367.43,700251.73,5149367.43,700234.35,5149376.34,216.92,,0,
kprcnn-nojitter-v1,Yakima-Toppenish_03_20260614,Yakima (arid),trained,1,1,2370,2220,0,0.25176,2370.12,2232.67,2380.96,2239.86,10.85,7.19,78.01,2375.87,2233.82,2374.88,2237.74,2372.25,2234.14,-8.3632,-9.8376,1.4681,-5.5775,3.631,10.89,4.044,4.455,0.908,3.818,185.2,700247.61,5149374.55,700244.65,5149362.78,700236.76,5149373.57,216.91,,0,
kprcnn-nojitter-v1,Yakima-Toppenish_03_20260614,Yakima (arid),trained,1,1,2370,2220,0,0.14139,2370.08,2227.29,2374.32,2236.75,4.24,9.46,40.16,2372.85,2231.37,2371.87,2228.43,2371.87,2233.98,-8.1795,-9.4011,0.7331,-5.6158,2.788,8.36,3.096,5.547,0.558,1.949,249.4,700238.56,5149381.89,700235.62,5149390.7,700235.62,5149374.06,188.62,,0,
kprcnn-nojitter-v1,Yakima-Toppenish_03_20260614,Yakima (arid),trained,1,1,2370,2220,0,0.05393,2410.56,2220.0,2418.0,2233.88,7.44,13.88,103.2,2414.61,2231.4,2415.9,2226.11,2415.9,2221.16,0.9058,-3.0489,-1.2976,-1.1469,10.326,30.98,5.444,4.957,1.098,0.621,82.8,700363.82,5149381.79,700367.7,5149397.66,700367.7,5149412.53,281.27,,0,
kprcnn-nojitter-v1,Yakima-Toppenish_03_20260614,Yakima (arid),trained,1,1,2400,2220,1,0.26873,2424.8,2261.0,2434.26,2268.0,9.46,7.0,66.16,2429.53,2262.17,2430.51,2265.83,2432.47,2264.5,-8.8845,-10.22,0.7601,-6.1148,3.748,11.25,3.794,2.367,1.603,2.261,321.5,700408.6,5149289.49,700411.53,5149278.5,700417.4,5149282.5,389.32,,0,
kprcnn-nojitter-v1,Yakima-Toppenish_03_20260614,Yakima (arid),trained,1,1,2430,2220,1,0.39247,2430.0,2258.86,2435.8,2268.0,5.8,9.14,52.95,2433.06,2262.94,2432.74,2262.29,2431.13,2264.57,-8.4711,-10.0758,1.6692,-5.6259,2.529,7.59,0.728,2.794,0.26,0.706,220.2,700419.18,5149287.17,700418.21,5149289.13,700413.38,5149282.28,387.06,,0,
kprcnn-nojitter-v1,Yakima-Toppenish_03_20260614,Yakima (arid),trained,1,1,2430,2220,0,0.29281,2430.0,2262.38,2436.32,2267.07,6.32,4.68,29.61,2434.49,2264.1,2434.83,2265.66,2431.16,2264.41,-8.0363,-10.5215,1.1494,-5.8028,3.343,10.03,1.596,3.868,0.413,1.585,185.4,700423.48,5149283.7,700424.48,5149279.02,700413.49,5149282.76,398.48,,0,
kprcnn-nojitter-v1,Yakima-Toppenish_03_20260614,Yakima (arid),trained,1,1,2430,2220,0,0.06641,2430.44,2260.11,2432.87,2267.53,2.43,7.42,18.03,2432.11,2262.85,2432.11,2262.85,2431.51,2264.79,-9.2786,-10.3899,0.6313,-6.3458,2.03,6.09,0.0,2.03,0.0,0.0,252.6,700416.34,5149287.44,700416.34,5149287.44,700414.52,5149281.63,386.79,,0,
kprcnn-nojitter-v1,Yakima-Toppenish_03_20260614,Yakima (arid),trained,1,1,2460,2220,1,0.05504,2460.56,2243.53,2471.97,2253.45,11.41,9.92,113.17,2471.48,2250.31,2468.87,2248.99,2462.68,2245.68,0.2525,-3.2947,0.6379,-0.8014,9.944,29.83,2.924,7.021,0.416,0.043,152.3,700534.44,5149325.07,700526.61,5149329.04,700508.03,5149338.96,453.19,,0,
kprcnn-nojitter-v1,Yakima-Toppenish_03_20260614,Yakima (arid),trained,1,1,1140,2250,1,0.0563,1158.68,2289.22,1168.03,2298.0,9.35,8.78,82.14,1161.1,2291.98,1163.35,2295.56,1159.48,2295.24,0.314,0.305,-6.9473,-2.1094,3.63,10.89,4.231,3.884,1.089,3.612,243.6,696603.29,5149200.05,696610.06,5149189.32,696598.45,5149190.29,200.68,,0,
kprcnn-nojitter-v1,Yakima-Toppenish_03_20260614,Yakima (arid),trained,1,1,2400,2250,1,0.12492,2429.55,2262.3,2437.66,2271.1,8.11,8.8,71.36,2436.52,2267.35,2433.28,2268.98,2432.63,2265.4,-8.6981,-9.3027,0.7218,-5.7597,4.356,13.07,3.63,3.644,0.996,2.912,153.3,700429.57,5149273.95,700419.84,5149269.06,700417.89,5149279.81,401.85,,0,
kprcnn-nojitter-v1,Yakima-Toppenish_03_20260614,Yakima (arid),trained,1,1,2430,2250,1,0.28057,2430.2,2263.76,2437.94,2271.63,7.75,7.87,60.95,2435.84,2268.85,2434.23,2269.83,2431.65,2265.24,-8.5749,-9.314,1.3977,-5.4971,5.533,16.6,1.89,5.266,0.359,1.798,139.3,700427.53,5149269.46,700422.69,5149266.51,700414.94,5149280.28,405.67,,0,
kprcnn-nojitter-v1,Yakima-Toppenish_03_20260614,Yakima (arid),trained,1,1,2430,2250,0,0.14006,2430.14,2260.87,2438.2,2268.86,8.05,7.99,64.37,2435.14,2265.03,2435.14,2264.37,2431.59,2265.03,-8.2996,-9.703,2.1786,-5.2747,3.543,10.63,0.666,3.605,0.185,0.666,180.0,700425.41,5149280.9,700425.41,5149282.89,700414.78,5149280.9,396.58,,0,
kprcnn-nojitter-v1,Yakima-Toppenish_03_20260614,Yakima (arid),trained,1,1,2430,2250,0,0.07338,2431.21,2262.31,2435.87,2268.91,4.66,6.6,30.77,2434.37,2264.79,2435.7,2268.09,2432.04,2265.45,-7.8967,-10.0869,0.9789,-5.6682,2.421,7.26,3.56,4.514,0.789,3.54,195.8,700423.12,5149281.64,700427.11,5149271.74,700416.13,5149279.66,405.33,,0,
kprcnn-nojitter-v1,Yakima-Toppenish_03_20260614,Yakima (arid),trained,1,1,2430,2250,0,0.05443,2433.73,2262.45,2436.76,2271.29,3.04,8.84,26.85,2435.09,2265.23,2434.79,2268.51,2434.18,2266.54,-8.1382,-10.0117,-0.233,-6.1276,1.596,4.79,3.289,2.057,1.599,1.62,235.2,700425.28,5149280.3,700424.37,5149270.47,700422.54,5149276.37,404.17,,0,
kprcnn-nojitter-v1,Yakima-Toppenish_03_20260614,Yakima (arid),trained,1,1,2520,2250,1,0.07425,2525.48,2262.17,2540.71,2270.21,15.24,8.04,122.54,2529.29,2266.83,2532.27,2266.51,2528.29,2266.19,-8.3222,-0.2566,-0.8759,-3.1516,1.184,3.55,2.998,3.987,0.752,1.89,147.1,700707.86,5149275.51,700716.8,5149276.47,700704.88,5149277.44,646.87,,0,
kprcnn-nojitter-v1,Yakima-Toppenish_03_20260614,Yakima (arid),trained,1,1,2550,2250,1,0.27204,2550.43,2285.02,2561.36,2297.14,10.93,12.13,132.5,2556.55,2295.99,2555.89,2288.46,2551.59,2293.7,-3.1173,0.3509,-3.0541,-1.9402,5.471,16.41,7.566,6.784,1.115,6.565,155.2,700789.66,5149188.02,700787.67,5149210.63,700774.76,5149194.9,739.37,,0,
kprcnn-nojitter-v1,Yakima-Toppenish_03_20260614,Yakima (arid),trained,1,1,2550,2250,0,0.0598,2550.58,2281.53,2556.91,2297.47,6.33,15.94,100.95,2555.75,2295.98,2555.41,2288.34,2551.75,2293.99,-3.1565,-0.1772,-2.4627,-1.9321,4.468,13.4,7.647,6.732,1.136,6.689,153.5,700787.24,5149188.06,700786.24,5149210.98,700775.24,5149194.04,737.93,,0,
kprcnn-nojitter-v1,Yakima-Toppenish_03_20260614,Yakima (arid),trained,1,1,1140,2280,1,0.22343,1169.29,2315.29,1178.99,2328.0,9.71,12.71,123.39,1172.68,2319.04,1173.98,2321.97,1176.57,2325.88,-4.0095,0.6425,-5.7633,-3.0434,7.869,23.61,3.206,4.69,0.684,0.322,299.6,696638.05,5149118.89,696641.93,5149110.09,696649.7,5149098.36,285.99,,0,
kprcnn-nojitter-v1,Yakima-Toppenish_03_20260614,Yakima (arid),trained,1,1,1170,2280,1,0.11744,1170.49,2313.56,1177.18,2328.0,6.7,14.44,96.7,1172.88,2318.65,1174.15,2321.6,1175.75,2325.54,-1.6485,-0.1677,-4.9817,-2.266,7.465,22.4,3.217,4.248,0.757,0.042,292.6,696638.64,5149120.06,696642.46,5149111.2,696647.25,5149099.38,285.19,,0,
kprcnn-nojitter-v1,Yakima-Toppenish_03_20260614,Yakima (arid),trained,1,1,1170,2280,0,0.05535,1170.23,2317.66,1181.14,2327.22,10.9,9.57,104.3,1172.71,2318.48,1174.36,2321.78,1175.69,2317.82,-1.183,-0.716,-5.5307,-2.4766,3.046,9.14,3.689,4.173,0.884,3.578,12.5,696638.14,5149120.55,696643.09,5149110.66,696647.06,5149122.53,285.95,,0,
kprcnn-nojitter-v1,Yakima-Toppenish_03_20260614,Yakima (arid),trained,1,1,2490,2280,1,0.05385,2533.14,2282.28,2538.0,2294.84,4.86,12.55,60.96,2534.28,2284.43,2534.92,2290.05,2536.22,2285.75,-4.6119,-2.2676,-1.5144,-2.798,2.349,7.05,5.654,4.486,1.26,4.279,325.8,700722.83,5149222.71,700724.77,5149205.86,700728.66,5149218.74,686.27,,0,
kprcnn-nojitter-v1,Yakima-Toppenish_03_20260614,Yakima (arid),trained,1,1,2550,2280,1,0.43028,2575.4,2318.12,2592.04,2328.0,16.64,9.88,164.45,2578.89,2320.26,2582.89,2322.56,2588.88,2325.86,1.7772,0.7005,0.1813,0.8863,11.447,34.34,4.611,6.836,0.675,0.057,330.7,700856.68,5149115.23,700868.66,5149108.31,700886.64,5149098.42,724.27,,0,
kprcnn-nojitter-v1,Yakima-Toppenish_03_20260614,Yakima (arid),trained,1,1,2550,2280,0,0.13767,2550.53,2284.38,2562.31,2297.38,11.79,13.01,153.28,2555.6,2295.27,2556.25,2288.77,2551.34,2293.64,-5.2885,0.6412,-2.2001,-2.2825,4.556,13.67,6.536,6.921,0.944,6.308,159.1,700786.8,5149190.19,700788.76,5149209.7,700774.03,5149195.07,740.76,,0,
kprcnn-nojitter-v1,Yakima-Toppenish_03_20260614,Yakima (arid),trained,1,1,2580,2280,1,0.12351,2580.36,2319.19,2591.42,2327.43,11.05,8.24,91.09,2580.85,2321.0,2583.45,2322.65,2588.65,2325.95,-1.5343,-1.7498,0.8013,-0.8276,9.236,27.71,3.079,6.157,0.5,0.0,327.6,700862.56,5149112.99,700870.36,5149108.04,700885.96,5149098.15,722.73,,0,
kprcnn-nojitter-v1,Yakima-Toppenish_03_20260614,Yakima (arid),trained,1,1,2610,2280,1,0.10085,2610.09,2324.37,2613.08,2328.0,2.98,3.63,10.83,2611.92,2325.52,2612.25,2325.52,2611.25,2326.51,-3.8811,-9.6453,-2.7783,-5.4349,1.191,3.57,0.331,1.403,0.236,0.275,236.2,700955.75,5149099.43,700956.74,5149099.43,700953.76,5149096.46,648.01,,0,
kprcnn-nojitter-v1,Yakima-Toppenish_03_20260614,Yakima (arid),trained,1,1,2640,2280,1,0.06221,2640.0,2303.85,2642.58,2309.92,2.58,6.07,15.66,2640.81,2306.57,2641.45,2306.57,2642.42,2309.76,-1.5091,-7.2451,-6.1624,-4.9722,3.578,10.73,0.645,3.337,0.193,0.576,296.8,701042.42,5149156.3,701044.35,5149156.3,701047.26,5149146.72,622.25,,0,
kprcnn-nojitter-v1,Yakima-Toppenish_03_20260614,Yakima (arid),trained,1,1,1140,2310,1,0.09383,1169.9,2316.38,1178.99,2327.84,9.08,11.46,104.1,1172.98,2319.82,1174.28,2321.79,1172.01,2316.55,-3.4624,0.7959,-6.1767,-2.9478,3.416,10.25,2.354,5.71,0.412,0.684,106.6,696638.95,5149116.54,696642.85,5149110.64,696636.03,5149126.36,285.86,,0,
kprcnn-nojitter-v1,Yakima-Toppenish_03_20260614,Yakima (arid),trained,1,1,1170,2310,1,0.20885,1170.74,2316.27,1177.1,2328.59,6.37,12.32,78.43,1172.81,2319.1,1174.08,2321.77,1172.49,2316.44,-2.7261,-0.1935,-4.8985,-2.606,2.683,8.05,2.952,5.56,0.531,0.948,96.8,696638.42,5149118.69,696642.24,5149110.7,696637.47,5149126.68,285.56,,0,
kprcnn-nojitter-v1,Yakima-Toppenish_03_20260614,Yakima (arid),trained,1,1,2520,2310,1,0.06228,2520.78,2310.0,2533.01,2315.04,12.22,5.04,61.58,2526.23,2313.31,2529.21,2312.68,2525.24,2311.42,-8.696,-9.9956,-0.0008,-6.2308,2.134,6.4,3.039,4.159,0.731,2.925,117.7,700698.7,5149136.08,700707.62,5149137.97,700695.73,5149141.75,708.26,,0,
kprcnn-nojitter-v1,Yakima-Toppenish_03_20260614,Yakima (arid),trained,1,1,2640,2310,1,0.08003,2640.0,2310.0,2644.51,2313.05,4.51,3.05,13.78,2640.81,2311.37,2642.42,2311.99,2642.74,2312.9,-1.7041,-7.3476,-7.2063,-5.4193,2.464,7.39,1.723,0.971,1.774,0.519,321.7,701042.42,5149141.88,701047.25,5149140.04,701048.21,5149137.29,608.4,,0,
kprcnn-nojitter-v1,Yakima-Toppenish_03_20260614,Yakima (arid),trained,1,1,2640,2310,0,0.06835,2640.02,2317.36,2642.73,2323.49,2.71,6.13,16.59,2640.77,2321.39,2641.38,2320.75,2640.47,2320.75,-3.2373,-7.3153,-8.5817,-6.3781,0.712,2.13,0.882,0.903,0.977,0.818,115.0,701042.32,5149111.83,701044.13,5149113.76,701041.42,5149113.76,591.83,,0,
kprcnn-nojitter-v1,Yakima-Toppenish_03_20260614,Yakima (arid),trained,1,1,2670,2310,1,0.11771,2670.03,2355.21,2672.79,2357.97,2.76,2.76,7.62,2670.49,2356.59,2670.8,2356.29,2670.49,2355.98,-0.6251,-6.8832,-8.1736,-5.2273,0.614,1.84,0.434,0.434,1.0,0.307,90.0,701131.48,5149006.22,701132.4,5149007.14,701131.48,5149008.06,454.34,,0,
kprcnn-nojitter-v1,Yakima-Toppenish_03_20260614,Yakima (arid),trained,1,1,1170,2340,1,0.08965,1170.0,2340.14,1171.48,2352.94,1.48,12.8,18.96,1171.04,2340.3,1171.04,2341.29,1171.04,2340.3,-5.6405,-2.0964,-7.5139,-5.0836,0.0,0.0,0.984,0.984,1.0,0.0,0.0,696633.11,5149055.09,696633.11,5149052.13,696633.11,5149055.09,336.75,,0,
kprcnn-nojitter-v1,Yakima-Toppenish_03_20260614,Yakima (arid),trained,1,1,1170,2340,0,0.06698,1188.33,2340.03,1218.0,2345.19,29.67,5.16,152.98,1212.89,2341.16,1207.62,2342.45,1192.78,2341.16,-1.8127,-4.2953,-6.2912,-4.1331,20.11,60.33,5.43,14.891,0.365,1.289,180.0,696758.67,5149052.52,696742.85,5149048.65,696698.34,5149052.52,389.15,,0,
kprcnn-nojitter-v1,Yakima-Toppenish_03_20260614,Yakima (arid),trained,1,1,1170,2340,0,0.05521,1170.0,2340.0,1172.77,2349.62,2.77,9.62,26.65,1170.77,2340.17,1170.77,2341.16,1171.38,2340.17,-5.8764,-1.242,-7.9081,-5.0088,0.615,1.85,0.996,1.17,0.851,0.996,0.0,696632.31,5149055.5,696632.31,5149052.52,696634.15,5149055.5,336.14,,0,
kprcnn-nojitter-v1,Yakima-Toppenish_03_20260614,Yakima (arid),trained,1,1,1200,2340,1,0.09918,1200.29,2340.0,1214.5,2350.07,14.21,10.07,143.19,1200.45,2349.26,1208.72,2342.44,1214.34,2340.81,-3.5184,-2.4997,-5.7408,-3.9196,16.252,48.76,10.717,5.85,1.832,1.533,31.3,696721.36,5149028.22,696746.15,5149048.69,696763.01,5149053.56,390.98,,0,
kprcnn-nojitter-v1,Yakima-Toppenish_03_20260614,Yakima (arid),trained,1,1,1200,2340,0,0.08188,1216.06,2380.61,1237.46,2388.0,21.4,7.39,158.25,1220.18,2384.95,1227.09,2385.27,1220.51,2383.34,0.0342,1.2334,-6.7788,-1.8371,1.641,4.92,6.921,6.862,1.009,6.838,78.4,696780.54,5148921.16,696801.28,5148920.2,696781.52,5148925.99,528.81,,0,
kprcnn-nojitter-v1,Yakima-Toppenish_03_20260614,Yakima (arid),trained,1,1,1200,2340,0,0.06413,1218.78,2383.29,1233.7,2388.0,14.92,4.71,70.36,1221.6,2385.64,1227.23,2385.64,1221.6,2386.59,-0.2347,1.1897,-6.9906,-2.0119,0.943,2.83,5.638,5.716,0.986,5.638,270.0,696784.79,5148919.07,696801.7,5148919.07,696784.79,5148916.24,530.0,,0,
kprcnn-nojitter-v1,Yakima-Toppenish_03_20260614,Yakima (arid),trained,1,1,1200,2370,1,0.2334,1221.2,2379.52,1234.61,2395.03,13.41,15.51,207.99,1221.37,2383.32,1227.91,2387.28,1221.37,2383.65,-5.8753,-0.079,-8.1846,-4.713,0.33,0.99,7.647,7.482,1.022,6.542,270.0,696784.1,5148926.05,696803.73,5148914.17,696784.1,5148925.06,535.24,,0,
kprcnn-nojitter-v1,Yakima-Toppenish_03_20260614,Yakima (arid),trained,1,1,2670,2370,1,0.98168,2694.68,2385.58,2709.48,2398.07,14.81,12.48,184.86,2697.47,2389.36,2700.76,2391.66,2706.69,2395.6,0.9983,3.4023,-0.1196,1.427,11.129,33.39,4.015,7.115,0.564,0.058,325.9,701212.42,5148907.92,701222.29,5148901.02,701240.06,5148889.19,316.74,,0,
kprcnn-nojitter-v1,Yakima-Toppenish_03_20260614,Yakima (arid),trained,1,1,2700,2370,1,0.25659,2700.0,2386.12,2709.66,2400.23,9.66,14.11,136.24,2700.17,2391.86,2701.17,2391.21,2707.16,2396.13,-6.4518,-0.1954,1.2909,-1.7854,8.19,24.57,1.195,7.755,0.154,1.081,328.6,701220.5,5148900.41,701223.5,5148902.37,701241.47,5148887.61,316.69,,0,
kprcnn-nojitter-v1,Yakima-Toppenish_03_20260614,Yakima (arid),trained,1,1,2700,2370,0,0.11684,2700.59,2393.46,2710.08,2400.51,9.49,7.05,66.86,2705.99,2394.58,2705.34,2396.83,2706.97,2396.18,-9.271,-9.6382,1.1848,-5.9081,1.879,5.64,2.336,1.757,1.33,1.729,301.5,701237.97,5148892.25,701236.01,5148885.52,701240.92,5148887.45,296.3,,0,
kprcnn-nojitter-v1,Yakima-Toppenish_03_20260614,Yakima (arid),trained,1,1,2730,2370,1,0.05377,2730.8,2412.88,2754.09,2417.93,23.29,5.06,117.77,2734.63,2416.2,2739.95,2416.51,2750.27,2416.2,-2.9749,-4.0601,-2.7869,-3.274,15.639,46.92,5.333,10.32,0.517,0.316,0.0,701323.88,5148827.41,701339.85,5148826.46,701370.8,5148827.41,179.55,,0,
kprcnn-nojitter-v1,Yakima-Toppenish_03_20260614,Yakima (arid),trained,1,1,1230,2400,1,0.32749,1251.95,2421.41,1268.51,2430.98,16.55,9.57,158.44,1264.04,2426.52,1260.39,2426.52,1265.69,2427.51,-6.97,0.8498,-8.0281,-4.7161,1.929,5.79,3.642,5.389,0.676,1.869,329.1,696912.11,5148796.43,696901.18,5148796.43,696917.08,5148793.46,686.85,,0,
kprcnn-nojitter-v1,Yakima-Toppenish_03_20260614,Yakima (arid),trained,1,1,1230,2400,0,0.2151,1248.68,2441.68,1259.68,2448.0,11.01,6.32,69.61,1258.87,2445.84,1254.02,2445.5,1257.58,2443.84,-2.0264,1.3642,-5.3863,-2.0161,2.38,7.14,4.868,3.931,1.238,3.894,123.0,696896.62,5148738.49,696882.05,5148739.49,696892.74,5148744.48,725.54,,0,
kprcnn-nojitter-v1,Yakima-Toppenish_03_20260614,Yakima (arid),trained,1,1,1230,2400,0,0.11966,1241.36,2412.84,1259.03,2428.22,17.67,15.38,271.78,1245.78,2425.11,1250.04,2420.2,1245.78,2425.11,-1.9827,-0.1939,-7.3482,-3.1749,0.0,0.0,6.495,6.495,1.0,0.0,0.0,696857.34,5148800.68,696870.11,5148815.4,696857.34,5148800.68,654.14,,0,
kprcnn-nojitter-v1,Yakima-Toppenish_03_20260614,Yakima (arid),trained,1,1,2700,2400,1,0.05149,2741.22,2413.3,2748.0,2426.55,6.78,13.25,89.78,2745.58,2424.4,2745.58,2419.1,2742.35,2422.74,-2.2044,-2.0385,-2.7321,-2.325,3.627,10.88,5.3,4.867,1.089,4.715,152.8,701356.74,5148802.8,701356.74,5148818.71,701347.06,5148807.77,162.3,,0,
kprcnn-nojitter-v1,Yakima-Toppenish_03_20260614,Yakima (arid),trained,1,1,2730,2400,1,0.08056,2756.64,2419.8,2768.09,2430.75,11.45,10.95,125.37,2764.0,2427.6,2761.71,2425.28,2757.46,2421.96,-0.4178,0.4726,-1.7029,-0.5494,8.638,25.91,3.262,5.394,0.605,0.264,139.2,701412.0,5148793.2,701405.13,5148800.17,701392.38,5148810.12,118.35,,0,
kprcnn-nojitter-v1,Yakima-Toppenish_03_20260614,Yakima (arid),trained,1,1,1200,2430,1,0.08064,1225.29,2430.0,1245.11,2441.89,19.82,11.89,235.69,1240.65,2432.15,1235.04,2435.78,1240.32,2432.48,-2.6854,-1.5075,-5.4211,-3.2047,0.467,1.4,6.688,6.232,1.073,1.401,225.0,696841.95,5148779.56,696825.11,5148768.66,696840.96,5148778.57,673.04,,0,
kprcnn-nojitter-v1,Yakima-Toppenish_03_20260614,Yakima (arid),trained,1,1,1230,2430,1,0.34691,1253.81,2447.89,1264.12,2460.95,10.31,13.06,134.59,1262.62,2452.95,1259.3,2454.26,1259.63,2448.38,-6.0966,0.0344,-5.3825,-3.8149,5.463,16.39,3.572,5.886,0.607,3.497,123.2,696907.86,5148717.14,696897.89,5148713.23,696898.88,5148730.86,756.2,,0,
kprcnn-nojitter-v1,Yakima-Toppenish_03_20260614,Yakima (arid),trained,1,1,1230,2430,0,0.235,1249.16,2439.68,1258.57,2451.59,9.41,11.91,112.11,1258.08,2448.12,1253.86,2445.14,1256.78,2443.82,-5.2564,-1.2238,-6.5308,-4.337,4.493,13.48,5.164,3.207,1.61,3.179,106.8,696894.25,5148731.65,696881.59,5148740.58,696890.35,5148744.55,724.37,,0,
kprcnn-nojitter-v1,Yakima-Toppenish_03_20260614,Yakima (arid),trained,1,1,1230,2430,0,0.07378,1255.33,2472.17,1269.42,2477.85,14.09,5.68,80.05,1265.65,2475.8,1262.37,2474.54,1255.49,2472.33,-2.3136,1.1579,-5.6912,-2.2823,10.734,32.2,3.511,7.227,0.486,0.135,161.1,696916.95,5148648.59,696907.12,5148652.38,696886.48,5148659.01,813.98,,0,
kprcnn-nojitter-v1,Yakima-Toppenish_03_20260614,Yakima (arid),trained,1,1,1230,2430,0,0.06035,1237.06,2430.03,1253.47,2431.67,16.41,1.64,26.89,1240.51,2431.17,1245.76,2430.85,1239.85,2430.85,-2.6576,-0.2164,-4.7142,-2.5294,0.734,2.2,5.26,5.906,0.891,2.639,153.5,696841.52,5148782.48,696857.27,5148783.46,696839.55,5148783.46,675.07,,0,
kprcnn-nojitter-v1,Yakima-Toppenish_03_20260614,Yakima (arid),trained,1,1,1260,2430,1,0.08978,1260.0,2430.0,1271.99,2435.1,11.99,5.1,61.16,1267.83,2431.12,1261.5,2433.03,1267.83,2431.43,-4.2948,-5.6774,-5.2851,-5.0858,0.319,0.96,6.612,6.527,1.013,6.329,270.0,696923.49,5148782.65,696904.5,5148776.92,696923.49,5148781.7,705.04,,0,
kprcnn-nojitter-v1,Yakima-Toppenish_03_20260614,Yakima (arid),trained,1,1,1260,2430,0,0.08944,1260.0,2448.07,1264.63,2462.56,4.63,14.49,67.14,1263.81,2454.5,1260.5,2455.48,1261.82,2450.87,-5.7625,0.1663,-1.9027,-2.4996,4.131,12.39,3.454,4.797,0.72,3.377,118.7,696911.42,5148712.51,696901.49,5148709.55,696905.46,5148723.38,761.18,,0,
kprcnn-nojitter-v1,Yakima-Toppenish_03_20260614,Yakima (arid),trained,1,1,1260,2430,0,0.05305,1275.14,2437.14,1290.08,2451.02,14.94,13.88,207.43,1289.91,2440.28,1282.94,2444.58,1289.91,2440.28,-3.639,0.3015,-7.6835,-3.6737,0.0,0.0,8.191,8.191,1.0,0.0,0.0,696989.74,5148755.16,696968.82,5148742.27,696989.74,5148755.16,769.69,,0,
kprcnn-nojitter-v1,Yakima-Toppenish_03_20260614,Yakima (arid),trained,1,1,1260,2430,0,0.05176,1260.0,2447.52,1262.5,2460.02,2.5,12.5,31.2,1262.34,2455.58,1260.47,2455.58,1261.4,2449.99,-6.8456,0.2068,-2.2126,-2.9505,5.669,17.01,1.872,5.669,0.33,1.847,99.5,696907.02,5148709.26,696901.4,5148709.26,696904.21,5148726.03,761.39,,0,
kprcnn-nojitter-v1,Yakima-Toppenish_03_20260614,Yakima (arid),trained,1,1,2760,2430,1,0.97084,2771.95,2452.75,2792.07,2468.25,20.12,15.51,311.92,2777.72,2455.55,2780.69,2459.51,2787.95,2465.12,0.1464,5.4761,4.1941,3.2722,14.002,42.0,4.948,9.17,0.54,0.863,316.9,701453.17,5148709.35,701462.07,5148697.47,701483.84,5148680.65,4.03,18,1,0.837
kprcnn-nojitter-v1,Yakima-Toppenish_03_20260614,Yakima (arid),trained,1,1,2760,2430,0,0.24246,2796.42,2458.31,2808.0,2471.32,11.58,13.01,150.63,2799.57,2461.07,2802.87,2464.65,2806.18,2468.55,2.0541,2.0934,-9.7636,-1.872,9.987,29.96,4.873,5.116,0.952,0.108,311.5,701518.7,5148692.79,701528.62,5148682.05,701538.54,5148670.34,64.84,,0,
kprcnn-nojitter-v1,Yakima-Toppenish_03_20260614,Yakima (arid),trained,1,1,2760,2430,0,0.07933,2784.04,2463.22,2793.54,2473.34,9.5,10.12,96.16,2793.05,2469.92,2793.38,2469.92,2787.48,2465.35,-1.5329,-7.4257,4.3794,-1.5264,7.206,21.62,0.328,7.462,0.044,0.208,140.6,701499.16,5148666.25,701500.14,5148666.25,701482.45,5148679.96,47.1,,0,
kprcnn-nojitter-v1,Yakima-Toppenish_03_20260614,Yakima (arid),trained,1,1,2760,2430,0,0.07832,2784.35,2455.61,2790.35,2469.53,6.0,13.92,83.52,2789.85,2467.37,2787.19,2461.74,2787.19,2465.38,-10.8378,-10.8873,4.0539,-5.8904,3.326,9.98,6.234,3.646,1.71,2.923,143.3,701489.56,5148673.88,701481.56,5148690.79,701481.56,5148679.85,17.48,18,1,8.07
kprcnn-nojitter-v1,Yakima-Toppenish_03_20260614,Yakima (arid),trained,1,1,2790,2430,1,0.21693,2804.22,2466.49,2819.08,2478.0,14.85,11.51,170.99,2815.28,2475.86,2812.31,2473.56,2809.34,2470.6,1.7413,1.6283,-5.5774,-0.7359,7.937,23.81,3.758,4.194,0.896,0.246,138.5,701565.85,5148648.41,701556.94,5148655.32,701548.02,5148664.2,100.78,,0,
kprcnn-nojitter-v1,Yakima-Toppenish_03_20260614,Yakima (arid),trained,1,1,2790,2430,0,0.07003,2790.0,2440.36,2794.03,2456.22,4.03,15.86,63.88,2792.63,2453.74,2791.08,2447.13,2791.08,2453.41,-6.317,-6.679,1.8193,-3.7256,1.584,4.75,6.786,6.277,1.081,6.139,168.0,701497.9,5148714.78,701493.25,5148734.6,701493.25,5148715.77,45.17,,0,
kprcnn-nojitter-v1,Yakima-Toppenish_03_20260614,Yakima (arid),trained,1,1,2790,2430,0,0.06012,2790.07,2464.43,2793.41,2470.05,3.33,5.61,18.71,2792.95,2469.55,2792.95,2469.88,2790.83,2466.91,-3.6171,-8.8683,0.3372,-4.0494,3.388,10.16,0.33,3.651,0.09,0.207,128.8,701498.86,5148667.35,701498.86,5148666.36,701492.49,5148675.28,46.1,,0,
kprcnn-nojitter-v1,Yakima-Toppenish_03_20260614,Yakima (arid),trained,1,1,2790,2430,0,0.05322,2790.0,2463.35,2796.08,2473.05,6.08,9.69,58.9,2793.36,2470.3,2793.04,2468.68,2791.12,2466.75,-0.6459,-4.4235,0.7821,-1.4291,4.2,12.6,1.647,2.728,0.604,0.59,122.2,701500.07,5148665.1,701499.11,5148669.95,701493.36,5148675.76,43.86,,0,
kprcnn-nojitter-v1,Yakima-Toppenish_03_20260614,Yakima (arid),trained,1,1,1200,2460,1,0.20643,1219.71,2460.01,1236.26,2464.45,16.55,4.44,73.53,1223.51,2461.12,1221.2,2461.12,1231.46,2461.44,-3.6476,-1.9683,0.1685,-1.8158,7.951,23.85,2.317,10.267,0.226,0.092,357.7,696790.54,5148692.64,696783.59,5148692.64,696814.37,5148691.68,726.04,,0,
kprcnn-nojitter-v1,Yakima-Toppenish_03_20260614,Yakima (arid),trained,1,1,1200,2460,0,0.08028,1220.91,2460.0,1240.66,2467.39,19.75,7.39,145.91,1240.49,2461.77,1223.38,2463.05,1231.61,2461.45,-3.9829,-5.4169,0.1966,-3.0678,8.895,26.68,17.168,8.386,2.047,1.902,177.9,696841.48,5148690.7,696790.13,5148686.85,696814.82,5148691.66,733.79,,0,
kprcnn-nojitter-v1,Yakima-Toppenish_03_20260614,Yakima (arid),trained,1,1,1230,2460,1,0.12288,1255.5,2469.03,1268.94,2480.06,13.44,11.03,148.21,1266.16,2472.43,1262.88,2474.38,1266.48,2472.11,-5.6504,1.8535,-6.1463,-3.3144,0.461,1.38,3.812,4.261,0.895,0.922,44.7,696918.47,5148658.7,696908.63,5148652.86,696919.45,5148659.67,814.27,,0,
kprcnn-nojitter-v1,Yakima-Toppenish_03_20260614,Yakima (arid),trained,1,1,1260,2460,1,0.08925,1268.89,2474.12,1281.49,2487.02,12.6,12.91,162.67,1279.0,2476.6,1275.02,2480.57,1279.0,2476.6,-6.621,-0.061,-6.3402,-4.3407,0.0,0.0,5.622,5.622,1.0,0.0,0.0,696957.01,5148646.2,696945.07,5148634.28,696957.01,5148646.2,784.53,,0,
kprcnn-nojitter-v1,Yakima-Toppenish_03_20260614,Yakima (arid),trained,1,1,1260,2460,0,0.08803,1281.98,2500.77,1297.63,2508.0,15.65,7.23,113.15,1295.13,2505.21,1289.14,2505.21,1295.13,2504.22,-4.6939,1.0871,-3.3863,-2.331,0.986,2.96,5.992,6.073,0.987,5.992,90.0,697005.39,5148560.38,696987.41,5148560.38,697005.39,5148563.34,699.37,,0,
kprcnn-nojitter-v1,Yakima-Toppenish_03_20260614,Yakima (arid),trained,1,1,2760,2460,1,0.44983,2774.34,2460.0,2790.7,2465.49,16.36,5.49,89.78,2782.35,2460.16,2781.05,2461.13,2787.92,2464.36,-7.4157,1.6676,4.2403,-0.5026,6.968,20.9,1.628,7.592,0.214,1.561,323.0,701467.06,5148695.52,701463.14,5148692.61,701483.75,5148682.93,6.64,18,1,3.416
kprcnn-nojitter-v1,Yakima-Toppenish_03_20260614,Yakima (arid),trained,1,1,2760,2460,0,0.34753,2781.78,2462.27,2790.98,2469.08,9.2,6.81,62.64,2789.83,2467.95,2785.23,2466.0,2787.53,2465.03,-10.2673,-8.9538,3.1634,-5.3526,3.715,11.15,4.994,2.497,2.0,2.408,128.2,701489.5,5148672.15,701475.7,5148677.99,701482.6,5148680.91,22.83,,0,
kprcnn-nojitter-v1,Yakima-Toppenish_03_20260614,Yakima (arid),trained,1,1,2760,2460,0,0.08878,2784.64,2462.62,2793.45,2476.88,8.81,14.25,125.55,2792.96,2470.08,2793.28,2470.08,2787.74,2465.44,-1.8604,-7.8903,5.0252,-1.5751,6.984,20.95,0.326,7.232,0.045,0.217,138.4,701498.87,5148665.76,701499.85,5148665.76,701483.21,5148679.68,47.23,,0,
kprcnn-nojitter-v1,Yakima-Toppenish_03_20260614,Yakima (arid),trained,1,1,2760,2460,0,0.08767,2778.04,2460.04,2797.54,2469.02,19.5,8.98,175.19,2778.21,2461.87,2781.18,2460.87,2787.13,2464.86,-6.5933,-0.2769,3.8039,-1.0221,9.413,28.24,3.138,7.165,0.438,1.893,341.5,701454.62,5148690.39,701463.55,5148693.39,701481.4,5148681.41,5.76,18,1,3.397
kprcnn-nojitter-v1,Yakima-Toppenish_03_20260614,Yakima (arid),trained,1,1,2760,2460,0,0.08145,2795.85,2460.0,2808.0,2467.93,12.15,7.93,96.38,2799.63,2461.49,2802.91,2464.79,2805.54,2467.77,0.8126,-0.4251,-4.6869,-1.4331,8.624,25.87,4.659,3.969,1.174,0.126,313.3,701518.88,5148691.54,701528.73,5148681.62,701536.61,5148672.7,65.06,,0,
kprcnn-nojitter-v1,Yakima-Toppenish_03_20260614,Yakima (arid),trained,1,1,2790,2460,1,0.78628,2801.72,2476.55,2815.25,2491.72,13.53,15.16,205.2,2804.86,2480.67,2807.5,2483.64,2814.43,2490.56,0.8602,2.0595,-0.6134,0.7688,13.763,41.29,3.972,9.796,0.405,0.166,314.1,701534.57,5148633.98,701542.49,5148625.08,701563.28,5148604.31,106.16,,0,
kprcnn-nojitter-v1,Yakima-Toppenish_03_20260614,Yakima (arid),trained,1,1,2790,2460,0,0.14115,2790.0,2460.0,2794.07,2471.06,4.07,11.06,44.99,2793.29,2469.92,2792.35,2467.97,2790.78,2466.99,-2.6637,-8.9006,1.3876,-3.3922,3.852,11.56,2.166,1.844,1.174,0.555,130.5,701499.86,5148666.24,701497.04,5148672.1,701492.35,5148675.02,40.88,,0,
kprcnn-nojitter-v1,Yakima-Toppenish_03_20260614,Yakima (arid),trained,1,1,2790,2460,0,0.09668,2790.06,2464.19,2796.14,2473.36,6.08,9.17,55.79,2793.42,2470.25,2793.1,2468.94,2791.18,2467.3,-0.6043,-4.6923,0.6573,-1.5464,3.703,11.11,1.348,2.524,0.534,0.538,127.3,701500.26,5148665.25,701499.3,5148669.17,701493.54,5148674.09,44.5,,0,
kprcnn-nojitter-v1,Yakima-Toppenish_03_20260614,Yakima (arid),trained,1,1,2790,2460,0,0.0912,2790.0,2460.0,2791.37,2471.42,1.36,11.42,15.57,2791.23,2466.69,2790.41,2471.25,2790.96,2467.01,-9.3285,-8.9513,0.2373,-6.0142,0.425,1.28,4.639,4.275,1.085,2.302,230.1,701493.69,5148675.94,701491.24,5148662.24,701492.87,5148674.96,44.32,,0,
kprcnn-nojitter-v1,Yakima-Toppenish_03_20260614,Yakima (arid),trained,1,1,2790,2460,0,0.06764,2826.7,2503.5,2838.0,2508.0,11.3,4.5,50.89,2832.52,2506.55,2834.84,2506.23,2828.86,2504.62,-6.5314,-6.21,0.1222,-4.2064,4.134,12.4,2.349,6.195,0.379,1.371,152.2,701617.55,5148556.34,701624.53,5148557.31,701606.58,5148562.13,212.42,,0,
kprcnn-nojitter-v1,Yakima-Toppenish_03_20260614,Yakima (arid),trained,1,1,2790,2460,0,0.06322,2799.23,2460.0,2809.61,2471.04,10.38,11.04,114.64,2805.55,2467.31,2803.61,2465.36,2807.5,2468.93,-0.8396,0.501,-3.1806,-1.1731,2.535,7.61,2.754,5.284,0.521,0.249,320.2,701536.66,5148674.08,701530.82,5148679.92,701542.5,5148669.2,67.52,,0,
kprcnn-nojitter-v1,Yakima-Toppenish_03_20260614,Yakima (arid),trained,1,1,2790,2460,0,0.06285,2790.0,2463.88,2791.85,2468.96,1.86,5.08,9.42,2790.77,2465.31,2791.39,2468.16,2790.77,2467.21,-9.2559,-9.9349,-0.3752,-6.522,1.904,5.71,2.922,1.135,2.574,0.618,270.0,701492.32,5148680.07,701494.17,5148671.51,701492.32,5148674.36,39.15,,0,
kprcnn-nojitter-v1,Yakima-Toppenish_03_20260614,Yakima (arid),trained,1,1,1290,2490,1,0.05391,1290.04,2501.63,1294.91,2513.64,4.87,12.02,58.57,1291.82,2504.39,1290.52,2507.63,1291.17,2512.5,-6.6098,0.1726,-4.3419,-3.593,8.145,24.44,3.498,4.915,0.712,1.037,265.4,696995.47,5148562.84,696991.57,5148553.1,696993.52,5148538.49,690.99,,0,
kprcnn-nojitter-v1,Yakima-Toppenish_03_20260614,Yakima (arid),trained,1,1,2790,2490,1,0.26213,2811.35,2490.03,2823.3,2495.38,11.94,5.35,63.94,2819.48,2494.28,2819.15,2493.02,2814.51,2491.13,0.4588,-6.2702,1.5861,-1.4085,5.889,17.67,1.303,5.015,0.26,0.887,147.7,701578.45,5148593.17,701577.45,5148596.95,701563.52,5148602.62,150.91,,0,
kprcnn-nojitter-v1,Yakima-Toppenish_03_20260614,Yakima (arid),trained,1,1,2790,2490,0,0.09534,2811.51,2490.02,2818.58,2494.41,7.07,4.39,31.01,2818.42,2493.94,2818.42,2494.26,2814.56,2490.81,-2.8961,-7.491,1.5924,-2.9315,4.968,14.91,0.314,5.172,0.061,0.243,140.9,701575.25,5148594.17,701575.25,5148593.23,701563.69,5148603.57,151.85,,0,
kprcnn-nojitter-v1,Yakima-Toppenish_03_20260614,Yakima (arid),trained,1,1,2790,2490,0,0.07306,2810.11,2490.05,2825.85,2498.96,15.75,8.91,140.22,2819.46,2494.84,2818.15,2493.52,2814.87,2491.54,0.8786,-6.2945,0.9013,-1.5049,5.654,16.96,1.861,3.831,0.486,0.306,144.3,701578.37,5148591.49,701574.44,5148595.45,701564.6,5148601.38,149.73,,0,
kprcnn-nojitter-v1,Yakima-Toppenish_03_20260614,Yakima (arid),trained,1,1,2820,2490,1,0.06262,2820.07,2493.56,2821.98,2498.62,1.91,5.06,9.67,2820.55,2495.62,2821.19,2495.62,2821.5,2497.83,-0.8271,-7.1299,-4.1909,-4.0493,2.41,7.23,0.637,2.235,0.285,0.585,293.4,701581.64,5148589.15,701583.56,5148589.15,701584.51,5148582.51,160.69,,0,
kprcnn-nojitter-v1,Yakima-Toppenish_03_20260614,Yakima (arid),trained,1,1,2820,2490,0,0.06157,2820.0,2490.25,2822.96,2499.49,2.96,9.24,27.31,2820.49,2495.69,2821.81,2495.69,2821.48,2498.0,-0.069,-5.3557,-2.7222,-2.7156,2.511,7.53,1.314,2.333,0.563,1.208,293.1,701581.48,5148588.93,701585.42,5148588.93,701584.43,5148582.0,162.2,,0,
kprcnn-nojitter-v1,Yakima-Toppenish_03_20260614,Yakima (arid),trained,1,1,1290,2520,1,0.05553,1290.45,2520.04,1303.3,2524.79,12.85,4.75,61.11,1301.16,2520.83,1297.53,2521.15,1301.16,2521.15,-4.2794,-0.7199,-5.9158,-3.6384,0.317,0.95,3.64,3.626,1.004,3.626,270.0,697023.47,5148513.51,697012.6,5148512.56,697023.47,5148512.56,645.33,,0,
kprcnn-nojitter-v1,Yakima-Toppenish_03_20260614,Yakima (arid),trained,1,1,2910,2520,1,0.12448,2910.05,2564.79,2912.26,2568.0,2.22,3.21,7.11,2910.52,2565.91,2910.84,2566.23,2911.16,2567.2,-0.4688,-6.7239,-6.1935,-4.4621,1.432,4.3,0.451,1.014,0.445,0.142,296.2,701851.57,5148378.26,701852.52,5148377.3,701853.47,5148374.41,502.69,,0,
kprcnn-nojitter-v1,Yakima-Toppenish_03_20260614,Yakima (arid),trained,1,1,2880,2550,1,0.12012,2915.34,2569.97,2926.98,2583.6,11.64,13.63,158.64,2917.5,2573.79,2920.49,2576.78,2924.15,2580.44,-2.7198,-2.0144,1.8336,-0.9668,9.404,28.21,4.232,5.172,0.818,0.0,315.0,701872.5,5148354.62,701881.48,5148345.65,701892.45,5148334.68,545.22,,0,
kprcnn-nojitter-v1,Yakima-Toppenish_03_20260614,Yakima (arid),trained,1,1,2880,2550,0,0.07225,2921.43,2578.97,2927.96,2586.14,6.53,7.17,46.79,2925.83,2582.06,2926.16,2583.69,2924.2,2580.44,-7.5598,-4.0595,1.5781,-3.3471,2.306,6.92,1.661,3.801,0.437,0.922,135.1,701897.5,5148329.81,701898.48,5148324.92,701892.6,5148334.69,571.62,,0,
kprcnn-nojitter-v1,Yakima-Toppenish_03_20260614,Yakima (arid),trained,1,1,2910,2550,1,0.88222,2921.54,2576.46,2935.51,2590.64,13.97,14.18,198.12,2932.35,2587.84,2929.02,2584.54,2924.04,2580.25,1.9115,4.6134,1.7575,2.7608,11.256,33.77,4.684,6.578,0.712,0.195,137.6,701917.05,5148312.49,701907.07,5148322.39,701892.11,5148335.25,579.79,,0,
kprcnn-nojitter-v1,Yakima-Toppenish_03_20260614,Yakima (arid),trained,1,1,2910,2550,0,0.05108,2937.64,2594.0,2947.44,2598.0,9.8,4.0,39.23,2942.05,2597.23,2943.35,2596.31,2939.43,2596.0,-7.6117,-6.39,-0.3486,-4.7834,2.889,8.67,1.6,3.931,0.407,1.393,154.8,701946.14,5148284.31,701950.06,5148287.08,701938.3,5148288.01,635.41,,0,
kprcnn-nojitter-v1,Yakima-Toppenish_03_20260614,Yakima (arid),trained,1,1,2940,2550,1,0.124,2940.07,2594.95,2943.05,2597.94,2.98,2.98,8.89,2942.55,2596.12,2942.22,2595.78,2940.9,2596.78,-4.0979,-9.1294,-1.1573,-4.7949,1.784,5.35,0.469,1.657,0.283,0.431,201.8,701947.66,5148287.65,701946.67,5148288.65,701942.7,5148285.67,631.81,,0,
kprcnn-nojitter-v1,Yakima-Toppenish_03_20260614,Yakima (arid),trained,1,1,2940,2550,0,0.09699,2940.0,2594.21,2945.1,2598.0,5.1,3.79,19.34,2942.71,2596.26,2943.03,2595.95,2940.8,2596.58,-4.81,-6.5389,-0.2867,-3.8785,1.939,5.82,0.449,2.32,0.194,0.26,189.4,701948.13,5148287.21,701949.09,5148288.16,701942.39,5148286.27,633.97,,0,
kprcnn-nojitter-v1,Yakima-Toppenish_03_20260614,Yakima (arid),trained,1,1,1290,2580,1,0.07486,1321.54,2580.0,1331.32,2584.21,9.78,4.21,41.21,1330.83,2581.13,1327.57,2582.43,1331.16,2581.46,-3.8257,-5.2289,-5.0696,-4.7081,0.46,1.38,3.51,3.717,0.944,3.218,315.2,697112.49,5148332.6,697102.71,5148328.71,697113.47,5148331.63,440.89,,0,
kprcnn-nojitter-v1,Yakima-Toppenish_03_20260614,Yakima (arid),trained,1,1,1290,2580,0,0.07401,1320.52,2580.0,1332.92,2581.37,12.4,1.37,16.96,1331.78,2580.96,1326.89,2580.68,1332.76,2581.23,-5.7978,-4.9991,-4.6734,-5.1568,1.017,3.05,4.904,5.901,0.831,1.054,344.4,697115.35,5148333.13,697100.66,5148333.95,697118.28,5148332.31,446.45,,0,
kprcnn-nojitter-v1,Yakima-Toppenish_03_20260614,Yakima (arid),trained,1,1,1320,2580,1,0.08557,1320.78,2580.0,1332.62,2583.13,11.84,3.13,37.01,1331.47,2581.09,1327.52,2581.72,1332.45,2581.41,-3.6542,-5.4805,-5.2833,-4.806,1.035,3.1,3.995,4.942,0.808,1.788,342.4,697114.4,5148332.72,697102.57,5148330.84,697117.36,5148331.78,442.81,,0,
kprcnn-nojitter-v1,Yakima-Toppenish_03_20260614,Yakima (arid),trained,1,1,1320,2580,0,0.07935,1320.94,2580.03,1331.07,2581.82,10.13,1.79,18.11,1330.58,2581.07,1326.99,2580.77,1330.91,2581.37,-4.0684,-5.8143,-4.6867,-4.8565,0.442,1.33,3.607,3.966,0.909,2.202,317.6,697111.75,5148332.79,697100.97,5148333.68,697112.73,5148331.89,446.07,,0,
kprcnn-nojitter-v1,Yakima-Toppenish_03_20260614,Yakima (arid),trained,1,1,2880,2580,1,0.07526,2921.79,2580.0,2927.99,2585.95,6.2,5.95,36.9,2926.52,2583.14,2926.2,2584.13,2924.24,2581.16,-6.442,-4.8221,1.054,-3.4033,3.025,9.08,1.044,3.562,0.293,0.963,139.0,701899.57,5148326.57,701898.59,5148323.6,701892.72,5148332.53,572.57,,0,
kprcnn-nojitter-v1,Yakima-Toppenish_03_20260614,Yakima (arid),trained,1,1,2880,2580,0,0.07143,2920.83,2580.01,2927.5,2583.0,6.67,2.99,19.95,2924.8,2582.17,2926.39,2581.18,2924.17,2580.51,-8.8336,-9.8323,0.4542,-6.0706,1.779,5.34,1.875,2.321,0.808,1.84,110.9,701894.41,5148329.48,701899.17,5148332.47,701892.5,5148334.47,567.24,,0,
kprcnn-nojitter-v1,Yakima-Toppenish_03_20260614,Yakima (arid),trained,1,1,2910,2580,1,0.85687,2921.68,2580.0,2935.69,2590.2,14.01,10.2,142.94,2932.27,2588.06,2929.34,2584.77,2924.45,2580.49,1.4245,2.91,-0.2784,1.352,10.883,32.65,4.408,6.496,0.679,0.325,135.9,701916.81,5148311.81,701908.01,5148321.69,701893.34,5148334.52,580.96,,0,
kprcnn-nojitter-v1,Yakima-Toppenish_03_20260614,Yakima (arid),trained,1,1,2910,2580,0,0.67568,2927.9,2598.11,2943.95,2615.35,16.05,17.25,276.81,2932.65,2602.92,2936.25,2605.9,2941.17,2611.54,2.5992,2.0446,0.0868,1.5769,12.12,36.36,4.679,7.479,0.626,0.466,314.6,701917.95,5148267.25,701928.76,5148258.29,701943.5,5148241.38,638.83,,0,
kprcnn-nojitter-v1,Yakima-Toppenish_03_20260614,Yakima (arid),trained,1,1,2910,2580,0,0.09984,2927.28,2581.37,2934.81,2590.05,7.53,8.68,65.37,2932.03,2588.28,2929.41,2584.74,2933.34,2588.6,1.8757,0.6969,-9.7503,-2.3926,1.348,4.04,4.401,5.506,0.799,2.811,346.2,701916.08,5148311.15,701908.23,5148321.77,701920.01,5148310.19,581.07,,0,
kprcnn-nojitter-v1,Yakima-Toppenish_03_20260614,Yakima (arid),trained,1,1,2910,2580,0,0.05452,2920.99,2580.0,2932.59,2585.36,11.6,5.36,62.24,2930.44,2585.21,2928.78,2583.94,2924.14,2581.1,-5.457,0.4634,0.7919,-1.4006,7.517,22.55,2.083,5.441,0.383,0.153,146.9,701911.31,5148320.38,701906.34,5148324.17,701892.42,5148332.69,578.08,,0,
kprcnn-nojitter-v1,Yakima-Toppenish_03_20260614,Yakima (arid),trained,1,1,2940,2580,1,0.32231,2940.28,2594.09,2951.17,2608.94,10.89,14.85,161.69,2949.35,2605.15,2946.05,2601.85,2941.1,2597.23,0.2453,0.9945,-0.6784,0.1871,11.436,34.31,4.667,6.771,0.689,0.095,136.2,701968.06,5148260.56,701958.16,5148270.46,701943.31,5148284.31,652.39,,0,
kprcnn-nojitter-v1,Yakima-Toppenish_03_20260614,Yakima (arid),trained,1,1,2940,2580,0,0.09514,2940.0,2586.97,2943.8,2600.59,3.8,13.62,51.71,2943.01,2598.1,2940.47,2591.12,2941.11,2597.76,-4.8611,-7.2141,0.8204,-3.7516,1.927,5.78,7.42,6.673,1.112,6.435,170.1,701949.02,5148281.71,701941.42,5148302.64,701943.32,5148282.71,618.79,,0,
kprcnn-nojitter-v1,Yakima-Toppenish_03_20260614,Yakima (arid),trained,1,1,2970,2580,1,0.10511,2970.26,2623.46,2977.47,2628.0,7.21,4.54,32.69,2973.37,2626.22,2974.03,2626.22,2971.41,2626.22,-5.0421,-6.7434,-0.2433,-4.0096,1.965,5.9,0.655,2.62,0.25,0.0,180.0,702040.12,5148197.35,702042.09,5148197.35,702034.23,5148197.35,763.69,,0,
kprcnn-nojitter-v1,Yakima-Toppenish_03_20260614,Yakima (arid),trained,1,1,2970,2580,0,0.06728,2970.06,2607.63,2975.56,2628.0,5.5,20.37,112.05,2972.81,2626.19,2972.16,2618.97,2971.84,2611.08,-4.284,-8.112,2.5503,-3.2819,15.141,45.42,7.255,7.89,0.92,0.183,93.7,702038.43,5148197.42,702036.49,5148219.1,702035.52,5148242.75,745.31,,0,
kprcnn-nojitter-v1,Yakima-Toppenish_03_20260614,Yakima (arid),trained,1,1,1350,2610,1,0.08561,1367.01,2610.03,1385.42,2612.0,18.41,1.97,36.19,1370.13,2610.85,1376.38,2610.85,1370.13,2611.51,-0.1914,-1.3259,-7.1404,-2.8859,0.656,1.97,6.245,6.279,0.995,6.245,270.0,697230.4,5148243.44,697249.13,5148243.44,697230.4,5148241.48,305.84,,0,
kprcnn-nojitter-v1,Yakima-Toppenish_03_20260614,Yakima (arid),trained,1,1,1350,2610,0,0.06749,1390.44,2635.51,1398.0,2647.12,7.56,11.62,87.81,1397.18,2640.98,1395.86,2641.98,1397.84,2639.99,-7.5489,0.6777,-10.3447,-5.7386,1.193,3.58,1.649,2.802,0.588,0.549,56.6,697311.54,5148153.05,697307.59,5148150.07,697313.51,5148156.04,204.07,,0,
kprcnn-nojitter-v1,Yakima-Toppenish_03_20260614,Yakima (arid),trained,1,1,1350,2610,0,0.06358,1372.05,2610.77,1384.08,2619.02,12.03,8.25,99.3,1378.07,2614.23,1378.07,2614.23,1383.92,2610.93,-8.8501,-0.839,-8.9625,-6.2172,6.72,20.16,0.0,6.72,0.0,0.0,29.4,697254.21,5148233.3,697254.21,5148233.3,697271.77,5148243.2,294.79,,0,
kprcnn-nojitter-v1,Yakima-Toppenish_03_20260614,Yakima (arid),trained,1,1,1350,2610,0,0.0519,1359.08,2652.69,1374.66,2658.0,15.57,5.31,82.68,1362.89,2655.84,1367.53,2655.51,1374.49,2655.84,-0.5529,-2.6877,-4.9188,-2.7198,11.597,34.79,4.651,6.966,0.668,0.332,0.0,697208.68,5148108.47,697222.6,5148109.47,697243.47,5148108.47,191.14,,0,
kprcnn-nojitter-v1,Yakima-Toppenish_03_20260614,Yakima (arid),trained,1,1,1350,2610,0,0.05014,1369.32,2610.0,1384.83,2615.72,15.51,5.72,88.72,1371.79,2611.11,1377.73,2613.65,1371.46,2611.43,-2.1836,-1.5489,-7.1266,-3.6197,0.458,1.37,6.461,6.653,0.971,5.952,223.9,697235.38,5148242.66,697253.2,5148235.04,697234.39,5148241.71,296.71,,0,
kprcnn-nojitter-v1,Yakima-Toppenish_03_20260614,Yakima (arid),trained,1,1,2940,2610,1,0.37522,2974.18,2627.18,2988.0,2641.32,13.82,14.14,195.33,2985.2,2638.52,2981.59,2635.24,2976.65,2630.96,1.9983,1.8505,-0.2034,1.2151,11.416,34.25,4.889,6.528,0.749,0.066,138.5,702075.61,5148160.43,702064.76,5148170.29,702049.95,5148183.12,798.58,,0,
kprcnn-nojitter-v1,Yakima-Toppenish_03_20260614,Yakima (arid),trained,1,1,2970,2610,1,0.67368,2994.84,2647.93,3007.36,2658.0,12.51,10.07,125.93,3004.89,2656.54,3001.92,2654.92,2997.31,2650.69,-1.5453,0.8399,1.5418,0.2788,9.566,28.7,3.379,6.25,0.541,0.525,142.3,702134.66,5148106.38,702125.77,5148111.25,702111.94,5148123.92,805.8,,0,
kprcnn-nojitter-v1,Yakima-Toppenish_03_20260614,Yakima (arid),trained,1,1,2970,2610,0,0.05474,2970.04,2610.0,2973.38,2613.22,3.34,3.22,10.76,2972.92,2612.42,2971.4,2612.42,2971.1,2610.81,-9.0539,-10.3095,0.2184,-6.3817,2.432,7.29,1.517,1.64,0.925,1.006,138.5,702038.76,5148238.75,702034.21,5148238.75,702033.3,5148243.58,731.04,,0,
kprcnn-nojitter-v1,Yakima-Toppenish_03_20260614,Yakima (arid),trained,1,1,3000,2610,1,0.06553,3000.01,2652.61,3009.02,2658.0,9.02,5.39,48.59,3005.32,2656.57,3002.42,2655.31,3000.17,2653.72,-0.6789,-0.0409,-7.6237,-2.7811,5.889,17.67,3.163,2.755,1.148,0.295,151.0,702135.96,5148106.28,702127.27,5148110.08,702120.51,5148114.84,803.91,,0,
kprcnn-nojitter-v1,Yakima-Toppenish_03_20260614,Yakima (arid),trained,1,1,3000,2610,0,0.05299,3002.89,2654.6,3008.75,2658.0,5.86,3.4,19.92,3005.33,2656.61,3003.38,2655.68,3005.66,2657.23,-0.9346,-3.8669,-7.5102,-4.1039,0.699,2.1,2.162,2.753,0.785,1.296,297.8,702135.99,5148106.17,702130.13,5148108.95,702136.97,5148104.32,801.08,,0,
kprcnn-nojitter-v1,Yakima-Toppenish_03_20260614,Yakima (arid),trained,1,1,1350,2640,1,0.08321,1367.45,2666.51,1385.57,2677.33,18.12,10.82,195.95,1381.12,2670.61,1378.48,2673.23,1380.13,2666.68,-0.1214,-6.1319,-7.9913,-4.7482,4.055,12.17,3.717,6.759,0.55,3.195,104.1,697263.36,5148064.17,697255.45,5148056.3,697260.39,5148075.97,128.65,,0,
kprcnn-nojitter-v1,Yakima-Toppenish_03_20260614,Yakima (arid),trained,1,1,1350,2640,0,0.06192,1391.22,2640.0,1398.0,2648.16,6.78,8.16,55.28,1396.55,2640.16,1395.9,2641.79,1392.68,2645.06,-6.0435,0.0692,-8.4852,-4.8198,6.241,18.72,1.755,4.589,0.382,0.506,231.7,697309.64,5148155.51,697307.71,5148150.62,697298.03,5148140.83,204.61,,0,
kprcnn-nojitter-v1,Yakima-Toppenish_03_20260614,Yakima (arid),trained,1,1,1380,2640,1,0.08924,1380.03,2667.73,1385.28,2679.73,5.25,12.0,63.02,1381.18,2670.81,1380.85,2673.73,1383.15,2677.62,0.0417,-3.4673,-1.3039,-1.5765,7.091,21.27,2.938,4.52,0.65,1.126,286.1,697263.53,5148063.56,697262.54,5148054.8,697269.44,5148043.13,123.78,,0,
kprcnn-nojitter-v1,Yakima-Toppenish_03_20260614,Yakima (arid),trained,1,1,1380,2640,0,0.08156,1387.47,2640.0,1406.48,2645.58,19.01,5.58,106.16,1391.89,2644.11,1397.14,2641.48,1406.31,2642.46,-5.3121,-0.5217,-6.1923,-4.0087,14.516,43.55,5.866,9.231,0.635,2.017,6.5,697295.67,5148143.68,697311.41,5148151.57,697338.94,5148148.61,205.32,,0,
kprcnn-nojitter-v1,Yakima-Toppenish_03_20260614,Yakima (arid),trained,1,1,2970,2640,1,0.85139,2995.39,2647.78,3009.27,2661.63,13.88,13.85,192.23,3006.13,2658.83,3002.16,2655.53,2997.86,2650.92,1.5781,3.1145,0.2781,1.6569,11.441,34.32,5.158,6.306,0.818,0.362,136.3,702138.39,5148099.52,702126.49,5148109.41,702113.59,5148123.25,804.0,,0,
kprcnn-nojitter-v1,Yakima-Toppenish_03_20260614,Yakima (arid),trained,1,1,3000,2640,1,0.41734,3000.0,2649.19,3008.25,2661.59,8.25,12.4,102.37,3006.11,2659.14,3002.81,2655.22,3000.17,2653.27,1.853,1.2924,-7.6559,-1.5035,8.357,25.07,5.123,3.288,1.558,0.464,135.3,702138.32,5148098.58,702128.42,5148110.33,702120.5,5148116.2,803.27,,0,
kprcnn-nojitter-v1,Yakima-Toppenish_03_20260614,Yakima (arid),trained,1,1,3000,2640,0,0.08479,3031.7,2682.29,3048.0,2688.0,16.3,5.71,93.14,3034.52,2685.94,3041.51,2684.99,3034.86,2686.89,1.2782,-1.601,-6.6895,-2.3374,1.009,3.03,7.052,6.922,1.019,6.911,289.3,702223.57,5148018.19,702244.53,5148021.04,702224.57,5148015.33,658.17,,0,
kprcnn-nojitter-v1,Yakima-Toppenish_03_20260614,Yakima (arid),trained,1,1,3030,2640,1,0.12382,3030.04,2675.96,3032.51,2686.05,2.47,10.09,24.94,3030.5,2681.98,3031.43,2681.98,3032.05,2684.26,1.2748,-7.675,-3.6415,-3.3472,2.752,8.26,0.927,2.36,0.393,0.767,304.1,702211.5,5148030.06,702214.28,5148030.06,702216.14,5148023.23,685.78,,0,
kprcnn-nojitter-v1,Yakima-Toppenish_03_20260614,Yakima (arid),trained,1,1,3030,2640,0,0.10887,3031.99,2682.82,3047.96,2688.0,15.97,5.18,82.66,3034.82,2686.22,3041.8,2685.25,3032.16,2683.96,0.5726,-1.6831,-5.5049,-2.2051,3.494,10.48,7.053,9.734,0.725,5.267,139.6,702224.45,5148017.34,702245.41,5148020.25,702216.47,5148024.13,656.99,,0,
kprcnn-nojitter-v1,Yakima-Toppenish_03_20260614,Yakima (arid),trained,1,1,3030,2640,0,0.05552,3030.13,2678.68,3034.13,2686.17,4.0,7.49,29.93,3030.97,2682.1,3031.96,2681.78,3032.63,2684.71,1.1299,-6.1786,-3.6894,-2.9127,3.092,9.27,1.051,3.005,0.35,1.017,302.6,702212.9,5148029.7,702215.89,5148030.67,702217.89,5148021.88,685.07,,0,
kprcnn-nojitter-v1,Yakima-Toppenish_03_20260614,Yakima (arid),trained,1,1,1350,2670,1,0.26494,1365.43,2670.0,1382.76,2671.91,17.32,1.91,33.02,1379.92,2670.79,1375.93,2670.79,1370.6,2670.79,0.1476,-1.9799,-7.0976,-2.9766,9.328,27.98,3.998,5.33,0.75,0.0,180.0,697259.77,5148063.62,697247.78,5148063.62,697231.79,5148063.62,138.92,,0,
kprcnn-nojitter-v1,Yakima-Toppenish_03_20260614,Yakima (arid),trained,1,1,1350,2670,0,0.05974,1368.66,2670.0,1385.05,2674.96,16.4,4.96,81.26,1381.28,2671.16,1375.71,2671.16,1382.59,2672.48,0.5303,-3.2688,-7.37,-3.3695,1.862,5.59,5.574,7.012,0.795,3.957,314.8,697263.84,5148062.53,697247.12,5148062.53,697267.78,5148058.57,138.36,,0,
kprcnn-nojitter-v1,Yakima-Toppenish_03_20260614,Yakima (arid),trained,1,1,1380,2670,1,0.79724,1394.65,2699.94,1404.02,2714.46,9.37,14.52,136.06,1400.63,2713.63,1399.99,2709.01,1397.72,2702.74,-0.4071,4.7855,2.0408,2.1397,11.274,33.82,4.666,6.667,0.7,0.568,104.9,697321.89,5147935.1,697319.96,5147948.96,697313.17,5147967.78,3.55,4,1,1.007
kprcnn-nojitter-v1,Yakima-Toppenish_03_20260614,Yakima (arid),trained,1,1,1380,2670,0,0.44153,1391.69,2697.92,1406.3,2717.59,14.62,19.67,287.49,1399.49,2714.15,1399.82,2708.9,1397.83,2703.0,0.4177,5.4216,0.8787,2.2393,11.27,33.81,5.256,6.229,0.844,1.102,98.5,697318.48,5147933.56,697319.47,5147949.3,697313.49,5147967.0,4.14,4,1,1.4
kprcnn-nojitter-v1,Yakima-Toppenish_03_20260614,Yakima (arid),trained,1,1,1380,2670,0,0.30628,1380.0,2670.0,1384.31,2673.13,4.31,3.13,13.47,1380.83,2670.78,1381.82,2671.41,1383.81,2671.09,0.5387,-7.0408,-7.3811,-4.6277,3.001,9.0,1.175,2.014,0.583,0.518,354.0,697262.49,5148063.66,697265.47,5148061.78,697271.44,5148062.72,128.6,,0,
kprcnn-nojitter-v1,Yakima-Toppenish_03_20260614,Yakima (arid),trained,1,1,1380,2670,0,0.19028,1380.08,2670.0,1384.87,2677.56,4.78,7.56,36.13,1381.2,2671.48,1380.88,2673.78,1383.11,2677.39,0.9863,-3.6503,-3.2516,-1.9718,6.215,18.65,2.322,4.247,0.547,1.011,287.9,697263.6,5148061.56,697262.64,5148054.67,697269.34,5148043.82,123.61,,0,
kprcnn-nojitter-v1,Yakima-Toppenish_03_20260614,Yakima (arid),trained,1,1,1380,2670,0,0.06219,1381.57,2670.0,1381.96,2671.16,0.4,1.16,0.46,1381.67,2670.73,1381.67,2670.73,1381.67,2671.02,-1.7935,-6.9495,-7.5613,-5.4348,0.29,0.87,0.0,0.29,0.0,0.0,270.0,697265.0,5148063.82,697265.0,5148063.82,697265.0,5148062.95,130.64,,0,
kprcnn-nojitter-v1,Yakima-Toppenish_03_20260614,Yakima (arid),trained,1,1,1380,2670,0,0.06048,1380.0,2670.0,1385.93,2671.64,5.93,1.64,9.73,1381.15,2671.15,1381.81,2670.82,1384.78,2671.15,0.1822,-7.3777,-6.8365,-4.6773,3.624,10.87,0.736,2.983,0.247,0.328,0.0,697263.46,5148062.56,697265.44,5148063.54,697274.33,5148062.56,130.19,,0,
kprcnn-nojitter-v1,Yakima-Toppenish_03_20260614,Yakima (arid),trained,1,1,1380,2670,0,0.05602,1393.16,2705.6,1408.62,2716.35,15.47,10.75,166.33,1400.23,2714.24,1400.23,2709.35,1396.94,2714.56,-0.1653,3.3033,-5.7738,-0.8786,3.307,9.92,4.888,6.166,0.793,4.864,185.7,697320.7,5147933.29,697320.7,5147947.95,697310.82,5147932.31,2.34,4,1,4.65
kprcnn-nojitter-v1,Yakima-Toppenish_03_20260614,Yakima (arid),trained,1,1,3000,2670,1,0.1011,3020.16,2671.52,3032.15,2683.95,11.99,12.42,148.88,3029.65,2681.49,3026.65,2678.55,3021.66,2673.98,1.6782,1.5192,-1.6163,0.527,10.971,32.91,4.199,6.774,0.62,0.089,136.7,702208.94,5148031.52,702199.95,5148040.34,702184.97,5148054.07,703.19,,0,
kprcnn-nojitter-v1,Yakima-Toppenish_03_20260614,Yakima (arid),trained,1,1,3030,2670,1,0.09835,3030.03,2676.08,3032.48,2686.32,2.45,10.24,25.09,3030.79,2681.86,3031.71,2682.19,3032.02,2684.51,1.0904,-7.7499,-3.9101,-3.5232,2.912,8.74,0.977,2.332,0.419,0.695,294.9,702212.37,5148030.41,702215.13,5148029.42,702216.05,5148022.48,684.73,,0,
kprcnn-nojitter-v1,Yakima-Toppenish_03_20260614,Yakima (arid),trained,1,1,3030,2670,0,0.06212,3030.0,2670.53,3031.52,2685.81,1.52,15.28,23.25,3031.07,2682.98,3030.46,2677.67,3030.15,2682.32,1.3502,-5.4725,-7.1252,-3.7492,1.129,3.39,5.35,4.66,1.148,3.939,144.0,702213.2,5148027.05,702211.37,5148042.99,702210.46,5148029.04,697.01,,0,
kprcnn-nojitter-v1,Yakima-Toppenish_03_20260614,Yakima (arid),trained,1,1,3030,2670,0,0.05084,3030.04,2678.66,3034.48,2686.28,4.44,7.62,33.84,3030.84,2682.14,3032.11,2682.14,3032.42,2684.79,1.358,-6.56,-3.5295,-2.9105,3.089,9.27,1.269,2.67,0.475,1.089,300.9,702212.51,5148029.57,702216.32,5148029.57,702217.27,5148021.62,684.0,,0,
kprcnn-nojitter-v1,Yakima-Toppenish_03_20260614,Yakima (arid),trained,1,1,3060,2670,1,0.37272,3070.71,2700.15,3082.57,2716.13,11.86,15.98,189.43,3076.14,2702.65,3076.8,2708.64,3080.43,2704.64,-8.3767,0.2065,-0.9202,-3.0301,4.724,14.17,6.027,5.392,1.118,5.151,335.0,702348.43,5147968.06,702350.41,5147950.09,702361.28,5147962.07,534.4,,0,
kprcnn-nojitter-v1,Yakima-Toppenish_03_20260614,Yakima (arid),trained,1,1,3060,2670,0,0.0575,3060.0,2694.91,3062.79,2713.77,2.79,18.86,52.55,3061.08,2710.63,3060.77,2705.67,3060.77,2698.72,1.8784,1.28,-2.6432,0.1717,11.915,35.75,4.973,6.948,0.716,0.181,91.5,702303.25,5147944.11,702302.32,5147959.0,702302.32,5147979.85,573.39,,0,
kprcnn-nojitter-v1,Yakima-Toppenish_03_20260614,Yakima (arid),trained,1,1,3060,2670,0,0.05435,3060.4,2708.52,3070.2,2717.92,9.8,9.39,92.06,3061.22,2710.95,3060.57,2710.95,3063.51,2714.19,-0.7378,-8.066,-1.2343,-3.3461,3.965,11.9,0.653,4.375,0.149,0.534,305.2,702303.66,5147943.14,702301.7,5147943.14,702310.52,5147933.42,562.5,,0,
kprcnn-nojitter-v1,Yakima-Toppenish_03_20260614,Yakima (arid),trained,1,1,1380,2700,1,0.91676,1394.59,2701.95,1405.87,2715.95,11.29,14.0,158.0,1400.73,2713.18,1400.06,2708.95,1397.41,2702.76,-1.1002,5.0056,0.1128,1.3394,10.935,32.8,4.284,6.732,0.636,0.652,107.7,697322.19,5147936.46,697320.19,5147949.16,697312.23,5147967.72,3.53,4,1,1.094
kprcnn-nojitter-v1,Yakima-Toppenish_03_20260614,Yakima (arid),trained,1,1,1380,2700,0,0.27626,1403.49,2714.94,1419.18,2735.83,15.68,20.89,327.58,1415.42,2726.38,1411.5,2726.38,1415.75,2726.71,-4.0232,0.5257,-5.5205,-3.006,0.465,1.4,3.92,4.26,0.92,2.793,314.6,697366.26,5147896.87,697354.5,5147896.87,697367.24,5147895.88,59.06,,0,
kprcnn-nojitter-v1,Yakima-Toppenish_03_20260614,Yakima (arid),trained,1,1,1380,2700,0,0.08691,1390.31,2700.0,1408.69,2713.95,18.38,13.95,256.48,1400.98,2713.45,1400.32,2708.8,1397.69,2702.82,-3.0379,4.4855,1.2102,0.8859,11.126,33.38,4.697,6.531,0.719,0.745,107.2,697322.93,5147935.64,697320.96,5147949.59,697313.08,5147967.53,3.44,4,1,0.881
kprcnn-nojitter-v1,Yakima-Toppenish_03_20260614,Yakima (arid),trained,1,1,1380,2700,0,0.06227,1395.13,2700.0,1403.55,2704.27,8.42,4.27,35.94,1397.56,2703.78,1400.47,2702.13,1397.56,2701.81,-9.4062,-9.4193,1.1701,-5.8851,1.97,5.91,3.345,2.933,1.14,2.915,90.0,697312.67,5147964.67,697321.42,5147969.6,697312.67,5147970.58,23.08,,0,
kprcnn-nojitter-v1,Yakima-Toppenish_03_20260614,Yakima (arid),trained,1,1,1380,2700,0,0.05926,1391.01,2700.0,1400.27,2704.57,9.26,4.57,42.34,1391.84,2701.14,1395.14,2702.12,1397.46,2701.8,-9.0021,-7.0035,1.1876,-4.9393,5.659,16.98,3.449,2.337,1.475,0.592,353.4,697295.51,5147972.57,697305.43,5147969.63,697312.38,5147970.61,28.74,,0,
kprcnn-nojitter-v1,Yakima-Toppenish_03_20260614,Yakima (arid),trained,1,1,3060,2700,1,0.1058,3070.98,2700.01,3082.72,2713.68,11.74,13.67,160.47,3075.38,2702.12,3076.69,2708.63,3080.6,2704.73,-8.7629,-0.6278,-0.8917,-3.4275,5.83,17.49,6.641,5.529,1.201,5.243,333.5,702346.15,5147969.63,702350.06,5147950.1,702361.8,5147961.82,534.63,,0,
kprcnn-nojitter-v1,Yakima-Toppenish_03_20260614,Yakima (arid),trained,1,1,3060,2700,0,0.06472,3060.0,2703.24,3062.82,2714.63,2.82,11.39,32.12,3060.78,2710.89,3060.78,2705.68,3062.66,2713.49,0.4687,-0.7025,-4.1883,-1.4741,3.211,9.63,5.206,8.033,0.648,3.049,305.8,702302.35,5147943.33,702302.35,5147958.95,702307.99,5147935.52,573.33,,0,
kprcnn-nojitter-v1,Yakima-Toppenish_03_20260614,Yakima (arid),trained,1,1,3060,2700,0,0.06049,3060.0,2700.34,3061.71,2713.84,1.71,13.51,23.06,3060.71,2711.37,3060.71,2705.77,3061.57,2711.7,0.6961,-0.1123,-7.9497,-2.4553,0.915,2.75,5.6,5.991,0.935,5.225,338.9,702302.13,5147941.88,702302.13,5147958.68,702304.7,5147940.89,573.29,,0,
kprcnn-nojitter-v1,Yakima-Toppenish_03_20260614,Yakima (arid),trained,1,1,3060,2700,0,0.05785,3075.91,2703.03,3082.16,2712.23,6.25,9.2,57.48,3077.06,2709.43,3077.06,2709.1,3080.68,2704.83,-8.078,-2.7545,-0.9627,-3.9318,5.852,17.55,0.329,5.597,0.059,0.203,51.8,702351.18,5147947.7,702351.18,5147948.69,702362.03,5147961.5,532.83,,0,
kprcnn-nojitter-v1,Yakima-Toppenish_03_20260614,Yakima (arid),trained,1,1,1380,2730,1,0.27412,1403.35,2730.08,1419.29,2732.25,15.94,2.17,34.62,1405.84,2730.85,1411.49,2730.85,1415.48,2731.16,-1.5749,-2.048,-3.3711,-2.3314,9.636,28.91,5.646,3.997,1.412,0.182,358.2,697337.53,5147883.44,697354.47,5147883.44,697366.43,5147882.51,70.72,,0,
kprcnn-nojitter-v1,Yakima-Toppenish_03_20260614,Yakima (arid),trained,1,1,1380,2730,0,0.09906,1404.05,2730.0,1419.61,2734.96,15.57,4.96,77.26,1405.54,2731.16,1411.5,2730.83,1415.8,2731.16,-2.8932,-2.2446,-3.2723,-2.8033,10.268,30.81,5.971,4.319,1.383,0.331,0.0,697336.61,5147882.53,697354.5,5147883.52,697367.41,5147882.53,70.66,,0,
kprcnn-nojitter-v1,Yakima-Toppenish_03_20260614,Yakima (arid),trained,1,1,1380,2730,0,0.07524,1409.46,2768.7,1425.92,2778.0,16.46,9.3,153.15,1412.59,2774.84,1418.51,2773.18,1423.45,2775.84,-0.101,2.4169,-4.3319,-0.672,10.912,32.74,6.155,5.609,1.097,2.196,354.8,697357.76,5147751.47,697375.54,5147756.45,697390.36,5147748.48,197.34,,0,
kprcnn-nojitter-v1,Yakima-Toppenish_03_20260614,Yakima (arid),trained,1,1,1380,2730,0,0.06442,1403.34,2730.0,1422.4,2739.98,19.06,9.98,190.24,1405.15,2731.5,1414.68,2734.82,1418.95,2731.83,-3.7218,-0.8604,-3.373,-2.6517,13.807,41.42,10.095,5.217,1.935,3.096,358.6,697335.44,5147881.51,697364.03,5147871.53,697376.85,5147880.51,85.72,,0,
kprcnn-nojitter-v1,Yakima-Toppenish_03_20260614,Yakima (arid),trained,1,1,1410,2730,1,0.13437,1410.37,2770.24,1424.11,2778.0,13.74,7.76,106.59,1412.83,2774.93,1418.71,2773.31,1421.98,2773.96,-0.1831,0.9858,-3.6164,-0.9379,9.21,27.63,6.106,3.334,1.831,0.987,6.0,697358.48,5147751.21,697376.14,5147756.06,697385.95,5147754.12,197.88,,0,
kprcnn-nojitter-v1,Yakima-Toppenish_03_20260614,Yakima (arid),trained,1,1,3090,2730,1,0.69507,3111.59,2759.7,3124.88,2772.25,13.29,12.54,166.74,3122.39,2769.77,3119.4,2767.13,3114.08,2762.18,1.4165,2.3626,0.3883,1.3891,11.254,33.76,3.99,7.265,0.549,0.068,137.6,702487.17,5147766.68,702478.2,5147774.61,702462.25,5147789.46,318.57,,0,
kprcnn-nojitter-v1,Yakima-Toppenish_03_20260614,Yakima (arid),trained,1,1,3090,2730,0,0.09337,3090.67,2737.8,3102.0,2751.35,11.33,13.55,153.54,3100.83,2749.21,3096.17,2745.24,3092.5,2741.6,-3.2521,0.2146,-1.3226,-1.4534,11.278,33.83,6.123,5.163,1.186,0.215,137.6,702422.5,5147828.38,702408.51,5147840.28,702397.51,5147851.19,414.25,,0,
kprcnn-nojitter-v1,Yakima-Toppenish_03_20260614,Yakima (arid),trained,1,1,3120,2730,1,0.23346,3145.37,2770.72,3160.71,2777.67,15.34,6.95,106.66,3155.0,2771.88,3152.06,2774.53,3147.82,2774.2,-9.3667,-8.7039,1.1,-5.6569,7.544,22.63,3.955,4.255,0.929,1.619,197.9,702585.0,5147760.37,702576.19,5147752.42,702563.47,5147753.41,240.84,,0,
kprcnn-nojitter-v1,Yakima-Toppenish_03_20260614,Yakima (arid),trained,1,1,3120,2730,0,0.11603,3144.04,2771.38,3154.58,2778.0,10.54,6.62,69.82,3154.41,2775.52,3151.78,2776.51,3147.17,2774.19,-7.8139,-8.9974,0.2447,-5.5222,7.365,22.1,2.816,5.161,0.546,1.451,169.6,702583.23,5147749.45,702575.33,5147746.47,702561.5,5147753.43,236.2,,0,
kprcnn-nojitter-v1,Yakima-Toppenish_03_20260614,Yakima (arid),trained,1,1,3120,2730,0,0.09445,3149.84,2772.32,3162.0,2777.18,12.16,4.86,59.07,3150.01,2774.11,3159.21,2774.11,3156.25,2774.11,-9.0183,-10.0045,0.383,-6.2132,6.244,18.73,9.202,2.958,3.111,0.0,0.0,702570.03,5147753.68,702597.63,5147753.68,702588.76,5147753.68,231.7,,0,
kprcnn-nojitter-v1,Yakima-Toppenish_03_20260614,Yakima (arid),trained,1,1,3120,2730,0,0.0822,3120.04,2763.35,3125.74,2774.88,5.7,11.53,65.77,3122.42,2769.45,3123.05,2771.42,3124.64,2772.41,2.2062,-8.3692,-5.4303,-3.8644,3.703,11.11,2.076,1.867,1.112,0.677,306.8,702487.25,5147767.66,702489.15,5147761.73,702493.91,5147758.76,301.7,,0,
kprcnn-nojitter-v1,Yakima-Toppenish_03_20260614,Yakima (arid),trained,1,1,3120,2730,0,0.0682,3120.08,2771.52,3163.23,2777.99,43.15,6.47,279.16,3128.55,2775.89,3137.51,2776.21,3156.09,2774.27,-4.4482,-5.0589,1.1366,-2.7902,27.596,82.79,8.967,18.688,0.48,0.848,3.4,702505.64,5147748.33,702532.52,5147747.36,702588.28,5147753.18,261.98,,0,
kprcnn-nojitter-v1,Yakima-Toppenish_03_20260614,Yakima (arid),trained,1,1,3150,2730,1,0.30398,3150.01,2770.08,3161.43,2777.79,11.42,7.71,88.04,3151.8,2775.7,3158.98,2773.46,3151.8,2773.46,-8.5919,-9.8489,1.3269,-5.7046,2.248,6.74,7.524,7.18,1.048,7.18,90.0,702575.41,5147748.89,702596.95,5147755.63,702575.41,5147755.63,233.76,,0,
kprcnn-nojitter-v1,Yakima-Toppenish_03_20260614,Yakima (arid),trained,1,1,3150,2730,0,0.10507,3154.55,2769.71,3157.55,2777.62,3.01,7.91,23.79,3155.9,2772.18,3156.5,2771.85,3156.2,2774.16,-8.63,-10.3021,0.1109,-6.2737,2.001,6.0,0.686,2.327,0.295,0.644,278.6,702587.7,5147759.46,702589.51,5147760.45,702588.6,5147753.53,241.4,,0,
kprcnn-nojitter-v1,Yakima-Toppenish_03_20260614,Yakima (arid),trained,1,1,3150,2730,0,0.07364,3150.17,2771.51,3157.64,2777.36,7.46,5.85,43.68,3157.47,2775.25,3157.47,2775.57,3151.63,2773.62,-8.2542,-9.0618,0.5191,-5.599,6.063,18.19,0.325,6.158,0.053,0.313,164.4,702592.42,5147750.26,702592.42,5147749.28,702574.9,5147755.14,230.15,,0,
kprcnn-nojitter-v1,Yakima-Toppenish_03_20260614,Yakima (arid),trained,1,1,1350,2760,1,0.085,1387.53,2801.63,1398.0,2808.0,10.47,6.37,66.74,1389.33,2805.93,1395.54,2804.65,1389.65,2804.34,-0.0458,-0.2083,-4.1498,-1.468,1.626,4.88,6.349,5.901,1.076,5.836,78.4,697287.98,5147658.21,697306.63,5147662.04,697288.96,5147662.99,284.96,,0,
kprcnn-nojitter-v1,Yakima-Toppenish_03_20260614,Yakima (arid),trained,1,1,1380,2760,1,0.21372,1387.65,2802.64,1405.64,2808.0,17.99,5.36,96.34,1404.47,2805.64,1397.48,2805.32,1390.48,2804.69,-0.3064,0.0842,-5.0997,-1.774,14.021,42.06,7.002,7.023,0.997,0.157,176.1,697333.42,5147659.09,697312.44,5147660.03,697291.45,5147661.93,286.69,,0,
kprcnn-nojitter-v1,Yakima-Toppenish_03_20260614,Yakima (arid),trained,1,1,1380,2760,0,0.10218,1384.29,2798.89,1408.93,2808.0,24.65,9.11,224.56,1389.12,2805.88,1397.44,2804.91,1389.12,2804.26,-0.0344,-0.8417,-5.0558,-1.9773,1.627,4.88,8.383,8.351,1.004,8.326,90.0,697287.36,5147658.35,697312.33,5147661.27,697287.36,5147663.23,285.46,,0,
kprcnn-nojitter-v1,Yakima-Toppenish_03_20260614,Yakima (arid),trained,1,1,3090,2760,1,0.43522,3113.09,2760.0,3124.95,2772.3,11.86,12.3,145.87,3122.48,2769.81,3119.19,2766.82,3114.58,2762.49,1.7136,1.2205,-0.9008,0.6778,10.77,32.31,4.45,6.32,0.704,0.041,137.2,702487.44,5147766.57,702477.56,5147775.55,702463.73,5147788.52,319.7,,0,
kprcnn-nojitter-v1,Yakima-Toppenish_03_20260614,Yakima (arid),trained,1,1,3120,2760,1,0.15848,3120.03,2760.0,3125.41,2773.55,5.38,13.55,72.86,3122.4,2769.42,3120.82,2763.8,3120.82,2769.42,2.7133,-4.3852,-6.8776,-2.8498,1.581,4.74,5.838,5.62,1.039,5.62,180.0,702487.21,5147767.73,702482.46,5147784.59,702482.46,5147767.73,322.94,,0,
kprcnn-nojitter-v1,Yakima-Toppenish_03_20260614,Yakima (arid),trained,1,1,3120,2760,0,0.05565,3156.9,2803.56,3166.73,2808.0,9.84,4.44,43.69,3162.64,2804.35,3160.67,2804.04,3163.62,2805.94,-8.4311,-4.5871,-0.0529,-4.357,1.866,5.6,1.993,3.512,0.568,1.505,301.8,702607.91,5147662.94,702602.0,5147663.89,702610.86,5147658.19,153.38,,0,
kprcnn-nojitter-v1,Yakima-Toppenish_03_20260614,Yakima (arid),trained,1,1,3120,2760,0,0.05209,3120.11,2760.12,3122.86,2772.31,2.75,12.19,33.52,3122.1,2770.17,3120.88,2763.58,3121.18,2769.84,2.1053,-4.4037,-4.4239,-2.2408,0.974,2.92,6.703,6.269,1.069,5.788,160.2,702486.3,5147765.5,702482.63,5147785.27,702483.55,5147766.49,323.33,,0,
kprcnn-nojitter-v1,Yakima-Toppenish_03_20260614,Yakima (arid),trained,1,1,3150,2760,1,0.10258,3158.42,2801.03,3167.48,2808.0,9.06,6.97,63.19,3160.84,2802.52,3160.84,2803.52,3164.08,2805.84,-3.2605,-0.8064,0.4698,-1.199,4.637,13.91,0.996,3.985,0.25,0.695,314.3,702602.53,5147668.44,702602.53,5147665.45,702612.24,5147658.48,154.25,,0,
kprcnn-nojitter-v1,Yakima-Toppenish_03_20260614,Yakima (arid),trained,1,1,3150,2760,0,0.0669,3161.47,2804.44,3171.45,2808.0,9.98,3.56,35.55,3164.96,2807.19,3167.29,2806.22,3163.3,2805.89,-8.9129,-5.7776,0.4255,-4.755,2.108,6.32,2.523,4.004,0.63,2.198,142.1,702614.88,5147654.43,702621.87,5147657.35,702609.89,5147658.32,136.13,,0,
kprcnn-nojitter-v1,Yakima-Toppenish_03_20260614,Yakima (arid),trained,1,1,3150,2760,0,0.06232,3155.07,2798.11,3166.03,2808.0,10.96,9.89,108.43,3158.89,2801.24,3160.55,2803.22,3163.87,2805.86,-4.2298,0.4625,0.3654,-1.134,6.792,20.38,2.583,4.241,0.609,0.323,317.2,702596.67,5147672.28,702601.65,5147666.35,702611.62,5147658.43,155.5,,0,
kprcnn-nojitter-v1,Yakima-Toppenish_03_20260614,Yakima (arid),trained,1,1,3150,2760,0,0.05245,3160.77,2803.16,3177.38,2808.0,16.6,4.84,80.38,3173.89,2806.22,3172.56,2806.22,3163.6,2805.9,-8.126,-2.9862,2.1976,-2.9715,10.299,30.9,1.328,8.972,0.148,0.042,178.2,702641.67,5147657.33,702637.69,5147657.33,702610.79,5147658.29,127.72,,0,
kprcnn-nojitter-v1,Yakima-Toppenish_03_20260614,Yakima (arid),trained,1,1,1350,2790,1,0.05247,1391.18,2799.42,1398.0,2809.89,6.82,10.47,71.43,1394.59,2807.76,1395.89,2803.84,1392.64,2807.44,-4.8913,0.4385,-4.1943,-2.8824,1.976,5.93,4.136,4.849,0.853,4.088,170.5,697303.77,5147652.71,697307.67,5147664.49,697297.92,5147653.69,282.45,,0,
kprcnn-nojitter-v1,Yakima-Toppenish_03_20260614,Yakima (arid),trained,1,1,3150,2790,1,0.22525,3163.64,2805.09,3177.12,2817.44,13.48,12.35,166.48,3174.33,2814.35,3171.04,2811.75,3164.13,2806.55,1.4401,0.8605,-2.0295,0.0904,12.835,38.5,4.192,8.644,0.485,0.067,142.6,702642.98,5147632.95,702633.11,5147640.75,702612.4,5147656.35,116.09,,0,
kprcnn-nojitter-v1,Yakima-Toppenish_03_20260614,Yakima (arid),trained,1,1,3180,2790,1,0.7099,3191.44,2828.89,3206.4,2838.0,14.96,9.11,136.32,3203.24,2836.21,3199.58,2833.93,3194.26,2830.68,0.9051,1.5184,0.1109,0.8448,10.545,31.63,4.309,6.236,0.691,0.021,148.4,702729.72,5147567.37,702718.75,5147574.2,702702.79,5147583.96,34.25,,0,
kprcnn-nojitter-v1,Yakima-Toppenish_03_20260614,Yakima (arid),trained,1,1,3180,2790,0,0.08017,3180.0,2811.09,3182.9,2823.61,2.89,12.51,36.23,3181.13,2819.16,3180.8,2814.22,3181.45,2821.14,-5.3984,-4.7276,-1.6812,-3.9357,2.002,6.01,4.95,6.946,0.713,0.476,279.2,702663.38,5147618.51,702662.41,5147633.33,702664.34,5147612.58,95.26,,0,
kprcnn-nojitter-v1,Yakima-Toppenish_03_20260614,Yakima (arid),trained,1,1,3180,2790,0,0.07068,3180.09,2814.18,3184.77,2823.35,4.68,9.16,42.85,3181.19,2818.93,3180.87,2814.67,3181.19,2820.56,-4.2591,-7.9007,-1.4841,-4.548,1.636,4.91,4.266,5.899,0.723,0.312,270.0,702663.56,5147619.21,702662.62,5147631.98,702663.56,5147614.31,93.93,,0,
kprcnn-nojitter-v1,Yakima-Toppenish_03_20260614,Yakima (arid),trained,1,1,3180,2790,0,0.05545,3199.98,2833.48,3215.04,2838.0,15.06,4.52,68.08,3202.76,2836.22,3209.97,2836.22,3202.44,2836.87,1.8089,-3.6456,-8.5835,-3.4734,0.724,2.17,7.203,7.558,0.953,6.424,243.1,702728.29,5147567.33,702749.9,5147567.33,702727.31,5147565.39,54.61,,0,
kprcnn-nojitter-v1,Yakima-Toppenish_03_20260614,Yakima (arid),trained,1,1,3150,2820,1,0.92018,3184.54,2837.31,3198.0,2849.49,13.46,12.18,164.0,3188.32,2839.78,3192.91,2843.07,3196.85,2846.69,2.2955,2.549,-0.8209,1.3412,10.985,32.96,5.654,5.352,1.056,0.335,321.0,702684.95,5147556.67,702698.73,5147546.79,702710.55,5147535.92,1.49,17,1,1.299
kprcnn-nojitter-v1,Yakima-Toppenish_03_20260614,Yakima (arid),trained,1,1,3150,2820,0,0.05563,3175.07,2830.31,3191.36,2840.92,16.29,10.61,172.83,3187.87,2838.76,3184.54,2836.44,3180.22,2833.13,1.949,-1.371,-4.8959,-1.4393,9.499,28.5,4.054,5.447,0.744,0.104,143.6,702683.6,5147559.72,702673.62,5147566.68,702660.66,5147576.62,33.51,,0,
kprcnn-nojitter-v1,Yakima-Toppenish_03_20260614,Yakima (arid),trained,1,1,3180,2820,1,0.51557,3184.49,2836.27,3199.6,2850.32,15.11,14.04,212.23,3188.27,2839.37,3192.87,2842.97,3198.78,2847.54,2.4818,3.791,0.4338,2.2355,13.311,39.93,5.836,7.475,0.781,0.016,322.2,702684.8,5147557.88,702698.6,5147547.1,702716.34,5147533.38,1.82,17,1,0.808
kprcnn-nojitter-v1,Yakima-Toppenish_03_20260614,Yakima (arid),trained,1,1,3180,2820,0,0.06737,3196.5,2844.7,3209.97,2856.14,13.47,11.44,154.06,3206.2,2852.05,3203.9,2850.42,3198.97,2847.81,-3.187,-2.851,3.0921,-0.982,8.384,25.15,2.821,5.578,0.506,0.243,149.6,702738.59,5147519.84,702731.69,5147524.74,702716.91,5147532.58,38.19,,0,
kprcnn-nojitter-v1,Yakima-Toppenish_03_20260614,Yakima (arid),trained,1,1,3180,2820,0,0.05701,3195.16,2845.29,3203.19,2854.9,8.03,9.61,77.11,3201.42,2848.77,3198.86,2850.76,3198.86,2847.12,-8.9594,-7.425,2.7816,-4.5343,3.056,9.17,3.248,3.644,0.891,3.062,147.2,702724.27,5147529.68,702716.57,5147523.72,702716.57,5147534.65,27.67,,0,
kprcnn-nojitter-v1,Yakima-Toppenish_03_20260614,Yakima (arid),trained,1,1,3210,2820,1,0.06293,3210.07,2835.31,3212.7,2847.68,2.63,12.38,32.51,3211.22,2842.63,3210.89,2837.1,3212.21,2844.26,-1.9255,-4.5065,-3.1092,-3.1804,1.903,5.71,5.546,7.284,0.761,2.585,301.2,702753.66,5147548.1,702752.68,5147564.71,702756.62,5147543.21,56.23,,0,
kprcnn-nojitter-v1,Yakima-Toppenish_03_20260614,Yakima (arid),trained,1,1,3210,2850,1,0.56622,3237.06,2873.42,3251.53,2884.08,14.47,10.66,154.27,3239.86,2875.92,3243.8,2878.58,3250.05,2883.25,0.8549,2.6668,-0.7947,0.909,12.557,37.67,4.763,7.798,0.611,0.14,324.3,702839.57,5147448.24,702851.41,5147440.25,702870.16,5147426.26,184.71,,0,
kprcnn-nojitter-v1,Yakima-Toppenish_03_20260614,Yakima (arid),trained,1,1,3210,2850,0,0.11592,3226.86,2864.6,3241.88,2879.64,15.02,15.04,225.86,3229.63,2868.36,3233.88,2871.96,3241.72,2864.77,1.2588,0.128,-5.8998,-1.5043,12.607,37.82,5.563,10.637,0.523,4.657,16.6,702808.9,5147470.91,702821.64,5147460.12,702845.15,5147481.7,148.92,,0,
kprcnn-nojitter-v1,Yakima-Toppenish_03_20260614,Yakima (arid),trained,1,1,3240,2850,1,0.96542,3272.49,2884.73,3288.0,2896.25,15.51,11.52,178.6,3285.2,2893.45,3281.9,2890.82,3275.96,2887.2,1.8619,3.763,1.1075,2.2441,11.156,33.47,4.221,6.956,0.607,0.331,145.9,702975.59,5147395.64,702965.69,5147403.54,702947.87,5147414.39,301.54,,0,
kprcnn-nojitter-v1,Yakima-Toppenish_03_20260614,Yakima (arid),trained,1,1,3240,2850,0,0.50279,3240.0,2874.62,3250.18,2882.27,10.18,7.65,77.86,3241.15,2876.45,3244.1,2878.44,3249.03,2882.1,-4.5179,0.6755,-2.2996,-2.0473,9.698,29.09,3.565,6.135,0.581,0.101,324.3,702843.45,5147446.66,702852.31,5147440.67,702867.08,5147429.69,185.21,,0,
kprcnn-nojitter-v1,Yakima-Toppenish_03_20260614,Yakima (arid),trained,1,1,3240,2850,0,0.43998,3240.0,2872.78,3251.98,2886.91,11.98,14.13,169.17,3240.17,2876.23,3243.83,2878.53,3249.48,2882.8,-4.9354,1.1624,0.3463,-1.1422,11.398,34.2,4.322,7.087,0.61,0.23,324.8,702840.5,5147447.31,702851.48,5147440.41,702868.44,5147427.6,184.67,,0,
kprcnn-nojitter-v1,Yakima-Toppenish_03_20260614,Yakima (arid),trained,1,1,3240,2850,0,0.13803,3280.72,2886.27,3287.8,2894.98,7.08,8.71,61.68,3285.39,2892.89,3282.49,2890.95,3285.71,2894.82,1.4886,1.7374,-8.3586,-1.7109,1.962,5.89,3.484,5.035,0.692,2.54,279.4,702976.16,5147397.34,702967.47,5147403.15,702977.12,5147391.53,303.29,,0,
kprcnn-nojitter-v1,Yakima-Toppenish_03_20260614,Yakima (arid),trained,1,1,3240,2850,0,0.09577,3253.08,2872.24,3271.18,2884.0,18.1,11.76,212.91,3267.06,2881.55,3262.79,2878.61,3256.86,2874.69,1.1771,1.6079,-0.3893,0.7986,12.295,36.88,5.191,7.104,0.731,0.052,146.1,702921.19,5147431.34,702908.36,5147440.16,702890.59,5147451.93,233.77,,0,
kprcnn-nojitter-v1,Yakima-Toppenish_03_20260614,Yakima (arid),trained,1,1,3240,2850,0,0.09013,3277.13,2890.12,3288.0,2897.02,10.87,6.9,75.04,3285.86,2893.57,3282.24,2891.6,3286.19,2895.54,1.7255,0.9358,-4.4284,-0.589,2.0,6.0,4.125,5.584,0.739,3.249,279.5,702977.58,5147395.28,702966.71,5147401.2,702978.57,5147389.37,303.55,,0,
kprcnn-nojitter-v1,Yakima-Toppenish_03_20260614,Yakima (arid),trained,1,1,3270,2850,1,0.94652,3273.89,2885.36,3291.29,2897.4,17.4,12.04,209.61,3285.54,2893.33,3281.93,2891.05,3277.01,2887.8,0.5616,4.9196,0.6246,2.0353,10.174,30.52,4.271,5.904,0.723,0.053,147.1,702976.63,5147396.0,702965.8,5147402.84,702951.02,5147412.61,301.97,,0,
kprcnn-nojitter-v1,Yakima-Toppenish_03_20260614,Yakima (arid),trained,1,1,3270,2850,0,0.15996,3270.06,2894.74,3272.84,2898.0,2.78,3.26,9.06,3270.52,2896.53,3271.76,2896.21,3270.52,2897.19,0.3243,-6.8663,-7.4499,-4.6639,0.652,1.95,1.278,1.576,0.811,1.236,270.0,702931.56,5147386.4,702935.27,5147387.38,702931.56,5147384.44,283.78,,0,
kprcnn-nojitter-v1,Yakima-Toppenish_03_20260614,Yakima (arid),trained,1,1,3270,2850,0,0.05342,3284.82,2892.89,3304.09,2898.0,19.27,5.11,98.52,3285.65,2893.69,3296.62,2895.6,3288.31,2896.24,-1.4544,-1.9624,-0.1075,-1.1748,3.688,11.06,11.131,8.331,1.336,6.218,316.1,702976.96,5147394.94,703009.85,5147389.19,702984.93,5147387.27,282.34,,0,
kprcnn-nojitter-v1,Yakima-Toppenish_03_20260614,Yakima (arid),trained,1,1,1380,2880,1,0.11405,1416.87,2880.0,1427.31,2884.19,10.44,4.19,43.72,1425.52,2882.09,1423.56,2881.13,1418.99,2881.13,-0.7116,0.3288,-5.9,-2.0943,6.597,19.79,2.183,4.568,0.478,0.669,171.6,697396.56,5147429.72,697390.68,5147432.62,697376.98,5147432.62,518.42,,0,
kprcnn-nojitter-v1,Yakima-Toppenish_03_20260614,Yakima (arid),trained,1,1,1410,2880,1,0.12862,1415.96,2880.0,1428.77,2883.73,12.81,3.73,47.73,1426.97,2881.09,1423.68,2881.09,1418.42,2880.78,-3.6702,1.1943,-4.5621,-2.346,8.548,25.64,3.286,5.266,0.624,0.119,177.9,697400.9,5147432.74,697391.04,5147432.74,697375.27,5147433.67,518.35,,0,
kprcnn-nojitter-v1,Yakima-Toppenish_03_20260614,Yakima (arid),trained,1,1,1410,2880,0,0.10427,1414.48,2880.03,1431.44,2882.0,16.97,1.97,33.46,1428.61,2881.18,1423.96,2880.85,1428.61,2880.85,-4.1934,1.3409,-4.2483,-2.3669,0.329,0.99,4.669,4.657,1.002,4.657,90.0,697405.84,5147432.47,697391.87,5147433.45,697405.84,5147433.45,517.75,,0,
kprcnn-nojitter-v1,Yakima-Toppenish_03_20260614,Yakima (arid),trained,1,1,1440,2880,1,0.05802,1440.01,2880.0,1444.62,2881.28,4.61,1.28,5.91,1441.49,2880.8,1441.49,2880.48,1441.16,2881.12,-0.8456,-6.9172,-6.5117,-4.7582,0.46,1.38,0.32,0.72,0.445,0.23,224.2,697444.48,5147433.6,697444.48,5147434.56,697443.49,5147432.64,526.3,,0,
kprcnn-nojitter-v1,Yakima-Toppenish_03_20260614,Yakima (arid),trained,1,1,3240,2880,1,0.96322,3274.55,2884.71,3288.0,2896.21,13.45,11.51,154.78,3285.54,2893.42,3281.93,2891.12,3276.68,2887.5,1.5392,3.2491,0.827,1.8718,10.653,31.96,4.28,6.375,0.671,0.091,146.3,702976.62,5147395.74,702965.79,5147402.65,702950.04,5147413.49,302.05,,0,
kprcnn-nojitter-v1,Yakima-Toppenish_03_20260614,Yakima (arid),trained,1,1,3240,2880,0,0.71268,3266.4,2892.49,3281.57,2905.58,15.17,13.09,198.66,3269.2,2895.6,3273.16,2898.55,3279.1,2902.47,1.6961,2.0026,-0.2688,1.1433,12.049,36.15,4.934,7.119,0.693,0.161,325.2,702927.6,5147389.2,702939.47,5147380.36,702957.29,5147368.58,291.2,,0,
kprcnn-nojitter-v1,Yakima-Toppenish_03_20260614,Yakima (arid),trained,1,1,3240,2880,0,0.55013,3276.71,2898.71,3288.0,2911.24,11.29,12.53,141.47,3285.84,2907.12,3283.52,2905.47,3278.87,2902.17,-0.2934,0.073,0.8064,0.1953,8.549,25.65,2.85,5.699,0.5,0.0,144.6,702977.53,5147354.64,702970.55,5147359.58,702956.61,5147369.48,299.79,,0,
kprcnn-nojitter-v1,Yakima-Toppenish_03_20260614,Yakima (arid),trained,1,1,3240,2880,0,0.15159,3280.11,2887.75,3287.77,2894.49,7.66,6.74,51.64,3285.27,2893.04,3282.27,2891.12,3285.6,2894.33,1.1054,0.9811,-8.5856,-2.1664,1.326,3.98,3.563,4.626,0.77,2.418,284.5,702975.81,5147396.88,702966.82,5147402.65,702976.81,5147393.02,302.96,,0,
kprcnn-nojitter-v1,Yakima-Toppenish_03_20260614,Yakima (arid),trained,1,1,3240,2880,0,0.05417,3263.11,2880.06,3280.52,2890.38,17.41,10.32,179.73,3267.22,2881.89,3271.49,2884.22,3276.42,2887.22,0.2439,-2.7076,0.9538,-0.5033,10.63,31.89,4.865,5.767,0.844,0.123,329.9,702921.65,5147430.33,702934.46,5147423.33,702949.25,5147414.34,264.69,,0,
kprcnn-nojitter-v1,Yakima-Toppenish_03_20260614,Yakima (arid),trained,1,1,3270,2880,1,0.97981,3273.48,2884.64,3288.25,2896.39,14.77,11.74,173.4,3285.46,2893.29,3281.85,2891.0,3276.27,2887.74,0.6853,3.5857,1.3367,1.8692,10.732,32.2,4.271,6.462,0.661,0.09,148.9,702976.38,5147396.14,702965.55,5147402.99,702948.81,5147412.77,301.68,,0,
kprcnn-nojitter-v1,Yakima-Toppenish_03_20260614,Yakima (arid),trained,1,1,3270,2880,0,0.7663,3270.0,2893.04,3280.21,2904.5,10.21,11.46,116.95,3270.49,2896.48,3273.46,2898.45,3278.4,2902.05,0.1825,0.9622,-0.0555,0.3631,9.665,29.0,3.555,6.112,0.582,0.1,324.8,702931.48,5147386.56,702940.37,5147380.66,702955.19,5147369.86,291.77,,0,
kprcnn-nojitter-v1,Yakima-Toppenish_03_20260614,Yakima (arid),trained,1,1,3270,2880,0,0.48515,3276.54,2900.28,3290.82,2910.21,14.28,9.93,141.75,3286.67,2907.4,3283.68,2905.41,3279.03,2902.43,-1.6908,1.3059,1.5318,0.3823,9.109,27.33,3.588,5.521,0.65,0.036,147.0,702980.0,5147353.81,702971.03,5147359.76,702957.08,5147368.7,299.46,,0,
kprcnn-nojitter-v1,Yakima-Toppenish_03_20260614,Yakima (arid),trained,1,1,3270,2880,0,0.06788,3270.06,2893.72,3272.41,2899.37,2.35,5.65,13.3,3270.5,2896.54,3270.79,2895.55,3270.2,2897.21,0.3929,-6.5243,-8.6879,-4.9398,0.727,2.18,1.039,1.763,0.59,0.135,246.1,702931.49,5147386.37,702932.38,5147389.36,702930.61,5147384.38,280.27,,0,
kprcnn-nojitter-v1,Yakima-Toppenish_03_20260614,Yakima (arid),trained,1,1,3300,2880,1,0.58901,3331.02,2921.19,3348.0,2928.0,16.98,6.81,115.59,3333.85,2925.89,3339.84,2926.22,3345.17,2922.97,-0.1753,-5.3254,-0.0252,-1.842,11.688,35.06,6.001,6.235,0.962,1.81,14.5,703121.56,5147298.32,703139.53,5147297.35,703155.51,5147307.08,123.56,,0,
kprcnn-nojitter-v1,Yakima-Toppenish_03_20260614,Yakima (arid),trained,1,1,3300,2880,0,0.09306,3300.06,2898.21,3305.02,2907.95,4.96,9.75,48.36,3301.22,2903.24,3300.89,2899.02,3303.2,2906.17,-4.9259,-6.2093,-0.8895,-4.0083,3.534,10.6,4.236,7.513,0.564,2.098,304.2,703023.66,5147366.27,703022.66,5147378.94,703029.61,5147357.5,265.94,,0,
kprcnn-nojitter-v1,Yakima-Toppenish_03_20260614,Yakima (arid),trained,1,1,3330,2880,1,0.2117,3331.95,2920.85,3351.94,2928.0,19.99,7.15,143.01,3333.78,2925.89,3339.11,2926.21,3348.44,2922.96,-4.7013,-5.7525,1.4799,-2.9913,14.949,44.85,5.341,9.88,0.541,1.362,11.3,703121.34,5147298.34,703137.33,5147297.37,703165.32,5147307.12,125.29,,0,
kprcnn-nojitter-v1,Yakima-Toppenish_03_20260614,Yakima (arid),trained,1,1,1380,2910,1,0.06041,1414.78,2910.0,1428.0,2913.99,13.22,3.99,52.8,1419.9,2911.5,1424.86,2911.16,1420.56,2912.83,-2.3589,0.3611,-7.2249,-3.0742,1.486,4.46,4.969,4.608,1.078,4.588,296.4,697379.71,5147341.51,697394.58,5147342.51,697381.69,5147337.51,608.32,,0,
kprcnn-nojitter-v1,Yakima-Toppenish_03_20260614,Yakima (arid),trained,1,1,1410,2910,1,0.12151,1444.54,2949.03,1458.0,2958.0,13.46,8.97,120.74,1448.65,2957.83,1451.93,2955.18,1455.21,2949.19,-3.3672,3.0937,-4.5575,-1.6103,10.85,32.55,4.224,6.822,0.619,1.005,52.8,697465.94,5147202.5,697475.78,5147210.47,697485.63,5147228.42,751.85,,0,
kprcnn-nojitter-v1,Yakima-Toppenish_03_20260614,Yakima (arid),trained,1,1,1410,2910,0,0.07675,1429.65,2949.99,1458.0,2958.0,28.35,8.01,227.1,1431.79,2955.28,1439.7,2954.96,1453.55,2950.15,-2.2917,1.042,-4.9996,-2.0831,22.355,67.07,7.919,14.657,0.54,1.503,13.3,697415.37,5147210.17,697439.11,5147211.13,697480.65,5147225.55,744.59,,0,
kprcnn-nojitter-v1,Yakima-Toppenish_03_20260614,Yakima (arid),trained,1,1,1440,2910,1,0.23001,1445.46,2948.06,1458.01,2958.0,12.55,9.94,124.78,1454.87,2950.55,1452.56,2954.85,1449.58,2948.23,-2.7429,3.9088,-3.6265,-0.8202,5.772,17.32,4.889,7.263,0.673,4.873,156.3,697484.61,5147224.36,697477.67,5147211.44,697468.75,5147231.32,751.29,,0,
kprcnn-nojitter-v1,Yakima-Toppenish_03_20260614,Yakima (arid),trained,1,1,1440,2910,0,0.10248,1440.0,2946.95,1446.29,2958.0,6.29,11.05,69.49,1441.49,2949.39,1441.82,2955.24,1442.15,2947.76,-2.46,2.0348,-4.4572,-1.6275,1.755,5.26,5.859,7.482,0.783,2.513,67.8,697444.47,5147227.84,697445.46,5147210.29,697446.45,5147232.71,746.45,,0,
kprcnn-nojitter-v1,Yakima-Toppenish_03_20260614,Yakima (arid),trained,1,1,1440,2910,0,0.09206,1440.0,2946.06,1442.86,2958.0,2.86,11.94,34.15,1441.11,2948.88,1441.43,2955.18,1442.38,2946.55,-1.0837,2.2051,-3.9992,-0.9592,2.647,7.94,6.312,8.679,0.727,3.305,61.3,697443.34,5147229.37,697444.29,5147210.46,697447.15,5147236.34,746.08,,0,
kprcnn-nojitter-v1,Yakima-Toppenish_03_20260614,Yakima (arid),trained,1,1,3300,2910,1,0.0905,3330.08,2923.1,3345.37,2934.88,15.28,11.78,180.05,3333.24,2925.88,3336.56,2928.5,3341.21,2931.44,-2.739,1.0511,-2.3242,-1.3374,9.723,29.17,4.23,5.506,0.768,0.246,325.1,703119.72,5147298.35,703129.69,5147290.5,703143.64,5147281.67,127.46,,0,
kprcnn-nojitter-v1,Yakima-Toppenish_03_20260614,Yakima (arid),trained,1,1,3300,2910,0,0.06955,3300.13,2911.7,3304.67,2920.86,4.55,9.17,41.66,3301.26,2915.79,3301.59,2915.79,3300.94,2917.1,-7.5398,-9.9813,-0.6811,-6.0674,1.349,4.05,0.325,1.462,0.222,0.315,256.1,703023.79,5147328.63,703024.77,5147328.63,703022.82,5147324.7,237.42,,0,
kprcnn-nojitter-v1,Yakima-Toppenish_03_20260614,Yakima (arid),trained,1,1,3330,2910,1,0.9791,3361.17,2944.58,3378.0,2957.37,16.83,12.79,215.18,3375.2,2953.92,3371.57,2951.63,3365.96,2948.02,1.8667,4.2463,1.2045,2.4392,10.963,32.89,4.294,6.669,0.644,0.02,147.4,703245.59,5147214.23,703234.7,5147221.12,703217.87,5147231.94,1.64,16,1,0.96
kprcnn-nojitter-v1,Yakima-Toppenish_03_20260614,Yakima (arid),trained,1,1,3330,2910,0,0.94693,3348.84,2948.88,3364.29,2958.0,15.45,9.12,140.98,3351.63,2950.99,3355.25,2953.28,3360.51,2956.53,2.5175,2.2179,-3.423,0.4375,10.463,31.39,4.276,6.188,0.691,0.02,328.0,703174.89,5147223.02,703185.74,5147216.17,703201.52,5147206.4,50.24,,0,
kprcnn-nojitter-v1,Yakima-Toppenish_03_20260614,Yakima (arid),trained,1,1,3330,2910,0,0.58544,3330.21,2922.77,3343.98,2933.72,13.77,10.96,150.83,3333.32,2926.25,3335.95,2928.25,3341.19,2931.57,-5.7916,0.6347,-0.8855,-2.0141,9.492,28.48,3.293,6.207,0.531,0.183,326.0,703119.97,5147297.24,703127.84,5147291.26,703143.57,5147281.3,129.43,,0,
kprcnn-nojitter-v1,Yakima-Toppenish_03_20260614,Yakima (arid),trained,1,1,3330,2910,0,0.13464,3367.61,2948.02,3378.0,2957.08,10.39,9.06,94.12,3375.89,2954.33,3371.67,2951.74,3367.77,2948.83,3.173,1.847,-3.5167,0.5011,9.805,29.42,4.952,4.864,1.018,0.225,145.9,703247.67,5147213.02,703235.0,5147220.78,703223.31,5147229.51,1.18,16,1,1.054
kprcnn-nojitter-v1,Yakima-Toppenish_03_20260614,Yakima (arid),trained,1,1,3330,2910,0,0.05863,3369.94,2951.54,3378.0,2957.65,8.06,6.11,49.3,3375.58,2954.27,3371.39,2952.34,3371.71,2951.7,2.7314,-1.8116,-8.2932,-2.4578,4.649,13.95,4.617,0.72,6.413,0.714,146.4,703246.74,5147213.19,703234.16,5147218.98,703235.13,5147220.91,1.94,16,1,2.831
kprcnn-nojitter-v1,Yakima-Toppenish_03_20260614,Yakima (arid),trained,1,1,3360,2910,1,0.98206,3363.63,2946.21,3378.3,2957.64,14.68,11.43,167.77,3375.53,2954.21,3371.62,2951.6,3366.4,2948.33,2.2278,3.7835,1.0771,2.3628,10.86,32.58,4.706,6.156,0.764,0.078,147.2,703246.59,5147213.36,703234.85,5147221.2,703219.19,5147231.0,1.6,16,1,0.731
kprcnn-nojitter-v1,Yakima-Toppenish_03_20260614,Yakima (arid),trained,1,1,3360,2910,0,0.10117,3368.06,2950.74,3378.98,2957.28,10.92,6.54,71.45,3375.84,2954.17,3371.87,2952.21,3371.53,2950.9,2.6004,-0.1869,-8.7947,-2.1271,5.404,16.21,4.429,1.35,3.281,0.841,142.7,703247.51,5147213.48,703235.6,5147219.37,703234.6,5147223.29,0.63,16,1,2.476
kprcnn-nojitter-v1,Yakima-Toppenish_03_20260614,Yakima (arid),trained,1,1,1380,2940,1,0.0632,1407.06,2940.0,1418.9,2943.83,11.84,3.83,45.37,1416.76,2943.67,1415.12,2941.44,1411.17,2941.44,-3.8763,-2.2365,-6.6557,-4.2561,6.023,18.07,2.775,3.948,0.703,1.465,158.2,697370.29,5147244.99,697365.36,5147251.69,697353.51,5147251.69,696.17,,0,
kprcnn-nojitter-v1,Yakima-Toppenish_03_20260614,Yakima (arid),trained,1,1,1410,2940,1,0.7633,1431.28,2957.55,1446.76,2971.4,15.48,13.85,214.32,1446.59,2964.97,1439.68,2964.97,1435.72,2969.26,-3.4338,4.9603,-7.6027,-2.0254,11.682,35.05,6.916,5.83,1.186,2.537,201.5,697459.78,5147181.09,697439.03,5147181.09,697427.17,5147168.23,774.27,,0,
kprcnn-nojitter-v1,Yakima-Toppenish_03_20260614,Yakima (arid),trained,1,1,1410,2940,0,0.13666,1432.5,2949.06,1449.49,2961.12,16.99,12.07,205.03,1441.66,2949.22,1439.66,2955.09,1449.32,2949.22,-4.8937,2.1635,-6.8117,-3.1806,7.662,22.99,6.202,11.305,0.549,5.871,0.0,697444.98,5147228.34,697438.98,5147210.73,697467.96,5147228.34,744.97,,0,
kprcnn-nojitter-v1,Yakima-Toppenish_03_20260614,Yakima (arid),trained,1,1,1410,2940,0,0.10434,1410.0,2940.55,1418.42,2942.88,8.42,2.33,19.64,1411.46,2941.38,1414.37,2942.05,1418.26,2941.38,-0.5432,-3.8613,-6.7079,-3.7041,6.801,20.4,2.99,3.943,0.758,0.667,0.0,697354.37,5147251.85,697363.12,5147249.85,697374.78,5147251.85,697.87,,0,
kprcnn-nojitter-v1,Yakima-Toppenish_03_20260614,Yakima (arid),trained,1,1,1410,2940,0,0.09806,1410.0,2940.03,1418.91,2940.9,8.91,0.87,7.72,1411.49,2940.75,1414.79,2940.46,1418.75,2940.75,-0.9286,-4.5493,-6.8473,-4.1084,7.262,21.79,3.314,3.972,0.834,0.289,0.0,697354.46,5147253.75,697364.36,5147254.61,697376.24,5147253.75,693.2,,0,
kprcnn-nojitter-v1,Yakima-Toppenish_03_20260614,Yakima (arid),trained,1,1,1410,2940,0,0.08953,1410.0,2940.0,1419.6,2946.44,9.6,6.44,61.82,1411.49,2942.09,1414.14,2942.74,1411.82,2944.99,-1.3735,-4.0967,-6.2027,-3.8909,2.916,8.75,2.726,3.233,0.843,2.559,276.5,697354.47,5147249.72,697362.42,5147247.79,697355.46,5147241.03,699.89,,0,
kprcnn-nojitter-v1,Yakima-Toppenish_03_20260614,Yakima (arid),trained,1,1,1410,2940,0,0.08803,1446.13,2946.86,1457.6,2967.63,11.47,20.77,238.19,1455.14,2965.49,1452.52,2956.92,1455.14,2965.82,-3.4472,2.6914,-4.3937,-1.7165,0.33,0.99,8.964,9.28,0.966,2.621,270.0,697485.43,5147179.53,697477.56,5147205.25,697485.43,5147178.54,757.33,,0,
kprcnn-nojitter-v1,Yakima-Toppenish_03_20260614,Yakima (arid),trained,1,1,1410,2940,0,0.06912,1435.95,2946.38,1445.37,2973.1,9.42,26.72,251.66,1437.74,2959.41,1439.69,2964.69,1436.11,2972.94,-2.2454,3.118,-7.2285,-2.1186,13.624,40.87,5.627,8.988,0.626,2.564,263.2,697433.21,5147197.76,697439.06,5147181.92,697428.34,5147157.18,773.45,,0,
kprcnn-nojitter-v1,Yakima-Toppenish_03_20260614,Yakima (arid),trained,1,1,1410,2940,0,0.05464,1410.0,2940.0,1421.77,2942.42,11.77,2.42,28.48,1411.8,2941.06,1415.07,2941.36,1418.34,2942.27,-1.9684,-3.0886,-6.7995,-3.9522,6.652,19.96,3.285,3.394,0.968,0.297,349.5,697355.4,5147252.83,697365.21,5147251.92,697375.02,5147249.2,695.94,,0,
kprcnn-nojitter-v1,Yakima-Toppenish_03_20260614,Yakima (arid),trained,1,1,1440,2940,1,0.37384,1440.08,2949.1,1445.18,2961.46,5.09,12.36,62.95,1441.52,2949.59,1441.52,2955.12,1442.47,2949.27,-1.6513,2.8295,-5.3742,-1.3987,1.009,3.03,5.53,5.933,0.932,5.235,18.8,697444.55,5147227.23,697444.55,5147210.64,697447.42,5147228.2,745.95,,0,
kprcnn-nojitter-v1,Yakima-Toppenish_03_20260614,Yakima (arid),trained,1,1,1440,2940,0,0.26983,1440.0,2959.01,1445.46,2972.77,5.46,13.76,75.17,1441.77,2960.81,1440.8,2964.74,1441.45,2972.6,-4.8181,3.853,-4.88,-1.9484,11.796,35.39,4.047,7.887,0.513,0.857,268.4,697445.3,5147193.56,697442.41,5147181.77,697444.34,5147158.19,774.11,,0,
kprcnn-nojitter-v1,Yakima-Toppenish_03_20260614,Yakima (arid),trained,1,1,1440,2940,0,0.15586,1440.04,2953.87,1443.25,2965.66,3.21,11.79,37.85,1441.16,2959.6,1440.84,2964.51,1442.45,2960.25,-1.4435,0.8641,-7.005,-2.5281,1.442,4.33,4.922,4.549,1.082,4.521,333.0,697443.49,5147197.2,697442.52,5147182.47,697447.34,5147195.24,773.44,,0,
kprcnn-nojitter-v1,Yakima-Toppenish_03_20260614,Yakima (arid),trained,1,1,1440,2940,0,0.15224,1440.04,2953.33,1445.59,2967.09,5.55,13.76,76.41,1441.51,2959.39,1440.86,2964.96,1442.49,2960.04,-1.524,2.7643,-6.6337,-1.7978,1.179,3.54,5.608,5.179,1.083,4.993,326.2,697444.53,5147197.84,697442.57,5147181.13,697447.47,5147195.87,774.77,,0,
kprcnn-nojitter-v1,Yakima-Toppenish_03_20260614,Yakima (arid),trained,1,1,1440,2940,0,0.11506,1441.2,2944.74,1458.15,2963.79,16.95,19.05,322.9,1454.99,2950.49,1452.0,2956.73,1441.36,2944.91,-3.137,0.9493,-4.8288,-2.3388,14.728,44.18,6.92,15.903,0.435,6.908,157.7,697484.98,5147224.54,697476.0,5147205.82,697444.09,5147241.28,756.46,,0,
kprcnn-nojitter-v1,Yakima-Toppenish_03_20260614,Yakima (arid),trained,1,1,1440,2940,0,0.08514,1440.05,2956.84,1443.15,2974.68,3.1,17.84,55.35,1441.13,2959.98,1440.82,2964.93,1440.82,2974.52,-0.7643,4.2567,-4.8681,-0.4586,14.54,43.62,4.966,9.581,0.518,0.204,268.8,697443.4,5147196.06,697442.47,5147181.2,697442.47,5147152.45,774.69,,0,
kprcnn-nojitter-v1,Yakima-Toppenish_03_20260614,Yakima (arid),trained,1,1,1440,2940,0,0.05302,1440.0,2964.92,1443.94,2970.07,3.94,5.15,20.29,1441.15,2965.08,1440.49,2965.72,1442.79,2969.9,-6.1692,-0.5305,-6.9932,-4.5643,5.1,15.3,0.92,4.774,0.193,0.829,288.8,697443.45,5147180.77,697441.48,5147178.84,697448.37,5147166.29,776.86,,0,
kprcnn-nojitter-v1,Yakima-Toppenish_03_20260614,Yakima (arid),trained,1,1,3330,2940,1,0.95059,3363.38,2945.01,3378.0,2956.42,14.62,11.41,166.85,3375.17,2953.97,3371.52,2951.36,3365.87,2947.78,1.7496,3.9929,1.8739,2.5388,11.179,33.54,4.491,6.692,0.671,0.145,146.4,703245.52,5147214.09,703234.56,5147221.91,703217.61,5147232.67,2.35,16,1,1.102
kprcnn-nojitter-v1,Yakima-Toppenish_03_20260614,Yakima (arid),trained,1,1,3330,2940,0,0.175,3348.36,2948.25,3365.47,2960.73,17.1,12.48,213.4,3351.82,2951.05,3355.44,2953.67,3362.34,2958.27,1.7595,2.1334,-1.7996,0.6978,12.765,38.3,4.471,8.297,0.539,0.118,325.5,703175.45,5147222.86,703186.31,5147214.98,703207.03,5147201.19,49.78,,0,
kprcnn-nojitter-v1,Yakima-Toppenish_03_20260614,Yakima (arid),trained,1,1,3330,2940,0,0.10045,3369.31,2947.91,3377.55,2955.09,8.24,7.18,59.16,3375.74,2953.62,3371.45,2951.34,3375.08,2954.93,2.1363,1.1314,-9.1301,-1.9541,1.463,4.39,4.855,5.102,0.952,4.854,243.2,703247.21,5147215.13,703234.36,5147221.99,703245.23,5147211.22,2.53,16,1,4.591
kprcnn-nojitter-v1,Yakima-Toppenish_03_20260614,Yakima (arid),trained,1,1,3360,2940,1,0.98231,3363.49,2944.64,3378.25,2956.39,14.76,11.76,173.5,3375.46,2953.94,3371.52,2951.33,3365.95,2948.06,1.5328,3.7759,1.6949,2.3346,11.181,33.54,4.724,6.461,0.731,0.153,148.3,703246.37,5147214.17,703234.57,5147222.01,703217.84,5147231.81,2.43,16,1,0.984
kprcnn-nojitter-v1,Yakima-Toppenish_03_20260614,Yakima (arid),trained,1,1,3360,2940,0,0.05185,3373.73,2951.75,3381.97,2961.98,8.24,10.23,84.31,3376.2,2954.55,3378.51,2956.86,3381.8,2959.17,2.6358,-0.4317,-8.7809,-2.1922,7.263,21.79,3.265,4.025,0.811,0.315,320.5,703248.6,5147212.35,703255.52,5147205.42,703265.41,5147198.48,24.46,,0,
kprcnn-nojitter-v1,Yakima-Toppenish_03_20260614,Yakima (arid),trained,1,1,3420,2940,1,0.06685,3420.26,2983.72,3427.65,2988.0,7.39,4.28,31.62,3424.27,2986.19,3425.88,2986.52,3421.38,2985.86,-3.7144,-4.8706,-0.8945,-3.1598,2.909,8.73,1.639,4.544,0.361,0.145,173.5,703392.82,5147117.43,703397.64,5147116.45,703384.15,5147118.42,192.07,,0,
kprcnn-nojitter-v1,Yakima-Toppenish_03_20260614,Yakima (arid),trained,1,1,1350,2970,1,0.1519,1372.36,2994.71,1383.98,3014.74,11.62,20.03,232.83,1376.51,2998.82,1377.17,3004.4,1383.81,3006.7,-0.605,1.2975,-7.5278,-2.2784,10.747,32.24,5.622,7.028,0.8,3.308,312.8,697249.52,5147079.55,697251.51,5147062.8,697271.43,5147055.91,886.6,,0,
kprcnn-nojitter-v1,Yakima-Toppenish_03_20260614,Yakima (arid),trained,1,1,1380,2970,1,0.05628,1380.04,2978.46,1383.57,2981.83,3.53,3.37,11.89,1380.84,2979.53,1381.8,2980.45,1380.84,2981.07,-2.5206,-6.0156,-7.967,-5.5011,1.533,4.6,1.331,1.141,1.167,0.962,270.0,697262.53,5147137.4,697265.41,5147134.64,697262.53,5147132.8,813.92,,0,
kprcnn-nojitter-v1,Yakima-Toppenish_03_20260614,Yakima (arid),trained,1,1,3390,2970,1,0.06219,3419.53,2982.93,3435.49,2995.45,15.97,12.52,199.89,3431.67,2992.32,3426.34,2989.02,3422.69,2986.39,-1.2629,1.5836,-3.7475,-1.1422,10.762,32.29,6.259,4.509,1.388,0.183,146.6,703415.0,5147099.04,703399.03,5147108.93,703388.06,5147116.83,197.37,,0,
kprcnn-nojitter-v1,Yakima-Toppenish_03_20260614,Yakima (arid),trained,1,1,3420,2970,1,0.21261,3420.03,2982.29,3434.03,2993.99,14.0,11.7,163.74,3431.19,2991.88,3426.53,2988.96,3421.2,2985.38,-1.1083,0.0786,-1.5611,-0.8636,11.924,35.77,5.506,6.419,0.858,0.091,147.0,703413.58,5147100.36,703399.59,5147109.13,703383.59,5147119.85,197.72,,0,
kprcnn-nojitter-v1,Yakima-Toppenish_03_20260614,Yakima (arid),trained,1,1,3450,2970,1,0.4535,3465.51,3012.49,3483.87,3018.0,18.37,5.51,101.21,3468.62,3015.89,3475.18,3015.89,3468.29,3016.87,-0.3753,-1.4543,-5.3164,-2.382,1.026,3.08,6.56,6.956,0.943,6.216,251.4,703525.86,5147028.32,703545.54,5147028.32,703524.88,5147025.4,364.19,,0,
kprcnn-nojitter-v1,Yakima-Toppenish_03_20260614,Yakima (arid),trained,1,1,1440,3000,1,0.05827,1458.97,3018.12,1471.66,3030.82,12.7,12.7,161.22,1461.41,3027.4,1465.32,3024.15,1469.22,3022.52,0.7858,1.5619,-6.409,-1.3537,9.214,27.64,5.085,4.232,1.202,0.69,32.0,697504.23,5146993.79,697515.95,5147003.56,697527.67,5147008.44,962.62,,0,
kprcnn-nojitter-v1,Yakima-Toppenish_03_20260614,Yakima (arid),trained,1,1,1380,3030,1,0.30041,1409.53,3044.6,1419.81,3056.91,10.27,12.3,126.37,1415.0,3047.1,1415.0,3051.09,1415.33,3055.08,-0.9708,2.1583,-6.4434,-1.752,7.986,23.96,3.99,4.003,0.997,0.166,272.4,697365.0,5146934.71,697365.0,5146922.74,697366.0,5146910.77,1024.69,,0,
kprcnn-nojitter-v1,Yakima-Toppenish_03_20260614,Yakima (arid),trained,1,1,1410,3030,1,0.41946,1410.0,3044.25,1420.59,3058.01,10.59,13.75,145.64,1415.13,3047.04,1415.13,3050.97,1415.46,3055.55,-1.043,1.9399,-4.7052,-1.2694,8.521,25.56,3.93,4.597,0.855,0.153,272.2,697365.39,5146934.89,697365.39,5146923.1,697366.38,5146909.35,1024.34,,0,
kprcnn-nojitter-v1,Yakima-Toppenish_03_20260614,Yakima (arid),trained,1,1,3450,3030,1,0.91283,3486.2,3042.5,3498.0,3055.85,11.8,13.35,157.54,3488.99,3046.24,3491.94,3048.85,3496.2,3052.75,1.4614,3.1333,-0.7294,1.2884,9.717,29.15,3.936,5.782,0.681,0.044,317.9,703586.96,5146937.28,703595.81,5146929.46,703608.59,5146917.74,462.55,,0,
kprcnn-nojitter-v1,Yakima-Toppenish_03_20260614,Yakima (arid),trained,1,1,3480,3030,1,0.13818,3485.53,3043.29,3500.51,3056.48,14.98,13.19,197.54,3489.02,3046.1,3492.35,3049.06,3497.35,3053.68,1.0935,2.7851,0.277,1.3852,11.258,33.77,4.459,6.8,0.656,0.049,317.6,703587.07,5146937.71,703597.06,5146928.81,703612.04,5146914.96,463.94,,0,
kprcnn-nojitter-v1,Yakima-Toppenish_03_20260614,Yakima (arid),trained,1,1,3510,3030,1,0.07312,3531.3,3072.6,3548.35,3078.0,17.05,5.4,92.06,3531.46,3073.39,3540.64,3075.94,3534.09,3076.25,-4.1911,-0.7144,-1.5408,-2.1488,3.88,11.64,9.525,6.565,1.451,5.046,312.5,703714.39,5146855.82,703741.93,5146848.19,703722.26,5146847.24,627.95,,0,
kprcnn-nojitter-v1,Yakima-Toppenish_03_20260614,Yakima (arid),trained,1,1,1380,3060,1,0.41029,1411.39,3070.22,1420.92,3086.35,9.52,16.13,153.64,1415.83,3074.66,1415.83,3078.28,1416.81,3083.55,-1.0646,1.6103,-5.9513,-1.8019,8.943,26.83,3.621,5.359,0.676,0.399,276.3,697367.48,5146852.02,697367.48,5146841.15,697370.44,5146825.35,1106.31,,0,
kprcnn-nojitter-v1,Yakima-Toppenish_03_20260614,Yakima (arid),trained,1,1,1380,3060,0,0.05801,1415.19,3087.15,1420.35,3107.65,5.16,20.5,105.86,1416.64,3104.18,1417.93,3096.91,1418.25,3103.52,0.4871,0.6737,-5.7114,-1.5169,1.744,5.23,7.389,6.622,1.116,6.242,22.3,697369.91,5146763.45,697373.79,5146785.28,697374.75,5146765.44,1162.4,,0,
kprcnn-nojitter-v1,Yakima-Toppenish_03_20260614,Yakima (arid),trained,1,1,1410,3060,1,0.11994,1412.48,3072.87,1421.64,3083.01,9.16,10.14,92.92,1415.91,3074.67,1416.24,3078.59,1415.26,3074.67,-1.1983,0.6875,-7.6136,-2.7081,0.655,1.96,3.939,4.046,0.973,3.925,180.0,697367.74,5146852.0,697368.72,5146840.22,697365.77,5146852.0,1107.29,,0,
kprcnn-nojitter-v1,Yakima-Toppenish_03_20260614,Yakima (arid),trained,1,1,1410,3060,0,0.06025,1424.77,3060.1,1434.94,3064.44,10.18,4.34,44.15,1433.8,3062.73,1429.86,3062.12,1432.81,3061.19,-8.3628,-7.3374,0.9625,-4.9126,1.836,5.51,3.988,3.097,1.288,2.992,122.4,697421.39,5146887.8,697409.57,5146889.65,697418.43,5146892.44,1060.47,,0,
kprcnn-nojitter-v1,Yakima-Toppenish_03_20260614,Yakima (arid),trained,1,1,1410,3060,0,0.05517,1432.99,3060.13,1451.14,3069.5,18.15,9.37,170.08,1433.15,3060.29,1444.05,3063.84,1433.81,3061.91,-6.9682,0.4758,-0.6877,-2.3933,1.745,5.24,11.457,10.414,1.1,8.738,292.2,697419.46,5146895.13,697452.14,5146884.47,697421.44,5146890.28,1069.96,,0,
kprcnn-nojitter-v1,Yakima-Toppenish_03_20260614,Yakima (arid),trained,1,1,1380,3090,1,0.09141,1413.27,3090.0,1422.96,3104.11,9.69,14.11,136.75,1418.27,3092.79,1417.95,3096.73,1418.27,3101.98,-0.1636,0.4558,-3.5562,-1.088,9.189,27.57,3.951,5.261,0.751,0.323,270.0,697374.82,5146797.63,697373.85,5146785.82,697374.82,5146770.06,1161.86,,0,
kprcnn-nojitter-v1,Yakima-Toppenish_03_20260614,Yakima (arid),trained,1,1,1410,3090,1,0.12334,1411.23,3090.05,1420.87,3093.0,9.64,2.95,28.45,1417.71,3092.51,1416.05,3092.18,1413.06,3091.2,-1.2184,-6.8752,-5.0515,-4.3817,4.835,14.5,1.694,3.149,0.538,0.135,164.3,697373.13,5146798.48,697368.15,5146799.46,697359.17,5146802.41,1147.99,,0,
kprcnn-nojitter-v1,Yakima-Toppenish_03_20260614,Yakima (arid),trained,1,1,1410,3090,0,0.10961,1414.31,3090.09,1422.39,3094.15,8.08,4.07,32.86,1418.03,3092.75,1418.35,3092.12,1421.26,3090.87,-0.4196,-7.1746,-5.7794,-4.4579,3.738,11.21,0.704,3.167,0.222,0.379,30.1,697374.09,5146797.76,697375.06,5146799.63,697383.79,5146803.39,1148.11,,0,
kprcnn-nojitter-v1,Yakima-Toppenish_03_20260614,Yakima (arid),trained,1,1,1410,3090,0,0.10531,1410.61,3090.0,1417.32,3092.52,6.71,2.52,16.92,1417.16,3092.05,1417.16,3092.36,1413.01,3091.42,-3.4061,-8.2451,-6.4089,-6.02,4.203,12.61,0.315,4.261,0.074,0.312,171.4,697371.49,5146799.85,697371.49,5146798.91,697359.02,5146801.74,1148.68,,0,
kprcnn-nojitter-v1,Yakima-Toppenish_03_20260614,Yakima (arid),trained,1,1,1410,3090,0,0.07027,1419.05,3120.93,1433.77,3134.35,14.72,13.42,197.54,1422.16,3125.02,1427.07,3127.31,1421.83,3125.68,-8.9353,1.4675,-9.1244,-5.5307,0.732,2.2,5.416,5.484,0.987,5.414,243.4,697386.48,5146700.93,697401.2,5146694.06,697385.5,5146698.97,1254.95,,0,
kprcnn-nojitter-v1,Yakima-Toppenish_03_20260614,Yakima (arid),trained,1,1,1410,3090,0,0.05643,1411.75,3090.0,1421.42,3103.78,9.68,13.78,133.34,1418.04,3092.79,1418.04,3096.73,1418.04,3102.3,-0.2054,-0.9902,-2.1515,-1.1157,9.514,28.54,3.937,5.577,0.706,0.0,270.0,697374.11,5146797.63,697374.11,5146785.82,697374.11,5146769.09,1161.87,,0,
kprcnn-nojitter-v1,Yakima-Toppenish_03_20260614,Yakima (arid),trained,1,1,3510,3090,1,0.54492,3546.48,3112.95,3557.67,3128.41,11.19,15.46,173.09,3549.6,3116.07,3551.25,3119.03,3555.2,3124.63,0.3654,2.1908,-0.2818,0.7581,10.222,30.67,3.388,6.848,0.495,0.244,303.2,703768.81,5146727.78,703773.75,5146718.9,703785.6,5146702.12,735.11,,0,
kprcnn-nojitter-v1,Yakima-Toppenish_03_20260614,Yakima (arid),trained,1,1,3540,3090,1,0.86212,3546.8,3114.59,3556.87,3126.49,10.07,11.91,119.88,3549.88,3116.74,3551.51,3119.38,3554.76,3124.34,-0.1963,1.912,-0.0118,0.5679,9.033,27.1,3.105,5.93,0.524,0.059,302.6,703769.65,5146725.79,703774.53,5146717.85,703784.27,5146702.97,736.4,,0,
kprcnn-nojitter-v1,Yakima-Toppenish_03_20260614,Yakima (arid),trained,1,1,1410,3120,1,0.06166,1417.54,3120.73,1436.08,3133.81,18.54,13.08,242.48,1421.68,3122.86,1426.98,3127.11,1421.35,3123.19,-4.9874,0.6007,-6.6784,-3.6884,0.465,1.4,6.792,6.861,0.99,6.746,224.6,697385.04,5146707.42,697400.93,5146694.67,697384.05,5146706.44,1254.33,,0,
kprcnn-nojitter-v1,Yakima-Toppenish_03_20260614,Yakima (arid),trained,1,1,1380,3150,1,0.24222,1420.24,3179.84,1428.0,3192.24,7.76,12.4,96.18,1424.93,3182.61,1424.28,3185.55,1425.9,3190.44,-0.6098,0.983,-1.6071,-0.4113,7.892,23.67,3.007,5.155,0.583,1.002,277.1,697394.79,5146528.17,697392.85,5146519.36,697397.7,5146504.68,1428.91,,0,
kprcnn-nojitter-v1,Yakima-Toppenish_03_20260614,Yakima (arid),trained,1,1,1380,3150,0,0.0595,1424.17,3181.2,1427.7,3191.73,3.53,10.53,37.19,1424.97,3183.01,1425.29,3185.32,1425.93,3190.58,-0.8544,0.0036,-1.958,-0.9363,7.63,22.89,2.326,5.304,0.438,0.028,277.3,697394.91,5146526.96,697395.88,5146520.05,697397.8,5146504.25,1428.38,,0,
kprcnn-nojitter-v1,Yakima-Toppenish_03_20260614,Yakima (arid),trained,1,1,1410,3150,1,0.48478,1428.07,3192.22,1445.57,3197.81,17.49,5.59,97.82,1431.21,3195.35,1436.82,3195.02,1445.4,3195.35,0.0711,-0.7305,-5.4701,-2.0432,14.194,42.58,5.621,8.588,0.654,0.329,0.0,697413.62,5146489.96,697430.46,5146490.95,697456.2,5146489.96,1459.59,,0,
kprcnn-nojitter-v1,Yakima-Toppenish_03_20260614,Yakima (arid),trained,1,1,1410,3150,0,0.37514,1419.07,3179.55,1429.19,3191.09,10.12,11.54,116.79,1424.45,3183.01,1424.45,3185.32,1426.41,3190.92,-3.5239,2.0864,-3.6099,-1.6825,8.152,24.46,2.308,5.938,0.389,0.555,283.9,697393.36,5146526.98,697393.36,5146520.05,697399.23,5146503.23,1428.25,,0,
kprcnn-nojitter-v1,Yakima-Toppenish_03_20260614,Yakima (arid),trained,1,1,1410,3150,0,0.29006,1438.13,3183.71,1448.82,3196.16,10.69,12.45,133.02,1447.68,3194.36,1443.47,3189.78,1440.23,3184.53,-3.7343,2.894,-3.231,-1.3571,12.331,36.99,6.225,6.161,1.01,0.585,127.2,697463.05,5146492.91,697450.42,5146506.67,697440.7,5146522.4,1445.54,,0,
kprcnn-nojitter-v1,Yakima-Toppenish_03_20260614,Yakima (arid),trained,1,1,1410,3150,0,0.13286,1435.75,3150.0,1444.46,3154.11,8.71,4.11,35.76,1435.91,3151.74,1438.17,3151.11,1443.01,3151.42,-3.2224,0.1244,0.5263,-0.8572,7.103,21.31,2.345,4.848,0.484,0.531,2.5,697427.73,5146620.79,697434.51,5146622.68,697449.02,5146621.74,1328.59,,0,
kprcnn-nojitter-v1,Yakima-Toppenish_03_20260614,Yakima (arid),trained,1,1,1440,3150,1,0.53066,1440.0,3184.24,1449.05,3195.43,9.05,11.19,101.33,1448.24,3194.28,1443.72,3190.33,1441.13,3184.4,-5.6682,2.5645,-3.1889,-2.0975,12.171,36.51,6.008,6.466,0.929,1.364,125.8,697464.73,5146493.16,697451.15,5146505.01,697443.39,5146522.79,1447.26,,0,
kprcnn-nojitter-v1,Yakima-Toppenish_03_20260614,Yakima (arid),trained,1,1,1440,3150,0,0.08543,1440.27,3189.82,1448.45,3197.13,8.18,7.3,59.75,1447.63,3194.31,1443.7,3190.65,1445.34,3195.63,-4.7822,-0.5045,-5.4347,-3.5738,2.648,7.94,5.363,5.24,1.023,5.128,210.1,697462.89,5146493.08,697451.11,5146504.04,697456.02,5146489.1,1448.23,,0,
kprcnn-nojitter-v1,Yakima-Toppenish_03_20260614,Yakima (arid),trained,1,1,3540,3150,1,0.72849,3570.79,3160.73,3579.59,3174.94,8.8,14.21,125.09,3573.89,3164.2,3575.52,3167.5,3572.91,3160.89,0.007,3.3298,-7.5935,-1.4189,3.447,10.34,3.685,7.107,0.519,0.625,106.5,703841.67,5146583.41,703846.56,5146573.49,703838.73,5146593.33,889.31,,0,
kprcnn-nojitter-v1,Yakima-Toppenish_03_20260614,Yakima (arid),trained,1,1,3540,3150,0,0.09817,3570.33,3158.16,3582.01,3179.76,11.67,21.6,252.12,3573.74,3162.64,3575.68,3167.63,3578.93,3176.27,-0.7109,3.4509,-1.0621,0.5593,14.578,43.73,5.35,9.228,0.58,0.044,290.8,703841.21,5146588.07,703847.05,5146573.11,703856.78,5146547.2,889.92,,0,
kprcnn-nojitter-v1,Yakima-Toppenish_03_20260614,Yakima (arid),trained,1,1,3570,3150,1,0.8547,3571.14,3160.21,3580.45,3177.22,9.31,17.01,158.45,3573.97,3163.64,3575.63,3167.57,3578.62,3177.05,0.3729,3.167,-1.8738,0.5553,14.198,42.59,4.264,9.948,0.429,0.284,289.1,703841.9,5146585.08,703846.89,5146573.3,703855.87,5146544.84,889.68,,0,
kprcnn-nojitter-v1,Yakima-Toppenish_03_20260614,Yakima (arid),trained,1,1,3570,3150,0,0.16139,3570.9,3162.11,3576.75,3173.43,5.85,11.32,66.19,3574.31,3164.27,3575.29,3167.6,3573.01,3162.28,0.7274,0.8678,-7.6021,-2.0023,2.383,7.15,3.469,5.792,0.599,0.998,123.0,703842.94,5146583.18,703845.86,5146573.19,703839.04,5146589.17,889.05,,0,
kprcnn-nojitter-v1,Yakima-Toppenish_03_20260614,Yakima (arid),trained,1,1,3570,3150,0,0.06542,3572.58,3166.11,3579.83,3175.36,7.25,9.24,66.99,3577.36,3172.88,3575.71,3168.26,3578.35,3175.19,-2.6338,1.192,-4.7344,-2.0587,2.513,7.54,4.907,7.417,0.662,0.303,293.2,703852.07,5146557.36,703847.13,5146571.23,703855.04,5146550.43,891.35,,0,
kprcnn-nojitter-v1,Yakima-Toppenish_03_20260614,Yakima (arid),trained,1,1,1380,3180,1,0.81197,1422.89,3180.12,1427.98,3193.57,5.09,13.44,68.45,1424.96,3182.25,1424.96,3185.21,1425.91,3191.11,0.2979,0.123,0.2449,0.2219,8.905,26.72,2.951,5.979,0.494,0.316,276.2,697394.87,5146529.24,697394.87,5146520.38,697397.73,5146502.68,1428.0,,0,
kprcnn-nojitter-v1,Yakima-Toppenish_03_20260614,Yakima (arid),trained,1,1,1380,3180,0,0.1865,1419.14,3180.0,1428.0,3190.04,8.86,10.04,88.95,1424.88,3181.78,1424.23,3185.02,1425.87,3189.88,0.3733,0.0592,-3.9591,-1.1755,8.16,24.48,3.306,5.129,0.644,1.042,276.9,697394.65,5146530.65,697392.68,5146520.93,697397.6,5146506.35,1427.34,,0,
kprcnn-nojitter-v1,Yakima-Toppenish_03_20260614,Yakima (arid),trained,1,1,1380,3180,0,0.05041,1421.8,3180.11,1428.0,3184.76,6.2,4.66,28.87,1424.9,3182.27,1424.57,3184.26,1424.57,3180.94,-0.2753,-3.5204,-8.3336,-4.0431,1.37,4.11,2.022,3.326,0.608,0.792,103.8,697394.7,5146529.19,697393.72,5146523.21,697393.72,5146533.19,1425.12,,0,
kprcnn-nojitter-v1,Yakima-Toppenish_03_20260614,Yakima (arid),trained,1,1,1410,3180,1,0.49818,1437.92,3183.67,1448.56,3195.95,10.64,12.28,130.62,1440.42,3183.84,1443.41,3189.81,1440.08,3184.17,-8.1945,2.8845,-2.1695,-2.4932,0.47,1.41,6.681,6.548,1.02,6.341,225.0,697441.25,5146524.48,697450.22,5146506.56,697440.25,5146523.49,1445.63,,0,
kprcnn-nojitter-v1,Yakima-Toppenish_03_20260614,Yakima (arid),trained,1,1,1410,3180,0,0.17532,1418.89,3180.19,1431.63,3190.47,12.74,10.28,130.98,1427.87,3182.01,1424.28,3185.33,1426.24,3190.3,-1.8269,1.184,-4.3599,-1.6676,8.452,25.36,4.89,5.348,0.914,2.884,258.9,697403.61,5146529.97,697392.83,5146520.02,697398.71,5146505.09,1428.26,,0,
kprcnn-nojitter-v1,Yakima-Toppenish_03_20260614,Yakima (arid),trained,1,1,1410,3180,0,0.12897,1419.68,3180.12,1429.38,3184.73,9.7,4.61,44.72,1424.69,3182.26,1424.37,3183.9,1427.6,3181.6,-2.0356,-1.0244,-5.5473,-2.8691,2.983,8.95,1.678,3.971,0.423,1.535,12.8,697394.08,5146529.23,697393.11,5146524.29,697402.8,5146531.21,1424.0,,0,
kprcnn-nojitter-v1,Yakima-Toppenish_03_20260614,Yakima (arid),trained,1,1,1410,3180,0,0.08645,1432.1,3207.73,1458.0,3221.59,25.9,13.86,358.98,1453.52,3211.2,1446.54,3215.16,1453.85,3211.53,-0.6013,-0.6694,-7.2337,-2.8348,0.468,1.4,8.02,8.158,0.983,7.724,315.2,697480.55,5146442.41,697459.63,5146430.53,697481.55,5146441.42,1522.2,,0,
kprcnn-nojitter-v1,Yakima-Toppenish_03_20260614,Yakima (arid),trained,1,1,1410,3180,0,0.06228,1415.49,3180.0,1428.68,3187.92,13.19,7.92,104.47,1424.56,3181.81,1424.23,3184.78,1419.28,3181.48,-3.2115,0.5789,-5.9567,-2.8631,5.288,15.86,2.988,5.947,0.502,2.984,176.4,697393.67,5146530.56,697392.68,5146521.65,697377.84,5146531.55,1426.62,,0,
kprcnn-nojitter-v1,Yakima-Toppenish_03_20260614,Yakima (arid),trained,1,1,1410,3180,0,0.06048,1426.69,3180.08,1440.5,3184.9,13.81,4.83,66.66,1428.83,3182.17,1432.12,3181.2,1440.34,3183.78,-1.6107,-1.7186,-2.6462,-1.9918,11.62,34.86,3.427,8.614,0.398,1.411,352.0,697406.49,5146529.5,697416.35,5146532.4,697441.01,5146524.67,1417.26,,0,
kprcnn-nojitter-v1,Yakima-Toppenish_03_20260614,Yakima (arid),trained,1,1,1440,3180,1,0.5239,1440.0,3184.25,1448.99,3195.66,8.99,11.41,102.55,1440.17,3184.41,1443.83,3189.63,1441.16,3184.41,-6.7818,2.0019,-2.4341,-2.4047,0.998,3.0,6.373,5.857,1.088,5.217,0.0,697440.5,5146522.76,697451.48,5146507.1,697443.49,5146522.76,1445.2,,0,
kprcnn-nojitter-v1,Yakima-Toppenish_03_20260614,Yakima (arid),trained,1,1,1440,3180,0,0.18968,1440.11,3206.66,1454.64,3224.63,14.53,17.98,261.26,1453.15,3211.48,1445.22,3215.48,1452.82,3211.48,-2.8145,-2.8793,-4.6599,-3.4512,0.33,0.99,8.876,8.582,1.034,3.995,180.0,697479.45,5146441.55,697455.67,5146429.56,697478.46,5146441.55,1522.81,,0,
kprcnn-nojitter-v1,Yakima-Toppenish_03_20260614,Yakima (arid),trained,1,1,1440,3180,0,0.10874,1440.15,3181.37,1443.66,3195.66,3.51,14.29,50.13,1443.5,3189.18,1442.86,3189.51,1441.26,3183.87,-7.1338,0.4012,-0.07,-2.2675,5.766,17.3,0.719,5.869,0.123,0.717,112.8,697450.49,5146508.45,697448.57,5146507.46,697443.79,5146524.4,1444.6,,0,
kprcnn-nojitter-v1,Yakima-Toppenish_03_20260614,Yakima (arid),trained,1,1,3540,3180,1,0.05383,3564.38,3180.0,3581.51,3185.36,17.13,5.36,91.77,3580.36,3180.79,3573.77,3181.42,3581.34,3181.73,-2.7718,-1.5829,-4.8725,-3.0757,1.368,4.1,6.619,7.583,0.873,5.01,316.3,703861.07,5146533.64,703841.3,5146531.75,703864.03,5146530.8,916.62,,0,
kprcnn-nojitter-v1,Yakima-Toppenish_03_20260614,Yakima (arid),trained,1,1,3570,3180,1,0.12175,3587.32,3215.9,3595.41,3228.0,8.1,12.1,97.98,3590.39,3219.99,3591.69,3224.24,3590.07,3216.07,-0.1926,0.3282,-4.0135,-1.2926,3.937,11.81,4.444,8.333,0.533,0.942,94.7,703891.18,5146416.03,703895.07,5146403.28,703890.21,5146427.8,1049.53,,0,
kprcnn-nojitter-v1,Yakima-Toppenish_03_20260614,Yakima (arid),trained,1,1,1410,3210,1,0.43096,1433.31,3210.0,1457.18,3220.33,23.86,10.33,246.63,1453.36,3211.45,1446.07,3214.68,1453.36,3211.13,-2.9268,-1.6122,-4.5898,-3.0429,0.323,0.97,7.975,8.111,0.983,7.292,90.0,697480.09,5146441.64,697458.21,5146431.95,697480.09,5146442.61,1520.66,,0,
kprcnn-nojitter-v1,Yakima-Toppenish_03_20260614,Yakima (arid),trained,1,1,1410,3210,0,0.0899,1430.14,3210.09,1458.0,3215.41,27.86,5.32,148.32,1453.19,3211.25,1446.23,3213.91,1453.52,3211.58,-0.3148,-4.9775,-4.5991,-3.2971,0.47,1.41,7.456,7.659,0.973,6.812,314.9,697479.57,5146442.25,697458.68,5146434.26,697480.57,5146441.25,1518.4,,0,
kprcnn-nojitter-v1,Yakima-Toppenish_03_20260614,Yakima (arid),trained,1,1,1440,3210,1,0.16374,1460.08,3235.05,1473.46,3245.92,13.39,10.87,145.45,1469.05,3241.48,1466.44,3240.16,1470.03,3243.78,-8.3304,1.4521,-0.1493,-2.3425,2.504,7.51,2.925,5.101,0.573,1.889,293.0,697527.16,5146351.57,697519.33,5146355.53,697530.1,5146344.66,1603.14,,0,
kprcnn-nojitter-v1,Yakima-Toppenish_03_20260614,Yakima (arid),trained,1,1,1440,3210,0,0.14532,1440.32,3210.0,1456.57,3221.22,16.25,11.22,182.41,1453.42,3211.82,1445.12,3214.79,1452.75,3211.16,-4.2747,-3.0736,-3.1588,-3.5024,0.936,2.81,8.808,8.448,1.043,7.955,135.1,697480.25,5146440.55,697455.37,5146431.64,697478.26,5146442.53,1520.72,,0,
kprcnn-nojitter-v1,Yakima-Toppenish_03_20260614,Yakima (arid),trained,1,1,3570,3210,1,0.10735,3588.52,3218.78,3594.96,3234.45,6.44,15.67,100.92,3590.61,3220.25,3591.58,3225.15,3593.19,3231.68,-0.8365,0.8675,-5.1543,-1.7078,11.711,35.13,4.99,6.724,0.742,0.135,282.7,703891.83,5146415.24,703894.73,5146400.55,703899.56,5146380.97,1051.45,,0,
kprcnn-nojitter-v1,Yakima-Toppenish_03_20260614,Yakima (arid),trained,1,1,3570,3210,0,0.10469,3587.72,3210.05,3596.37,3246.59,8.65,36.54,316.12,3592.88,3231.81,3591.88,3225.17,3589.55,3214.53,-1.7948,0.8057,-2.5307,-1.1733,17.593,52.78,6.719,10.883,0.617,0.276,100.9,703898.63,5146380.57,703895.63,5146400.5,703888.65,5146432.4,1052.05,,0,
kprcnn-nojitter-v1,Yakima-Toppenish_03_20260614,Yakima (arid),trained,1,1,3570,3210,0,0.05966,3570.0,3210.75,3572.63,3235.1,2.63,24.35,64.08,3570.82,3223.75,3571.15,3227.37,3572.47,3234.94,-0.3117,-7.554,-7.1651,-5.0103,11.307,33.92,3.634,7.681,0.473,0.201,278.4,703832.47,5146404.75,703833.45,5146393.9,703837.4,5146371.19,1019.56,,0,
kprcnn-nojitter-v1,Yakima-Toppenish_03_20260614,Yakima (arid),trained,1,1,3570,3210,0,0.05929,3570.0,3249.39,3573.03,3255.99,3.03,6.6,19.99,3570.76,3254.84,3571.36,3253.19,3572.88,3253.52,-2.6247,-6.7979,-6.3355,-5.2527,2.499,7.5,1.757,1.551,1.133,1.08,31.9,703832.27,5146311.49,703834.09,5146316.44,703838.64,5146315.45,1083.62,,0,
kprcnn-nojitter-v1,Yakima-Toppenish_03_20260614,Yakima (arid),trained,1,1,3570,3210,0,0.05903,3590.55,3233.71,3597.85,3245.95,7.31,12.24,89.45,3594.36,3243.8,3594.36,3239.5,3593.04,3233.88,-1.3527,0.4534,-7.3272,-2.7422,10.015,30.05,4.302,5.78,0.744,0.571,97.6,703903.09,5146344.59,703903.09,5146357.49,703899.11,5146374.37,1090.43,,0,
kprcnn-nojitter-v1,Yakima-Toppenish_03_20260614,Yakima (arid),trained,1,1,1440,3240,1,0.08369,1456.76,3249.47,1479.24,3270.65,22.49,21.18,476.34,1477.43,3255.26,1469.16,3259.89,1476.1,3255.26,-4.3298,-0.437,-6.9548,-3.9072,1.323,3.97,9.477,8.349,1.135,4.634,180.0,697552.28,5146310.22,697527.47,5146296.32,697548.31,5146310.22,1662.9,,0,
kprcnn-nojitter-v1,Yakima-Toppenish_03_20260614,Yakima (arid),trained,1,1,3540,3240,1,0.07254,3554.45,3240.0,3570.23,3241.35,15.78,1.35,21.3,3561.51,3240.94,3565.79,3240.67,3561.84,3241.21,-4.7381,-7.9828,-7.0257,-6.5822,0.425,1.28,4.282,3.982,1.075,2.921,320.6,703804.54,5146353.17,703817.36,5146353.98,703805.53,5146352.36,1043.1,,0,
kprcnn-nojitter-v1,Yakima-Toppenish_03_20260614,Yakima (arid),trained,1,1,3570,3240,1,0.13439,3570.0,3240.12,3573.15,3243.24,3.15,3.12,9.83,3571.1,3241.21,3572.05,3242.15,3572.99,3243.09,-2.1545,-6.3408,-5.5332,-4.6762,2.661,7.98,1.331,1.331,1.0,0.0,315.2,703833.31,5146352.37,703836.14,5146349.55,703838.97,5146346.74,1057.33,,0,
kprcnn-nojitter-v1,Yakima-Toppenish_03_20260614,Yakima (arid),trained,1,1,3570,3240,0,0.11123,3570.01,3248.05,3572.3,3253.9,2.29,5.85,13.37,3570.83,3252.76,3571.16,3251.46,3572.14,3253.73,-4.3564,-7.0892,-7.6917,-6.3791,1.63,4.89,1.339,2.476,0.541,1.237,323.3,703832.49,5146317.72,703833.47,5146321.62,703836.41,5146314.8,1078.96,,0,
kprcnn-nojitter-v1,Yakima-Toppenish_03_20260614,Yakima (arid),trained,1,1,3570,3240,0,0.11101,3570.0,3252.63,3572.92,3258.98,2.92,6.34,18.53,3570.81,3256.91,3571.79,3256.28,3572.76,3258.82,-3.4609,-6.6668,-6.8704,-5.666,2.723,8.17,1.162,2.717,0.428,1.134,315.7,703832.44,5146305.26,703835.36,5146307.16,703838.28,5146299.55,1092.06,,0,
kprcnn-nojitter-v1,Yakima-Toppenish_03_20260614,Yakima (arid),trained,1,1,3570,3240,0,0.07433,3570.06,3240.0,3573.67,3262.32,3.6,22.32,80.4,3571.21,3243.5,3571.21,3256.16,3570.88,3242.83,-3.0658,-7.3918,-7.3789,-5.9455,0.742,2.23,12.66,13.33,0.95,5.584,116.2,703833.63,5146345.51,703833.63,5146307.53,703832.65,5146347.5,1090.81,,0,
kprcnn-nojitter-v1,Yakima-Toppenish_03_20260614,Yakima (arid),trained,1,1,3570,3240,0,0.06367,3570.04,3262.85,3573.35,3269.37,3.32,6.52,21.63,3570.87,3264.96,3571.2,3265.62,3570.87,3264.64,-4.4611,-7.8798,-8.3489,-6.8966,0.326,0.98,0.732,1.033,0.708,0.332,90.0,703832.6,5146281.11,703833.59,5146279.15,703832.6,5146282.08,1114.63,,0,
kprcnn-nojitter-v1,Yakima-Toppenish_03_20260614,Yakima (arid),trained,1,1,3570,3240,0,0.05933,3570.18,3240.0,3575.0,3244.8,4.82,4.8,23.14,3570.99,3241.76,3571.95,3242.4,3574.84,3242.72,-3.1019,-7.0478,-7.1446,-5.7648,3.971,11.91,1.157,2.908,0.398,0.388,346.0,703832.96,5146350.72,703835.85,5146348.8,703844.52,5146347.83,1057.78,,0,
kprcnn-nojitter-v1,Yakima-Toppenish_03_20260614,Yakima (arid),trained,1,1,3570,3240,0,0.05168,3570.06,3257.51,3573.25,3264.11,3.2,6.59,21.09,3570.86,3258.67,3571.17,3259.66,3573.09,3263.94,-4.2985,-8.0549,-7.8561,-6.7365,5.731,17.19,1.04,4.696,0.221,0.092,293.0,703832.57,5146300.0,703833.52,5146297.03,703839.28,5146284.17,1099.55,,0,
kprcnn-nojitter-v1,Yakima-Toppenish_03_20260614,Yakima (arid),trained,1,1,3630,3240,1,0.05504,3630.23,3282.89,3636.26,3287.94,6.03,5.06,30.47,3632.61,3285.89,3632.93,3285.26,3631.34,3284.94,-8.7474,-10.3679,-3.1594,-7.4249,1.584,4.75,0.707,1.617,0.437,0.696,143.2,704017.84,5146218.34,704018.79,5146220.23,704014.03,5146221.18,1269.82,,0,
kprcnn-nojitter-v1,Yakima-Toppenish_03_20260614,Yakima (arid),trained,1,1,1440,3270,1,0.08581,1443.01,3270.0,1459.34,3274.78,16.33,4.78,78.0,1458.18,3271.43,1453.18,3272.07,1447.84,3271.43,-4.5211,-6.6302,-0.0395,-3.7303,10.332,31.0,5.04,5.37,0.938,0.637,180.0,697494.53,5146261.7,697479.53,5146259.79,697463.53,5146261.7,1694.04,,0,
kprcnn-nojitter-v1,Yakima-Toppenish_03_20260614,Yakima (arid),trained,1,1,1470,3270,1,0.08446,1501.76,3311.03,1517.79,3318.0,16.03,6.97,111.73,1504.54,3315.51,1510.43,3314.51,1504.21,3315.84,0.1176,-3.2383,-8.001,-3.7072,0.466,1.4,5.971,6.355,0.94,3.495,225.4,697633.62,5146129.47,697651.28,5146132.46,697632.64,5146128.47,1843.63,,0,
kprcnn-nojitter-v1,Yakima-Toppenish_03_20260614,Yakima (arid),trained,1,1,3540,3270,1,0.12584,3560.18,3270.0,3571.48,3271.07,11.29,1.07,12.04,3564.67,3270.93,3567.66,3270.67,3564.34,3270.67,-2.9657,-7.5283,-7.7779,-6.0906,0.426,1.28,3.001,3.321,0.904,2.079,141.2,703814.0,5146263.2,703822.97,5146264.0,703813.01,5146264.0,1121.85,,0,
kprcnn-nojitter-v1,Yakima-Toppenish_03_20260614,Yakima (arid),trained,1,1,3540,3270,0,0.05349,3560.71,3270.0,3571.75,3273.98,11.04,3.98,44.0,3564.44,3271.49,3565.42,3271.49,3564.12,3272.49,-2.3291,-8.0119,-7.7657,-6.0356,1.048,3.14,0.974,1.637,0.595,0.926,251.9,703813.33,5146261.52,703816.25,5146261.52,703812.36,5146258.53,1120.47,,0,
kprcnn-nojitter-v1,Yakima-Toppenish_03_20260614,Yakima (arid),trained,1,1,3570,3270,1,0.10675,3604.62,3274.96,3610.05,3289.96,5.43,15.0,81.54,3607.02,3286.86,3607.34,3280.66,3607.02,3276.75,1.493,-0.2107,-5.0224,-1.2467,10.111,30.33,6.205,3.927,1.58,0.32,90.0,703941.05,5146215.41,703942.01,5146234.01,703941.05,5146245.75,1212.75,,0,
kprcnn-nojitter-v1,Yakima-Toppenish_03_20260614,Yakima (arid),trained,1,1,3570,3270,0,0.10382,3570.0,3270.0,3574.54,3272.97,4.54,2.97,13.46,3570.81,3271.15,3572.43,3271.81,3572.75,3272.8,-1.8001,-7.4728,-6.45,-5.2409,2.549,7.65,1.749,1.041,1.68,0.545,319.7,703832.43,5146262.54,703837.29,5146260.56,703838.26,5146257.59,1132.32,,0,
kprcnn-nojitter-v1,Yakima-Toppenish_03_20260614,Yakima (arid),trained,1,1,3570,3270,0,0.06169,3570.0,3270.0,3572.76,3271.45,2.76,1.45,4.0,3570.77,3271.02,3571.68,3271.02,3572.6,3271.31,-2.6235,-6.8412,-6.6875,-5.3841,1.86,5.58,0.919,0.963,0.954,0.143,351.0,703832.3,5146262.95,703835.05,5146262.95,703837.81,5146262.08,1129.11,,0,
kprcnn-nojitter-v1,Yakima-Toppenish_03_20260614,Yakima (arid),trained,1,1,3570,3270,0,0.06013,3570.0,3270.01,3576.41,3271.37,6.41,1.36,8.75,3571.12,3270.69,3573.05,3270.69,3571.12,3270.69,-2.7594,-7.258,-7.5185,-5.8453,0.0,0.0,1.924,1.924,1.0,0.0,0.0,703833.37,5146263.92,703839.14,5146263.92,703833.37,5146263.92,1130.46,,0,
kprcnn-nojitter-v1,Yakima-Toppenish_03_20260614,Yakima (arid),trained,1,1,3570,3270,0,0.05997,3570.26,3270.0,3573.46,3282.63,3.21,12.63,40.53,3571.06,3271.83,3571.7,3274.49,3572.98,3282.47,-4.2753,-8.8643,-7.0568,-6.7322,10.812,32.44,2.736,8.082,0.339,0.158,280.3,703833.17,5146260.51,703835.1,5146252.54,703838.95,5146228.6,1137.97,,0,
kprcnn-nojitter-v1,Yakima-Toppenish_03_20260614,Yakima (arid),trained,1,1,1500,3300,1,0.1936,1522.52,3326.14,1537.74,3340.48,15.22,14.34,218.27,1525.0,3335.43,1529.96,3334.12,1534.92,3336.08,-4.8631,1.3681,-3.2657,-2.2536,9.947,29.84,5.131,5.334,0.962,1.626,356.2,697695.0,5146069.72,697709.89,5146073.63,697724.77,5146067.76,1912.55,,0,
kprcnn-nojitter-v1,Yakima-Toppenish_03_20260614,Yakima (arid),trained,1,1,1500,3300,0,0.05189,1530.08,3337.37,1546.84,3348.0,16.76,10.63,178.21,1533.53,3345.84,1536.15,3341.85,1540.76,3339.53,-0.338,-3.758,-1.9347,-2.0102,9.598,28.8,4.776,5.155,0.926,1.274,41.1,697720.58,5146038.48,697728.46,5146050.44,697742.27,5146057.42,1939.07,,0,
kprcnn-nojitter-v1,Yakima-Toppenish_03_20260614,Yakima (arid),trained,1,1,1530,3300,1,0.2138,1530.64,3336.52,1542.1,3346.91,11.47,10.39,119.11,1532.77,3344.8,1535.39,3340.9,1539.97,3339.28,-0.0187,-3.9728,-1.6868,-1.8928,9.078,27.23,4.695,4.865,0.965,1.5,37.4,697718.3,5146041.6,697726.16,5146053.29,697739.92,5146058.16,1935.8,,0,
kprcnn-nojitter-v1,Yakima-Toppenish_03_20260614,Yakima (arid),trained,1,1,1530,3300,0,0.0819,1533.65,3338.17,1544.73,3348.0,11.08,9.83,108.93,1534.47,3345.54,1536.42,3341.61,1540.66,3339.97,-1.4924,-6.5446,-1.3673,-3.1348,8.329,24.99,4.391,4.543,0.967,1.616,42.0,697723.4,5146039.37,697729.26,5146051.17,697741.97,5146056.08,1938.52,,0,
kprcnn-nojitter-v1,Yakima-Toppenish_03_20260614,Yakima (arid),trained,1,1,3540,3300,1,0.12516,3559.02,3300.0,3570.77,3301.65,11.76,1.65,19.4,3565.71,3301.16,3565.06,3301.16,3565.71,3301.49,-2.4941,-7.3444,-7.304,-5.7142,0.33,0.99,0.653,0.732,0.893,0.653,270.0,703817.14,5146172.53,703815.18,5146172.53,703817.14,5146171.54,1196.95,,0,
kprcnn-nojitter-v1,Yakima-Toppenish_03_20260614,Yakima (arid),trained,1,1,3540,3300,0,0.09575,3562.36,3302.45,3569.31,3310.04,6.94,7.58,52.65,3566.16,3302.62,3565.83,3302.62,3565.83,3302.62,-6.1537,-9.0995,-7.5316,-7.5949,0.331,0.99,0.331,0.0,,0.0,180.0,703818.49,5146168.15,703817.5,5146168.15,703817.5,5146168.15,1201.92,,0,
kprcnn-nojitter-v1,Yakima-Toppenish_03_20260614,Yakima (arid),trained,1,1,3540,3300,0,0.06884,3560.99,3300.0,3570.9,3304.32,9.92,4.32,42.88,3565.45,3301.5,3566.11,3301.83,3565.45,3301.16,-2.2385,-7.5983,-8.1443,-5.9937,0.333,1.0,0.74,0.938,0.789,0.661,90.0,703816.35,5146171.51,703818.33,5146170.51,703816.35,5146172.51,1200.25,,0,
kprcnn-nojitter-v1,Yakima-Toppenish_03_20260614,Yakima (arid),trained,1,1,3540,3300,0,0.05718,3566.69,3300.0,3567.8,3305.47,1.11,5.47,6.07,3567.1,3302.41,3567.1,3302.09,3566.83,3302.41,-4.9885,-7.9536,-9.0804,-7.3408,0.278,0.83,0.322,0.425,0.757,0.322,180.0,703821.31,5146168.76,703821.31,5146169.73,703820.48,5146168.76,1202.39,,0,
kprcnn-nojitter-v1,Yakima-Toppenish_03_20260614,Yakima (arid),trained,1,1,3540,3300,0,0.05643,3561.91,3300.0,3570.22,3314.14,8.31,14.14,117.56,3565.73,3302.14,3565.73,3301.81,3565.4,3301.81,-3.5114,-8.6405,-7.4354,-6.5291,0.468,1.4,0.329,0.332,0.989,0.234,135.3,703817.19,5146169.59,703817.19,5146170.57,703816.19,5146170.57,1199.64,,0,
kprcnn-nojitter-v1,Yakima-Toppenish_03_20260614,Yakima (arid),trained,1,1,3570,3300,1,0.15548,3570.0,3300.05,3572.39,3301.25,2.39,1.2,2.85,3571.04,3301.1,3571.04,3301.1,3572.24,3301.1,-3.2586,-7.4505,-8.1931,-6.3007,1.193,3.58,0.0,1.193,0.0,0.0,0.0,703833.13,5146172.71,703833.13,5146172.71,703836.71,5146172.71,1205.59,,0,
kprcnn-nojitter-v1,Yakima-Toppenish_03_20260614,Yakima (arid),trained,1,1,3570,3300,0,0.12232,3570.0,3300.04,3573.07,3302.98,3.07,2.95,9.04,3570.77,3301.18,3572.0,3301.84,3572.92,3302.82,-2.5089,-6.5894,-6.1327,-5.077,2.701,8.1,1.392,1.346,1.034,0.223,322.7,703832.3,5146172.46,703835.99,5146170.49,703838.75,5146167.55,1208.93,,0,
kprcnn-nojitter-v1,Yakima-Toppenish_03_20260614,Yakima (arid),trained,1,1,3570,3300,0,0.08697,3570.0,3317.76,3573.17,3324.21,3.17,6.46,20.48,3570.79,3323.08,3571.11,3322.44,3573.01,3324.05,-3.8656,-6.5783,-8.382,-6.2753,2.423,7.27,0.719,2.496,0.288,0.719,336.4,703832.38,5146106.75,703833.33,5146108.68,703839.04,5146103.84,1261.7,,0,
kprcnn-nojitter-v1,Yakima-Toppenish_03_20260614,Yakima (arid),trained,1,1,3570,3300,0,0.07953,3570.07,3322.77,3573.45,3329.35,3.38,6.58,22.25,3570.84,3327.21,3571.14,3326.55,3570.84,3324.58,-3.2147,-7.1959,-8.1012,-6.1706,2.632,7.9,0.726,1.998,0.364,0.307,90.0,703832.51,5146094.37,703833.43,5146096.35,703832.51,5146102.27,1272.63,,0,
kprcnn-nojitter-v1,Yakima-Toppenish_03_20260614,Yakima (arid),trained,1,1,3570,3300,0,0.07184,3570.08,3300.0,3574.77,3304.78,4.69,4.78,22.44,3570.86,3301.75,3572.11,3302.07,3570.86,3301.75,-3.2372,-6.9673,-7.7908,-5.9984,0.0,0.0,1.291,1.291,1.0,0.0,0.0,703832.58,5146170.74,703836.33,5146169.78,703832.58,5146170.74,1209.72,,0,
kprcnn-nojitter-v1,Yakima-Toppenish_03_20260614,Yakima (arid),trained,1,1,3570,3300,0,0.05207,3570.0,3300.02,3576.43,3301.27,6.43,1.25,8.04,3571.12,3301.12,3572.41,3300.8,3571.12,3300.8,-3.4214,-7.8333,-7.8191,-6.3579,0.313,0.94,1.323,1.286,1.029,1.286,90.0,703833.37,5146172.65,703837.23,5146173.59,703833.37,5146173.59,1206.87,,0,
kprcnn-nojitter-v1,Yakima-Toppenish_03_20260614,Yakima (arid),trained,1,1,3570,3300,0,0.05045,3570.14,3300.0,3573.88,3313.04,3.74,13.04,48.78,3570.92,3302.45,3571.23,3304.4,3570.92,3302.45,-4.2446,-8.2896,-7.9038,-6.8127,0.0,0.0,1.981,1.981,1.0,0.0,0.0,703832.76,5146168.66,703833.7,5146162.8,703832.76,5146168.66,1214.49,,0,
kprcnn-nojitter-v1,Yakima-Toppenish_03_20260614,Yakima (arid),trained,1,1,1470,3330,1,0.11668,1486.25,3330.04,1497.19,3333.49,10.94,3.45,37.77,1488.41,3331.45,1492.05,3331.13,1497.03,3331.45,0.6696,-2.943,-4.1777,-2.1504,8.618,25.85,3.66,4.982,0.735,0.314,0.0,697585.23,5146081.65,697596.16,5146082.6,697611.08,5146081.65,1883.92,,0,
kprcnn-nojitter-v1,Yakima-Toppenish_03_20260614,Yakima (arid),trained,1,1,1470,3330,0,0.05711,1493.04,3330.0,1501.45,3334.02,8.41,4.02,33.81,1497.73,3332.32,1496.76,3331.7,1498.06,3330.77,0.4916,-7.8042,-4.6411,-3.9846,1.58,4.74,1.151,1.592,0.723,1.076,78.2,697613.2,5146079.04,697610.28,5146080.9,697614.17,5146083.68,1887.71,,0,
kprcnn-nojitter-v1,Yakima-Toppenish_03_20260614,Yakima (arid),trained,1,1,1500,3330,1,0.10961,1536.14,3341.24,1547.83,3350.83,11.69,9.59,112.11,1544.74,3341.41,1541.5,3346.7,1545.72,3343.72,-7.7255,-2.5368,-1.3516,-3.8713,2.512,7.53,6.208,5.165,1.202,5.045,292.8,697754.23,5146051.77,697744.49,5146035.9,697757.15,5146044.83,1956.68,,0,
kprcnn-nojitter-v1,Yakima-Toppenish_03_20260614,Yakima (arid),trained,1,1,1530,3330,1,0.14795,1530.22,3337.05,1541.19,3344.11,10.97,7.07,77.49,1532.05,3341.7,1535.7,3340.74,1539.36,3339.46,-1.7368,-5.3181,-2.2172,-3.0907,7.649,22.95,3.781,3.875,0.976,0.153,17.1,697716.14,5146050.89,697727.11,5146053.78,697738.07,5146057.63,1935.52,,0,
kprcnn-nojitter-v1,Yakima-Toppenish_03_20260614,Yakima (arid),trained,1,1,3540,3330,1,0.09523,3562.29,3332.4,3569.39,3340.3,7.1,7.91,56.13,3566.32,3332.56,3566.97,3334.54,3566.32,3332.56,-9.1035,-9.625,-8.2212,-8.9832,0.0,0.0,2.079,2.079,1.0,0.0,0.0,703818.97,5146078.31,703820.9,5146072.38,703818.97,5146078.31,1288.1,,0,
kprcnn-nojitter-v1,Yakima-Toppenish_03_20260614,Yakima (arid),trained,1,1,3540,3330,0,0.06233,3557.69,3330.0,3572.72,3332.06,15.03,2.06,30.98,3565.37,3331.03,3565.37,3331.33,3570.27,3331.91,-2.8009,-7.7488,-7.0018,-5.8505,4.979,14.94,0.295,4.935,0.06,0.29,349.8,703816.11,5146082.91,703816.11,5146082.02,703830.81,5146080.26,1277.33,,0,
kprcnn-nojitter-v1,Yakima-Toppenish_03_20260614,Yakima (arid),trained,1,1,3540,3330,0,0.06208,3565.91,3330.0,3567.66,3336.59,1.75,6.59,11.52,3566.35,3331.81,3566.64,3332.14,3567.52,3332.8,-5.5069,-8.9885,-8.1919,-7.5624,1.528,4.59,0.44,1.095,0.402,0.063,319.7,703819.05,5146080.56,703819.93,5146079.57,703822.55,5146077.6,1281.25,,0,
kprcnn-nojitter-v1,Yakima-Toppenish_03_20260614,Yakima (arid),trained,1,1,3540,3330,0,0.05787,3561.94,3330.0,3570.13,3344.98,8.19,14.98,122.74,3565.38,3331.17,3566.03,3341.15,3565.05,3330.17,-3.601,-8.8717,-7.725,-6.7326,1.051,3.15,10.009,11.03,0.907,2.491,108.2,703816.13,5146082.5,703818.1,5146052.54,703815.15,5146085.5,1304.55,,0,
kprcnn-nojitter-v1,Yakima-Toppenish_03_20260614,Yakima (arid),trained,1,1,3540,3330,0,0.05018,3561.1,3330.0,3571.45,3334.09,10.36,4.09,42.32,3565.47,3331.41,3565.79,3331.73,3565.14,3331.1,-2.2597,-7.7524,-7.9146,-5.9756,0.451,1.35,0.451,0.902,0.5,0.0,135.8,703816.4,5146081.76,703817.37,5146080.81,703815.43,5146082.7,1278.98,,0,
kprcnn-nojitter-v1,Yakima-Toppenish_03_20260614,Yakima (arid),trained,1,1,3570,3330,1,0.15926,3604.67,3340.41,3609.84,3355.88,5.17,15.47,79.95,3606.77,3342.88,3607.09,3346.83,3606.45,3353.41,-0.5716,-1.4542,-4.6273,-2.2177,10.535,31.61,3.962,6.613,0.599,0.444,268.2,703940.31,5146047.36,703941.28,5146035.52,703939.34,5146015.77,1378.59,,0,
kprcnn-nojitter-v1,Yakima-Toppenish_03_20260614,Yakima (arid),trained,1,1,3570,3330,0,0.06733,3570.0,3330.02,3576.43,3331.34,6.43,1.32,8.5,3571.12,3330.85,3572.41,3330.85,3571.12,3330.85,-2.0919,-7.1065,-7.3621,-5.5202,0.0,0.0,1.285,1.285,1.0,0.0,0.0,703833.37,5146083.46,703837.23,5146083.46,703833.37,5146083.46,1285.79,,0,
kprcnn-nojitter-v1,Yakima-Toppenish_03_20260614,Yakima (arid),trained,1,1,3570,3330,0,0.06454,3574.84,3330.0,3598.62,3332.67,23.78,2.67,63.51,3578.97,3331.34,3583.59,3331.63,3596.81,3330.74,-0.0793,-2.3284,-2.8587,-1.7554,17.845,53.54,4.634,13.241,0.35,0.45,1.9,703856.91,5146081.99,703870.78,5146081.1,703910.42,5146083.77,1303.88,,0,
kprcnn-nojitter-v1,Yakima-Toppenish_03_20260614,Yakima (arid),trained,1,1,3570,3330,0,0.06231,3570.0,3330.0,3574.69,3332.93,4.69,2.93,13.76,3570.78,3331.14,3572.03,3331.79,3572.66,3332.77,-1.2373,-6.7658,-6.548,-4.8504,2.485,7.46,1.411,1.16,1.216,0.328,319.1,703832.35,5146082.58,703836.1,5146080.63,703837.98,5146077.69,1287.77,,0,
kprcnn-nojitter-v1,Yakima-Toppenish_03_20260614,Yakima (arid),trained,1,1,3570,3330,0,0.05885,3570.14,3347.41,3573.43,3354.15,3.29,6.74,22.18,3570.96,3353.66,3571.29,3352.7,3570.96,3347.57,-4.8792,-8.0728,-8.5612,-7.1711,6.099,18.3,1.018,5.147,0.198,0.329,90.0,703832.88,5146015.01,703833.87,5146017.89,703832.88,5146033.3,1342.59,,0,
kprcnn-nojitter-v1,Yakima-Toppenish_03_20260614,Yakima (arid),trained,1,1,1530,3360,1,0.06452,1567.71,3382.75,1578.0,3396.78,10.29,14.03,144.35,1570.53,3385.52,1572.52,3389.43,1576.17,3393.35,-0.1346,0.5849,-1.7857,-0.4451,9.652,28.96,4.393,5.353,0.821,0.673,305.8,697831.6,5145919.44,697837.57,5145907.7,697848.52,5145895.95,2102.89,,0,
kprcnn-nojitter-v1,Yakima-Toppenish_03_20260614,Yakima (arid),trained,1,1,1530,3360,0,0.05405,1554.92,3360.11,1569.11,3370.55,14.19,10.44,148.12,1562.35,3361.9,1561.03,3365.49,1562.68,3361.25,-8.3888,-3.0878,-2.0988,-4.5251,0.731,2.19,3.823,4.55,0.84,0.442,63.2,697807.04,5145990.29,697803.08,5145979.52,697808.03,5145992.24,2024.86,,0,
kprcnn-nojitter-v1,Yakima-Toppenish_03_20260614,Yakima (arid),trained,1,1,1560,3360,1,0.06794,1591.01,3400.21,1607.86,3407.73,16.86,7.52,126.77,1594.48,3405.28,1599.1,3404.95,1604.06,3401.68,-0.1113,-3.2772,-3.2373,-2.2086,10.237,30.71,4.638,5.939,0.781,1.32,20.6,697903.43,5145860.16,697917.31,5145861.14,697932.18,5145870.95,2168.56,,0,
kprcnn-nojitter-v1,Yakima-Toppenish_03_20260614,Yakima (arid),trained,1,1,3540,3360,1,0.06642,3562.39,3362.32,3569.34,3370.11,6.95,7.79,54.13,3566.2,3362.48,3566.2,3364.43,3566.2,3362.48,-5.302,-8.3656,-8.5456,-7.4044,0.0,0.0,1.948,1.948,1.0,0.0,0.0,703818.59,5145988.55,703818.59,5145982.71,703818.59,5145988.55,1367.61,,0,
kprcnn-nojitter-v1,Yakima-Toppenish_03_20260614,Yakima (arid),trained,1,1,3570,3360,1,0.07782,3570.0,3360.0,3574.5,3362.97,4.5,2.97,13.4,3570.8,3361.16,3572.41,3361.82,3572.41,3362.81,-1.73,-7.1738,-7.0839,-5.3292,2.306,6.92,1.739,0.991,1.754,0.692,314.2,703832.41,5145992.53,703837.24,5145990.55,703837.24,5145987.57,1368.61,,0,
kprcnn-nojitter-v1,Yakima-Toppenish_03_20260614,Yakima (arid),trained,1,1,3570,3360,0,0.05262,3570.0,3360.0,3576.66,3361.53,6.66,1.53,10.18,3571.17,3361.07,3572.83,3360.76,3576.49,3361.38,-2.8768,-7.3136,-6.9479,-5.7127,5.337,16.01,1.693,3.714,0.456,0.401,356.7,703833.5,5145992.79,703838.49,5145993.71,703849.48,5145991.87,1366.32,,0,
kprcnn-nojitter-v1,Yakima-Toppenish_03_20260614,Yakima (arid),trained,1,1,3570,3360,0,0.05217,3570.1,3377.46,3573.45,3383.98,3.35,6.52,21.81,3570.86,3379.91,3571.17,3382.19,3570.86,3379.26,-3.4651,-7.18,-8.1097,-6.2516,0.652,1.96,2.303,2.95,0.78,0.304,90.0,703832.59,5145936.27,703833.5,5145929.43,703832.59,5145938.23,1422.19,,0,
kprcnn-nojitter-v1,Yakima-Toppenish_03_20260614,Yakima (arid),trained,1,1,1560,3390,1,0.09097,1579.81,3390.0,1595.27,3394.83,15.46,4.83,74.66,1582.27,3392.41,1587.87,3393.06,1594.11,3391.13,-5.0275,-4.5458,-2.2832,-3.9522,11.911,35.73,5.629,6.541,0.86,1.245,6.2,697866.82,5145898.76,697883.6,5145896.82,697902.34,5145902.62,2125.12,,0,
kprcnn-nojitter-v1,Yakima-Toppenish_03_20260614,Yakima (arid),trained,1,1,1620,3390,1,0.35676,1636.72,3426.86,1648.1,3437.79,11.38,10.93,124.43,1645.99,3429.34,1643.38,3432.32,1638.83,3435.3,-3.8935,-1.0434,-1.4342,-2.1237,9.313,27.94,3.957,5.442,0.727,0.625,219.8,698057.96,5145787.98,698050.15,5145779.03,698036.49,5145770.09,2286.37,,0,
kprcnn-nojitter-v1,Yakima-Toppenish_03_20260614,Yakima (arid),trained,1,1,1620,3390,0,0.30353,1638.6,3431.11,1654.5,3438.0,15.9,6.89,109.6,1646.39,3431.27,1648.37,3435.54,1638.77,3435.87,-6.0363,0.0074,-4.3004,-3.4431,8.897,26.69,4.708,9.61,0.49,4.681,211.1,698059.16,5145782.19,698065.12,5145769.39,698036.31,5145768.4,2300.31,,0,
kprcnn-nojitter-v1,Yakima-Toppenish_03_20260614,Yakima (arid),trained,1,1,1620,3390,0,0.10515,1644.45,3429.75,1650.27,3438.0,5.81,8.25,47.99,1648.49,3437.83,1648.49,3435.52,1646.55,3431.89,-3.9595,0.7717,-6.8503,-3.3461,6.251,18.75,2.311,4.116,0.561,0.717,108.1,698065.47,5145762.5,698065.47,5145769.43,698059.65,5145780.32,2300.38,,0,
kprcnn-nojitter-v1,Yakima-Toppenish_03_20260614,Yakima (arid),trained,1,1,1620,3390,0,0.08527,1634.87,3409.77,1648.2,3438.0,13.33,28.23,376.3,1647.04,3429.2,1641.37,3423.22,1638.7,3434.85,-3.3624,0.7379,-3.4545,-2.0263,10.064,30.19,8.236,11.925,0.691,8.127,214.1,698061.11,5145788.4,698044.11,5145806.33,698036.11,5145771.46,2258.57,,0,
kprcnn-nojitter-v1,Yakima-Toppenish_03_20260614,Yakima (arid),trained,1,1,1620,3390,0,0.08394,1637.83,3407.6,1653.59,3420.51,15.76,12.91,203.54,1645.87,3417.04,1646.86,3413.06,1652.11,3417.37,-6.5057,3.4423,-3.9962,-2.3532,6.247,18.74,4.094,6.792,0.603,4.02,357.0,698057.62,5145824.89,698060.58,5145836.81,698076.34,5145823.9,2235.09,,0,
kprcnn-nojitter-v1,Yakima-Toppenish_03_20260614,Yakima (arid),trained,1,1,1620,3390,0,0.05547,1656.71,3432.01,1659.69,3438.0,2.99,5.99,17.87,1657.54,3437.83,1657.54,3436.17,1656.87,3437.83,-4.1662,-0.6917,-8.7735,-4.5438,0.664,1.99,1.663,1.79,0.929,1.663,180.0,698092.61,5145762.5,698092.61,5145767.49,698090.62,5145762.5,2311.12,,0,
kprcnn-nojitter-v1,Yakima-Toppenish_03_20260614,Yakima (arid),trained,1,1,3540,3390,1,0.3676,3562.54,3390.0,3575.13,3391.59,12.59,1.59,19.97,3567.01,3391.11,3571.65,3390.79,3567.01,3391.43,-1.1969,-6.9454,-6.5974,-4.9133,0.317,0.95,4.648,4.681,0.993,4.637,270.0,703821.03,5145902.67,703834.95,5145903.62,703821.03,5145901.72,1446.25,,0,
kprcnn-nojitter-v1,Yakima-Toppenish_03_20260614,Yakima (arid),trained,1,1,3540,3390,0,0.0942,3561.81,3390.0,3571.54,3394.67,9.73,4.67,45.37,3566.84,3391.5,3567.81,3392.17,3566.84,3391.17,-1.1,-7.6632,-8.1604,-5.6412,0.333,1.0,1.179,1.395,0.845,0.973,90.0,703820.51,5145901.5,703823.43,5145899.5,703820.51,5145902.5,1445.28,,0,
kprcnn-nojitter-v1,Yakima-Toppenish_03_20260614,Yakima (arid),trained,1,1,3540,3390,0,0.07838,3564.45,3391.04,3570.66,3399.24,6.21,8.2,50.88,3567.23,3391.2,3567.23,3391.2,3566.9,3391.2,-3.7834,-8.604,-6.1123,-6.1666,0.327,0.98,0.0,0.327,0.0,0.0,180.0,703821.68,5145902.39,703821.68,5145902.39,703820.7,5145902.39,1441.93,,0,
kprcnn-nojitter-v1,Yakima-Toppenish_03_20260614,Yakima (arid),trained,1,1,3540,3390,0,0.0687,3558.78,3390.0,3579.32,3393.36,20.53,3.36,69.01,3567.23,3391.07,3573.85,3391.37,3575.84,3393.21,-1.9568,-7.1265,-7.6015,-5.5616,8.872,26.62,6.631,2.703,2.453,1.3,346.1,703821.68,5145902.79,703841.56,5145901.88,703847.52,5145896.38,1450.58,,0,
kprcnn-nojitter-v1,Yakima-Toppenish_03_20260614,Yakima (arid),trained,1,1,3540,3390,0,0.05494,3563.09,3390.0,3570.68,3405.53,7.59,15.53,117.92,3567.22,3391.49,3566.89,3402.06,3566.89,3390.17,-2.437,-7.8091,-7.7718,-6.0059,1.363,4.09,10.581,11.898,0.889,2.882,104.0,703821.65,5145901.54,703820.66,5145869.81,703820.66,5145905.5,1471.35,,0,
kprcnn-nojitter-v1,Yakima-Toppenish_03_20260614,Yakima (arid),trained,1,1,3570,3390,1,0.09251,3570.0,3390.01,3574.63,3393.1,4.63,3.09,14.33,3570.83,3391.4,3571.49,3392.02,3572.81,3392.95,-1.4733,-7.717,-6.8198,-5.3367,2.516,7.55,0.906,1.616,0.561,0.081,322.0,703832.48,5145901.79,703834.46,5145899.94,703838.43,5145897.15,1449.4,,0,
kprcnn-nojitter-v1,Yakima-Toppenish_03_20260614,Yakima (arid),trained,1,1,3570,3390,0,0.06635,3570.1,3390.0,3573.85,3403.32,3.75,13.32,49.91,3571.2,3392.16,3571.82,3398.49,3570.88,3392.16,-3.1977,-7.9635,-7.846,-6.3357,0.312,0.94,6.358,6.396,0.994,6.327,180.0,703833.59,5145899.51,703835.46,5145880.52,703832.65,5145899.51,1467.51,,0,
kprcnn-nojitter-v1,Yakima-Toppenish_03_20260614,Yakima (arid),trained,1,1,3570,3390,0,0.05386,3570.0,3390.0,3577.06,3391.82,7.06,1.82,12.87,3571.12,3391.06,3573.05,3390.76,3576.9,3391.67,-2.1395,-7.2666,-6.71,-5.372,5.811,17.43,1.95,3.959,0.493,0.503,354.0,703833.37,5145902.81,703839.15,5145903.72,703850.71,5145900.99,1447.9,,0,
kprcnn-nojitter-v1,Yakima-Toppenish_03_20260614,Yakima (arid),trained,1,1,3570,3390,0,0.05294,3570.19,3397.67,3572.65,3403.7,2.47,6.03,14.87,3570.96,3400.37,3571.88,3401.64,3572.5,3403.55,-6.1661,-8.6903,-6.9461,-7.2675,3.529,10.59,1.571,2.002,0.785,0.277,295.9,703832.88,5145874.89,703835.65,5145871.08,703837.5,5145865.36,1476.22,,0,
kprcnn-nojitter-v1,Yakima-Toppenish_03_20260614,Yakima (arid),trained,1,1,3570,3390,0,0.05008,3594.43,3407.05,3599.98,3421.74,5.55,14.69,81.6,3596.88,3409.82,3597.2,3414.72,3595.9,3409.5,1.4043,-0.4002,-8.5955,-2.5305,1.033,3.1,4.908,5.384,0.911,4.543,161.6,703910.63,5145846.53,703911.61,5145831.84,703907.69,5145847.51,1513.93,,0,
kprcnn-nojitter-v1,Yakima-Toppenish_03_20260614,Yakima (arid),trained,1,1,3600,3390,1,0.19336,3634.79,3426.99,3640.35,3438.0,5.56,11.01,61.22,3639.53,3428.77,3637.9,3434.28,3637.57,3429.09,-9.0884,-5.6164,1.0148,-4.5633,1.989,5.97,5.743,5.192,1.106,5.166,189.4,704038.6,5145789.69,704033.69,5145773.17,704032.71,5145788.72,1405.12,,0,
kprcnn-nojitter-v1,Yakima-Toppenish_03_20260614,Yakima (arid),trained,1,1,3600,3390,0,0.16224,3637.2,3426.63,3639.74,3438.0,2.54,11.37,28.89,3638.95,3428.42,3638.63,3434.26,3638.0,3428.74,-8.6834,-5.0644,0.4535,-4.4314,1.007,3.02,5.857,5.56,1.053,5.433,198.8,704036.85,5145790.75,704035.9,5145773.21,704033.99,5145789.78,1404.18,,0,
kprcnn-nojitter-v1,Yakima-Toppenish_03_20260614,Yakima (arid),trained,1,1,3600,3390,0,0.10086,3634.86,3425.85,3637.52,3437.38,2.66,11.53,30.69,3635.36,3428.65,3636.36,3433.92,3637.02,3429.64,-9.7361,-7.2829,0.0113,-5.6692,1.935,5.8,5.366,4.335,1.238,4.022,329.3,704026.08,5145790.05,704029.07,5145774.23,704031.07,5145787.08,1408.11,,0,
kprcnn-nojitter-v1,Yakima-Toppenish_03_20260614,Yakima (arid),trained,1,1,3600,3390,0,0.0849,3633.15,3426.89,3648.0,3438.0,14.85,11.11,164.91,3645.53,3429.02,3639.26,3434.24,3637.28,3429.02,-7.7533,-4.4316,0.7595,-3.8085,8.248,24.74,8.162,5.59,1.46,5.227,180.0,704056.58,5145788.95,704037.77,5145773.27,704031.83,5145788.95,1403.41,,0,
kprcnn-nojitter-v1,Yakima-Toppenish_03_20260614,Yakima (arid),trained,1,1,3630,3390,1,0.26988,3630.0,3425.25,3641.96,3437.69,11.96,12.44,148.74,3630.17,3433.92,3631.49,3433.92,3637.47,3429.34,-9.2621,-4.7755,1.2625,-4.2584,8.626,25.88,1.329,7.533,0.176,0.706,32.1,704010.5,5145774.23,704014.48,5145774.23,704032.42,5145787.98,1414.64,,0,
kprcnn-nojitter-v1,Yakima-Toppenish_03_20260614,Yakima (arid),trained,1,1,3630,3390,0,0.23136,3637.96,3424.77,3640.34,3437.9,2.38,13.13,31.28,3639.6,3428.87,3639.3,3434.45,3638.4,3429.2,-8.4419,-5.1058,0.1898,-4.4526,1.236,3.71,5.587,5.327,1.049,5.3,195.4,704038.79,5145789.38,704037.89,5145772.65,704035.21,5145788.4,1402.8,,0,
kprcnn-nojitter-v1,Yakima-Toppenish_03_20260614,Yakima (arid),trained,1,1,3630,3390,0,0.06349,3630.83,3420.76,3641.29,3432.66,10.46,11.9,124.45,3634.91,3428.52,3632.3,3424.89,3637.2,3429.18,-9.844,-8.2689,1.2224,-5.6302,2.381,7.14,4.478,6.519,0.687,2.767,343.9,704024.74,5145790.43,704016.89,5145801.34,704031.6,5145788.45,1437.81,,0,
kprcnn-nojitter-v1,Yakima-Toppenish_03_20260614,Yakima (arid),trained,1,1,3630,3390,0,0.06223,3634.74,3425.95,3645.42,3438.0,10.68,12.05,128.66,3645.25,3434.25,3639.76,3434.25,3637.49,3429.37,-9.543,-4.7897,1.0792,-4.4178,9.173,27.52,5.499,5.385,1.021,2.929,147.8,704055.76,5145773.24,704039.27,5145773.24,704032.47,5145787.9,1402.73,,0,
kprcnn-nojitter-v1,Yakima-Toppenish_03_20260614,Yakima (arid),trained,1,1,3630,3390,0,0.05507,3632.39,3426.8,3643.37,3432.85,10.97,6.05,66.38,3636.55,3430.78,3640.21,3429.5,3637.55,3428.87,-9.2718,-9.559,0.6326,-6.0661,2.155,6.46,3.873,2.736,1.416,2.653,62.4,704029.64,5145783.67,704040.62,5145787.49,704032.64,5145789.4,1414.97,,0,
kprcnn-nojitter-v1,Yakima-Toppenish_03_20260614,Yakima (arid),trained,1,1,1620,3420,1,0.33442,1639.23,3431.57,1656.57,3440.57,17.33,9.0,155.99,1646.27,3431.73,1649.86,3436.07,1650.52,3440.4,-6.3898,0.5091,-4.1607,-3.3471,9.653,28.96,5.632,4.382,1.285,1.321,296.1,698058.8,5145780.8,698069.59,5145767.8,698071.55,5145754.8,2303.26,,0,
kprcnn-nojitter-v1,Yakima-Toppenish_03_20260614,Yakima (arid),trained,1,1,1620,3420,0,0.22844,1636.48,3425.92,1648.61,3437.71,12.13,11.8,143.13,1646.15,3429.36,1643.53,3432.63,1638.94,3435.26,-3.9303,-0.8752,-2.3472,-2.3842,9.318,27.95,4.198,5.286,0.794,0.876,219.3,698058.45,5145787.93,698050.58,5145778.1,698036.81,5145770.23,2287.4,,0,
kprcnn-nojitter-v1,Yakima-Toppenish_03_20260614,Yakima (arid),trained,1,1,1620,3420,0,0.10649,1660.19,3431.42,1668.0,3441.56,7.81,10.14,79.14,1661.98,3438.45,1664.59,3436.16,1661.66,3438.78,-3.5697,3.494,-9.0592,-3.045,0.461,1.38,3.466,3.926,0.883,0.231,225.2,698105.95,5145760.65,698113.76,5145767.52,698104.97,5145759.67,2318.22,,0,
kprcnn-nojitter-v1,Yakima-Toppenish_03_20260614,Yakima (arid),trained,1,1,1620,3420,0,0.05666,1634.14,3420.0,1646.79,3424.11,12.65,4.11,52.04,1645.96,3421.42,1641.3,3421.11,1646.63,3420.16,-4.3533,0.0126,-8.2444,-4.1951,1.43,4.29,4.672,5.411,0.863,4.272,62.3,698057.89,5145811.73,698043.91,5145812.68,698059.89,5145815.53,2252.5,,0,
kprcnn-nojitter-v1,Yakima-Toppenish_03_20260614,Yakima (arid),trained,1,1,1620,3420,0,0.055,1639.73,3428.23,1648.05,3439.96,8.33,11.74,97.73,1639.89,3430.67,1643.55,3432.63,1641.56,3437.52,-3.9968,-0.6195,-6.7463,-3.7875,7.047,21.14,4.153,5.284,0.786,3.097,283.7,698039.68,5145783.99,698050.66,5145778.12,698044.67,5145763.44,2287.4,,0,
kprcnn-nojitter-v1,Yakima-Toppenish_03_20260614,Yakima (arid),trained,1,1,1620,3420,0,0.05373,1651.46,3460.74,1667.72,3467.74,16.26,7.0,113.84,1654.61,3465.57,1660.92,3465.57,1651.96,3462.57,-0.3189,-3.9164,-6.1669,-3.4674,4.006,12.02,6.306,9.45,0.667,4.722,131.5,698083.84,5145679.29,698102.75,5145679.29,698075.87,5145688.29,2397.74,,0,
kprcnn-nojitter-v1,Yakima-Toppenish_03_20260614,Yakima (arid),trained,1,1,1620,3420,0,0.05338,1648.73,3431.28,1656.12,3443.38,7.39,12.1,89.38,1650.49,3433.73,1651.78,3436.35,1650.81,3442.23,-5.3123,1.9944,-0.6347,-1.3175,8.507,25.52,2.914,5.964,0.489,1.185,272.2,698071.48,5145774.81,698075.34,5145766.96,698072.44,5145749.31,2305.92,,0,
kprcnn-nojitter-v1,Yakima-Toppenish_03_20260614,Yakima (arid),trained,1,1,1650,3420,1,0.29572,1650.17,3432.06,1656.47,3443.05,6.3,10.99,69.25,1653.98,3438.22,1651.99,3436.22,1651.33,3442.22,-5.6107,2.2518,-0.7665,-1.3751,4.796,14.39,2.82,6.029,0.468,2.763,236.4,698081.95,5145761.34,698075.98,5145767.33,698073.99,5145749.35,2305.78,,0,
kprcnn-nojitter-v1,Yakima-Toppenish_03_20260614,Yakima (arid),trained,1,1,1650,3420,0,0.07918,1650.0,3427.81,1654.7,3446.07,4.7,18.26,85.79,1651.72,3433.29,1651.72,3436.28,1651.41,3442.92,-5.4371,3.4189,1.5316,-0.1622,9.633,28.9,2.988,6.647,0.45,0.097,268.1,698075.17,5145776.13,698075.17,5145767.17,698074.23,5145747.25,2305.67,,0,
kprcnn-nojitter-v1,Yakima-Toppenish_03_20260614,Yakima (arid),trained,1,1,3540,3420,1,0.10466,3567.26,3420.1,3585.37,3423.54,18.11,3.45,62.43,3579.28,3421.19,3575.33,3422.13,3568.09,3423.39,0.9054,-4.9634,-5.6596,-3.2392,11.409,34.23,4.062,7.352,0.552,0.163,191.1,703857.85,5145812.42,703845.99,5145809.6,703824.26,5145805.84,1528.23,,0,
kprcnn-nojitter-v1,Yakima-Toppenish_03_20260614,Yakima (arid),trained,1,1,3540,3420,0,0.07611,3561.86,3420.0,3572.19,3424.72,10.34,4.72,48.79,3567.19,3421.73,3566.54,3422.05,3569.13,3423.62,-0.6144,-7.2574,-6.824,-4.8986,2.706,8.12,0.719,3.026,0.238,0.676,315.8,703821.56,5145810.81,703819.62,5145809.86,703827.38,5145805.14,1526.15,,0,
kprcnn-nojitter-v1,Yakima-Toppenish_03_20260614,Yakima (arid),trained,1,1,3570,3420,1,0.20273,3570.35,3420.04,3585.67,3423.43,15.32,3.39,51.99,3579.51,3421.12,3576.18,3421.73,3573.18,3423.28,0.875,-5.4629,-5.2992,-3.2957,6.686,20.06,3.387,3.371,1.005,0.492,198.8,703858.52,5145812.65,703848.53,5145810.8,703839.53,5145806.17,1527.91,,0,
kprcnn-nojitter-v1,Yakima-Toppenish_03_20260614,Yakima (arid),trained,1,1,3570,3420,0,0.17551,3574.78,3420.37,3575.23,3424.45,0.45,4.08,1.84,3575.12,3423.04,3575.12,3422.41,3575.12,3423.66,-2.1449,-6.993,-9.1271,-6.0884,0.627,1.88,0.627,1.254,0.5,0.0,270.0,703845.35,5145806.89,703845.35,5145808.77,703845.35,5145805.01,1527.86,,0,
kprcnn-nojitter-v1,Yakima-Toppenish_03_20260614,Yakima (arid),trained,1,1,3570,3420,0,0.11582,3570.0,3420.0,3574.5,3423.2,4.5,3.2,14.39,3570.8,3421.44,3573.05,3421.76,3573.05,3423.04,-1.1656,-7.4922,-6.2794,-4.9791,2.76,8.28,2.273,1.279,1.776,1.043,324.6,703832.41,5145811.68,703839.16,5145810.72,703839.16,5145806.88,1532.8,,0,
kprcnn-nojitter-v1,Yakima-Toppenish_03_20260614,Yakima (arid),trained,1,1,3570,3420,0,0.09045,3570.3,3449.78,3578.11,3460.36,7.8,10.58,82.57,3575.67,3458.54,3575.99,3457.55,3575.02,3458.54,-1.7422,-7.7026,-7.8629,-5.7692,0.65,1.95,1.044,1.391,0.75,0.992,180.0,703847.0,5145700.37,703847.98,5145703.35,703845.05,5145700.37,1438.0,,0,
kprcnn-nojitter-v1,Yakima-Toppenish_03_20260614,Yakima (arid),trained,1,1,3570,3420,0,0.0501,3604.78,3420.0,3618.0,3424.44,13.22,4.44,58.7,3608.58,3421.11,3615.85,3421.43,3608.58,3421.74,-0.9983,1.4091,-7.9439,-2.5111,0.635,1.9,7.275,7.275,1.0,7.268,270.0,703945.75,5145812.67,703967.56,5145811.72,703945.75,5145810.77,1469.5,,0,
kprcnn-nojitter-v1,Yakima-Toppenish_03_20260614,Yakima (arid),trained,1,1,3600,3420,1,0.1522,3633.21,3420.0,3643.35,3433.06,10.14,13.06,132.38,3642.53,3421.47,3641.55,3421.8,3637.3,3428.98,-9.1848,-5.9193,1.5512,-4.5176,9.152,27.46,1.034,8.346,0.124,0.618,235.1,704047.6,5145811.59,704044.65,5145810.61,704031.9,5145789.07,1434.13,,0,
kprcnn-nojitter-v1,Yakima-Toppenish_03_20260614,Yakima (arid),trained,1,1,3600,3420,0,0.08599,3634.48,3425.47,3643.47,3434.53,8.99,9.05,81.41,3639.64,3428.87,3639.97,3432.1,3637.31,3429.19,-8.784,-9.0947,1.2433,-5.5452,2.353,7.06,3.251,3.945,0.824,3.249,187.9,704038.91,5145789.4,704039.91,5145779.7,704031.92,5145788.43,1408.26,,0,
kprcnn-nojitter-v1,Yakima-Toppenish_03_20260614,Yakima (arid),trained,1,1,3600,3420,0,0.06348,3634.71,3463.8,3647.95,3467.9,13.24,4.09,54.2,3647.78,3465.22,3646.13,3465.54,3637.52,3465.54,-7.3891,-4.27,-2.4609,-4.7067,10.266,30.8,1.685,8.606,0.196,0.264,181.8,704063.34,5145680.33,704058.38,5145679.39,704032.56,5145679.39,1310.21,,0,
kprcnn-nojitter-v1,Yakima-Toppenish_03_20260614,Yakima (arid),trained,1,1,3630,3420,1,0.2177,3630.27,3420.0,3641.57,3433.87,11.3,13.87,156.75,3632.43,3420.17,3631.77,3421.82,3637.42,3428.75,-6.741,-3.3718,1.2139,-2.9663,9.929,29.79,1.78,8.946,0.199,1.404,300.1,704017.29,5145815.5,704015.3,5145810.55,704032.25,5145789.74,1446.78,,0,
kprcnn-nojitter-v1,Yakima-Toppenish_03_20260614,Yakima (arid),trained,1,1,3630,3420,0,0.15787,3630.52,3427.02,3640.84,3433.94,10.33,6.92,71.45,3636.68,3431.14,3634.01,3430.48,3637.35,3429.16,-9.1749,-9.4436,0.8605,-5.9193,2.086,6.26,2.745,3.582,0.766,2.736,71.4,704030.04,5145782.58,704022.04,5145784.56,704032.04,5145788.51,1420.49,,0,
kprcnn-nojitter-v1,Yakima-Toppenish_03_20260614,Yakima (arid),trained,1,1,3630,3420,0,0.15292,3636.27,3420.12,3640.73,3433.32,4.46,13.2,58.86,3639.61,3428.87,3638.66,3426.89,3637.7,3429.2,-8.6655,-9.8462,0.7412,-5.9235,1.939,5.82,2.199,2.5,0.879,2.114,189.8,704038.83,5145789.4,704035.97,5145795.34,704033.1,5145788.41,1424.06,,0,
kprcnn-nojitter-v1,Yakima-Toppenish_03_20260614,Yakima (arid),trained,1,1,3570,3450,1,0.20799,3570.0,3450.0,3577.03,3462.15,7.03,12.15,85.48,3575.6,3459.36,3575.6,3458.7,3576.87,3452.79,-1.4907,-7.5421,-7.0027,-5.3452,6.692,20.08,0.657,6.049,0.109,0.126,79.0,703846.79,5145697.92,703846.79,5145699.89,703850.62,5145717.62,1435.81,,0,
kprcnn-nojitter-v1,Yakima-Toppenish_03_20260614,Yakima (arid),trained,1,1,3570,3450,0,0.08433,3570.0,3450.0,3575.19,3453.14,5.19,3.14,16.3,3572.76,3451.41,3573.41,3451.73,3575.03,3452.98,-6.9715,-7.2494,-5.4881,-6.5697,2.761,8.28,0.721,2.051,0.351,0.111,325.3,703838.27,5145721.76,703840.22,5145720.82,703845.08,5145717.05,1456.82,,0,
kprcnn-nojitter-v1,Yakima-Toppenish_03_20260614,Yakima (arid),trained,1,1,3570,3450,0,0.08105,3570.0,3450.08,3578.96,3452.46,8.96,2.39,21.39,3578.46,3451.12,3575.14,3451.72,3577.47,3452.31,-3.905,-6.9823,-6.0685,-5.6519,1.554,4.66,3.372,2.399,1.406,2.166,230.2,703855.39,5145722.64,703845.43,5145720.85,703852.4,5145719.06,1453.94,,0,
kprcnn-nojitter-v1,Yakima-Toppenish_03_20260614,Yakima (arid),trained,1,1,3570,3450,0,0.06288,3611.05,3488.62,3618.0,3498.0,6.95,9.38,65.22,3614.52,3491.69,3615.85,3495.9,3613.2,3491.04,0.7614,1.0186,-8.781,-2.3337,1.474,4.42,4.409,5.528,0.798,3.197,154.0,703963.57,5145600.93,703967.54,5145588.31,703959.6,5145602.87,1276.2,,0,
kprcnn-nojitter-v1,Yakima-Toppenish_03_20260614,Yakima (arid),trained,1,1,1650,3480,1,0.06127,1650.1,3480.0,1652.74,3491.44,2.64,11.44,30.24,1650.93,3480.16,1650.93,3480.82,1651.26,3488.01,-5.9611,-2.657,-5.4855,-4.7012,7.853,23.56,0.654,7.2,0.091,0.028,272.4,698072.78,5145635.51,698072.78,5145633.55,698073.77,5145611.97,2431.62,,0,
kprcnn-nojitter-v1,Yakima-Toppenish_03_20260614,Yakima (arid),trained,1,1,3570,3480,1,0.23613,3611.08,3489.24,3618.0,3504.28,6.92,15.04,104.1,3614.54,3492.02,3615.86,3496.6,3616.85,3500.85,1.8013,1.44,-8.2324,-1.6637,9.126,27.38,4.764,4.365,1.092,0.118,284.6,703963.62,5145599.94,703967.57,5145586.21,703970.54,5145573.46,1274.41,,0,
kprcnn-nojitter-v1,Yakima-Toppenish_03_20260614,Yakima (arid),trained,1,1,3600,3480,1,0.16118,3612.21,3485.36,3621.31,3512.73,9.11,27.38,249.31,3614.32,3491.13,3615.95,3496.41,3618.88,3503.33,-0.0605,2.0707,-1.8156,0.0649,13.027,39.08,5.523,7.52,0.734,0.321,290.5,703962.97,5145602.62,703967.85,5145586.78,703976.63,5145566.0,1274.75,,0,
kprcnn-nojitter-v1,Yakima-Toppenish_03_20260614,Yakima (arid),trained,1,1,3600,3480,0,0.10023,3611.64,3489.14,3620.39,3504.71,8.75,15.57,136.26,3614.4,3491.96,3616.02,3496.6,3618.61,3503.22,1.6246,2.8861,-1.9707,0.8467,12.028,36.08,4.914,7.116,0.691,0.107,290.5,703963.19,5145600.13,703968.05,5145586.21,703975.82,5145566.33,1274.16,,0,
kprcnn-nojitter-v1,Yakima-Toppenish_03_20260614,Yakima (arid),trained,1,1,3600,3480,0,0.05626,3607.77,3480.0,3616.1,3493.58,8.33,13.58,113.11,3613.93,3491.1,3611.6,3484.14,3610.27,3480.17,0.5978,-2.57,-7.5832,-3.1851,11.531,34.59,7.338,4.193,1.75,0.0,108.5,703961.79,5145602.7,703954.8,5145623.58,703950.8,5145635.5,1312.81,,0,
kprcnn-nojitter-v1,Yakima-Toppenish_03_20260614,Yakima (arid),trained,1,1,3600,3480,0,0.05153,3643.07,3480.0,3648.0,3484.92,4.93,4.92,24.27,3647.18,3481.15,3643.56,3480.82,3646.19,3484.1,-7.6576,-3.747,-2.0244,-4.4763,3.113,9.34,3.632,4.205,0.864,3.534,251.5,704061.53,5145632.55,704050.68,5145633.54,704058.57,5145623.7,1273.16,,0,
kprcnn-nojitter-v1,Yakima-Toppenish_03_20260614,Yakima (arid),trained,1,1,3600,3480,0,0.05024,3638.31,3521.55,3648.0,3528.0,9.69,6.45,62.48,3640.09,3523.97,3646.22,3524.94,3641.38,3526.55,0.4651,-1.0673,-3.7515,-1.4512,2.885,8.65,6.213,5.106,1.217,5.054,296.6,704040.26,5145504.09,704058.67,5145501.19,704044.14,5145496.35,1154.14,,0,
kprcnn-nojitter-v1,Yakima-Toppenish_03_20260614,Yakima (arid),trained,1,1,3630,3480,1,0.24234,3641.75,3480.0,3654.12,3486.99,12.37,6.99,86.43,3641.92,3481.5,3643.54,3480.83,3650.38,3481.16,-7.1769,-1.2042,0.6267,-2.5848,8.468,25.4,1.758,6.842,0.257,0.601,2.3,704045.75,5145631.51,704050.63,5145633.5,704071.13,5145632.51,1273.15,,0,
kprcnn-nojitter-v1,Yakima-Toppenish_03_20260614,Yakima (arid),trained,1,1,3630,3480,0,0.22584,3639.68,3480.0,3651.63,3484.41,11.96,4.41,52.67,3643.83,3480.79,3643.49,3481.1,3648.81,3481.73,-8.1581,-0.6615,-0.2001,-3.0066,5.07,15.21,0.457,5.351,0.085,0.371,349.3,704051.48,5145633.64,704050.48,5145632.7,704066.43,5145630.81,1272.51,,0,
kprcnn-nojitter-v1,Yakima-Toppenish_03_20260614,Yakima (arid),trained,1,1,3630,3480,0,0.10061,3646.43,3480.02,3656.61,3486.16,10.17,6.14,62.47,3655.46,3481.48,3654.15,3483.42,3648.24,3482.13,-8.6591,-10.3725,0.6783,-6.1178,7.25,21.75,2.342,6.048,0.387,1.814,185.1,704086.38,5145631.56,704082.44,5145625.75,704064.72,5145629.62,1251.49,,0,
kprcnn-nojitter-v1,Yakima-Toppenish_03_20260614,Yakima (arid),trained,1,1,3630,3480,0,0.09915,3649.67,3480.12,3652.82,3487.88,3.15,7.76,24.44,3652.35,3484.16,3652.35,3484.49,3651.4,3481.58,-9.021,-9.8731,0.4035,-6.1635,2.753,8.26,0.323,3.058,0.106,0.111,110.1,704077.04,5145623.51,704077.04,5145622.54,704074.2,5145631.26,1251.12,,0,
kprcnn-nojitter-v1,Yakima-Toppenish_03_20260614,Yakima (arid),trained,1,1,3630,3480,0,0.07708,3652.04,3480.17,3655.22,3488.2,3.18,8.03,25.57,3654.75,3481.61,3653.47,3486.43,3652.84,3481.61,-8.6185,-9.9693,0.2171,-6.1236,1.91,5.73,4.984,4.861,1.025,4.819,180.0,704084.24,5145631.16,704080.42,5145616.71,704078.51,5145631.16,1244.38,,0,
kprcnn-nojitter-v1,Yakima-Toppenish_03_20260614,Yakima (arid),trained,1,1,1710,3510,1,0.3323,1743.31,3552.32,1757.61,3557.81,14.3,5.49,78.47,1745.8,3555.71,1751.12,3554.74,1755.45,3556.03,0.1104,-2.7993,-4.8098,-2.4996,9.65,28.95,5.408,4.512,1.199,1.146,358.1,698357.41,5145408.88,698373.37,5145411.78,698386.34,5145407.91,2743.95,,0,
kprcnn-nojitter-v1,Yakima-Toppenish_03_20260614,Yakima (arid),trained,1,1,1710,3510,0,0.11843,1746.31,3554.22,1757.98,3558.0,11.67,3.78,44.07,1755.81,3556.27,1750.81,3555.95,1756.14,3555.64,-0.1635,-3.4989,-4.9999,-2.8874,0.712,2.14,5.009,5.342,0.938,4.566,62.1,698387.43,5145407.19,698372.43,5145408.14,698388.43,5145409.08,2746.95,,0,
kprcnn-nojitter-v1,Yakima-Toppenish_03_20260614,Yakima (arid),trained,1,1,1740,3510,1,0.31199,1744.23,3552.68,1762.37,3557.72,18.14,5.04,91.46,1759.56,3555.99,1750.99,3555.04,1760.88,3553.78,-0.7196,-3.4489,-5.7909,-3.3198,2.571,7.71,8.626,9.973,0.865,7.844,59.1,698398.69,5145408.04,698372.97,5145410.88,698402.64,5145414.66,2744.62,,0,
kprcnn-nojitter-v1,Yakima-Toppenish_03_20260614,Yakima (arid),trained,1,1,1740,3510,0,0.07353,1744.33,3550.96,1755.11,3558.0,10.78,7.04,75.93,1746.45,3555.6,1751.03,3554.32,1754.95,3556.56,-0.4045,-3.5355,-7.185,-3.7083,8.549,25.65,4.75,4.516,1.052,1.786,353.5,698359.36,5145409.2,698373.08,5145413.04,698384.85,5145406.32,2742.67,,0,
kprcnn-nojitter-v1,Yakima-Toppenish_03_20260614,Yakima (arid),trained,1,1,1740,3510,0,0.05259,1745.53,3554.41,1756.6,3558.0,11.08,3.59,39.79,1747.32,3555.88,1751.23,3555.88,1747.64,3556.53,-1.5125,-3.6869,-6.2388,-3.8127,0.73,2.19,3.909,3.642,1.073,3.498,296.5,698361.95,5145408.37,698373.68,5145408.37,698362.93,5145406.41,2747.22,,0,
kprcnn-nojitter-v1,Yakima-Toppenish_03_20260614,Yakima (arid),trained,1,1,3600,3510,1,0.25629,3633.87,3536.45,3642.75,3550.83,8.88,14.38,127.69,3636.01,3539.23,3637.98,3542.82,3641.27,3549.69,1.2244,2.8519,-2.4588,0.5392,11.707,35.12,4.101,7.61,0.539,0.147,296.7,704028.03,5145458.31,704033.95,5145447.53,704043.82,5145426.94,1121.96,,0,
kprcnn-nojitter-v1,Yakima-Toppenish_03_20260614,Yakima (arid),trained,1,1,3630,3510,1,0.62849,3633.5,3536.08,3643.4,3552.32,9.9,16.24,160.71,3636.3,3539.23,3638.28,3542.87,3641.25,3549.17,0.9751,2.4914,-1.3926,0.6913,11.106,33.32,4.148,6.962,0.596,0.148,296.5,704028.91,5145458.32,704034.85,5145447.38,704043.76,5145428.49,1121.34,,0,
kprcnn-nojitter-v1,Yakima-Toppenish_03_20260614,Yakima (arid),trained,1,1,3660,3510,1,0.77774,3673.07,3534.25,3690.25,3547.48,17.18,13.23,227.28,3687.11,3537.39,3681.5,3540.7,3675.88,3543.02,-4.2669,2.9702,-0.4473,-0.5813,12.56,37.68,6.517,6.074,1.073,0.444,206.6,704181.33,5145463.82,704164.49,5145453.9,704147.64,5145446.95,1061.15,,0,
kprcnn-nojitter-v1,Yakima-Toppenish_03_20260614,Yakima (arid),trained,1,1,3600,3540,1,0.12255,3633.48,3540.0,3643.73,3551.9,10.25,11.9,122.06,3636.95,3540.83,3638.27,3543.14,3641.58,3549.42,-0.6866,1.5361,-0.488,0.1205,9.765,29.3,2.666,7.1,0.375,0.067,298.3,704030.85,5145453.52,704034.82,5145446.58,704044.74,5145427.73,1120.69,,0,
kprcnn-nojitter-v1,Yakima-Toppenish_03_20260614,Yakima (arid),trained,1,1,3630,3540,1,0.68946,3652.42,3573.3,3663.39,3587.79,10.96,14.5,158.92,3655.25,3575.77,3657.24,3579.39,3660.56,3585.32,1.1019,2.8628,1.2912,1.752,10.934,32.8,4.136,6.798,0.608,0.02,299.1,704085.74,5145348.7,704091.72,5145337.83,704101.69,5145320.03,998.68,,0,
kprcnn-nojitter-v1,Yakima-Toppenish_03_20260614,Yakima (arid),trained,1,1,3630,3540,0,0.09623,3641.78,3554.11,3652.22,3566.18,10.43,12.07,125.98,3644.23,3554.6,3646.51,3558.84,3649.12,3564.06,-1.0122,0.9015,-0.1198,-0.0768,10.652,31.96,4.817,5.836,0.825,0.08,297.3,704052.69,5145412.2,704059.54,5145399.47,704067.36,5145383.81,1067.78,,0,
kprcnn-nojitter-v1,Yakima-Toppenish_03_20260614,Yakima (arid),trained,1,1,3630,3540,0,0.07106,3634.45,3540.0,3643.34,3549.47,8.89,9.47,84.23,3636.92,3540.82,3638.23,3543.1,3641.2,3548.66,-0.9517,1.1085,-2.2572,-0.7001,8.932,26.8,2.639,6.294,0.419,0.06,298.6,704030.75,5145453.55,704034.7,5145446.69,704043.59,5145430.03,1120.85,,0,
kprcnn-nojitter-v1,Yakima-Toppenish_03_20260614,Yakima (arid),trained,1,1,3660,3540,1,0.073,3660.42,3556.62,3674.03,3567.63,13.61,11.01,149.86,3661.58,3564.55,3667.89,3560.67,3661.25,3564.23,-3.3461,-1.0556,-4.9331,-3.1116,0.464,1.39,7.409,7.535,0.983,7.186,135.7,704104.75,5145382.34,704123.67,5145394.0,704103.75,5145383.32,1028.78,,0,
kprcnn-nojitter-v1,Yakima-Toppenish_03_20260614,Yakima (arid),trained,1,1,1770,3570,1,0.60405,1792.45,3608.27,1804.71,3618.0,12.26,9.73,119.24,1794.94,3610.38,1797.59,3613.62,1801.56,3616.22,1.2315,1.7357,0.2438,1.0703,8.83,26.49,4.188,4.747,0.882,0.681,318.6,698504.81,5145244.86,698512.76,5145235.13,698524.69,5145227.35,2961.14,,0,
kprcnn-nojitter-v1,Yakima-Toppenish_03_20260614,Yakima (arid),trained,1,1,1770,3570,0,0.08659,1798.39,3615.08,1803.99,3618.0,5.6,2.92,16.35,1802.18,3615.57,1799.87,3616.54,1801.52,3616.87,-8.5672,-9.8694,-0.3025,-6.2464,1.455,4.36,2.504,1.68,1.491,1.616,243.0,698526.54,5145229.29,698519.62,5145226.38,698524.56,5145225.4,2971.92,,0,
kprcnn-nojitter-v1,Yakima-Toppenish_03_20260614,Yakima (arid),trained,1,1,1770,3570,0,0.06252,1793.26,3613.62,1804.87,3618.0,11.61,4.38,50.87,1798.07,3613.78,1797.41,3614.71,1801.72,3616.59,-7.508,-2.4746,0.305,-3.2259,4.61,13.83,1.15,4.704,0.244,1.149,322.3,698514.21,5145234.67,698512.22,5145231.86,698525.16,5145226.22,2963.92,,0,
kprcnn-nojitter-v1,Yakima-Toppenish_03_20260614,Yakima (arid),trained,1,1,1800,3570,1,0.15832,1800.04,3614.55,1803.78,3618.0,3.74,3.45,12.91,1802.38,3615.65,1802.38,3617.53,1800.82,3616.59,-8.4251,-10.1374,0.3064,-6.0854,1.821,5.46,1.881,1.821,1.033,1.611,211.1,698527.13,5145229.05,698527.13,5145223.41,698522.45,5145226.23,2977.66,,0,
kprcnn-nojitter-v1,Yakima-Toppenish_03_20260614,Yakima (arid),trained,1,1,3630,3570,1,0.27308,3651.75,3571.06,3662.52,3587.88,10.77,16.83,181.15,3654.85,3574.52,3657.14,3579.14,3660.4,3585.08,0.8909,3.4929,-0.1426,1.4137,11.925,35.78,5.152,6.776,0.76,0.126,297.7,704084.56,5145352.44,704091.41,5145338.58,704101.2,5145320.77,999.47,,0,
kprcnn-nojitter-v1,Yakima-Toppenish_03_20260614,Yakima (arid),trained,1,1,3660,3570,1,0.99204,3675.99,3594.62,3686.6,3609.67,10.61,15.05,159.66,3684.45,3607.21,3681.8,3602.96,3679.14,3597.4,1.3559,3.5339,0.0329,1.6409,11.158,33.47,5.013,6.162,0.813,0.311,118.4,704173.34,5145254.36,704165.39,5145267.12,704157.43,5145283.81,899.03,,0,
kprcnn-nojitter-v1,Yakima-Toppenish_03_20260614,Yakima (arid),trained,1,1,3660,3570,0,0.05261,3660.32,3583.25,3665.65,3598.42,5.33,15.17,80.88,3665.15,3593.97,3663.49,3591.0,3661.49,3586.38,-6.1769,-4.3654,1.5824,-2.9866,8.425,25.28,3.404,5.032,0.676,0.209,115.8,704115.46,5145294.1,704110.46,5145303.01,704104.46,5145316.86,959.36,,0,
kprcnn-nojitter-v1,Yakima-Toppenish_03_20260614,Yakima (arid),trained,1,1,3690,3570,1,0.1183,3694.1,3594.32,3703.57,3602.97,9.47,8.66,81.98,3697.85,3600.81,3699.16,3598.14,3697.53,3601.14,-7.2504,1.1194,-5.5713,-3.9008,0.466,1.4,2.966,3.412,0.869,0.933,225.5,704213.56,5145273.58,704217.48,5145281.57,704212.58,5145272.58,884.38,,0,
kprcnn-nojitter-v1,Yakima-Toppenish_03_20260614,Yakima (arid),trained,1,1,1740,3600,1,0.06549,1771.0,3600.0,1788.0,3605.32,17.0,5.32,90.47,1785.22,3601.5,1779.66,3601.16,1785.22,3602.49,0.0069,0.2019,-6.4391,-2.0767,0.998,2.99,5.568,5.715,0.974,5.558,270.0,698475.66,5145271.51,698458.99,5145272.51,698475.66,5145268.52,2905.5,,0,
kprcnn-nojitter-v1,Yakima-Toppenish_03_20260614,Yakima (arid),trained,1,1,1770,3600,1,0.66076,1792.55,3606.91,1804.2,3621.19,11.65,14.28,166.29,1795.05,3610.4,1798.04,3613.72,1801.7,3617.04,0.5241,2.7164,0.0361,1.0922,9.402,28.21,4.472,4.942,0.905,0.235,315.1,698505.14,5145244.81,698514.12,5145234.85,698525.1,5145224.89,2961.95,,0,
kprcnn-nojitter-v1,Yakima-Toppenish_03_20260614,Yakima (arid),trained,1,1,1800,3600,1,0.14657,1800.07,3614.25,1804.51,3622.85,4.43,8.6,38.14,1802.77,3617.39,1803.08,3617.39,1801.18,3616.73,-9.1076,-9.0522,1.237,-5.6409,1.716,5.15,0.317,2.012,0.157,0.122,157.3,698528.3,5145223.83,698529.25,5145223.83,698523.55,5145225.81,2978.13,,0,
kprcnn-nojitter-v1,Yakima-Toppenish_03_20260614,Yakima (arid),trained,1,1,1800,3600,0,0.13277,1800.0,3613.58,1802.46,3618.96,2.46,5.38,13.25,1801.08,3615.32,1801.08,3615.01,1801.08,3616.91,-8.9723,-10.8627,0.4307,-6.4681,1.583,4.75,0.317,1.899,0.167,0.0,270.0,698523.23,5145230.03,698523.23,5145230.98,698523.23,5145225.28,2969.16,,0,
kprcnn-nojitter-v1,Yakima-Toppenish_03_20260614,Yakima (arid),trained,1,1,3660,3600,1,0.79303,3673.53,3613.8,3684.32,3629.96,10.79,16.16,174.44,3676.96,3616.93,3678.92,3620.89,3682.19,3626.83,2.4695,2.9626,0.3332,1.9218,11.194,33.58,4.418,6.778,0.652,0.116,297.9,704150.89,5145225.21,704156.77,5145213.33,704166.58,5145195.52,859.31,,0,
kprcnn-nojitter-v1,Yakima-Toppenish_03_20260614,Yakima (arid),trained,1,1,3660,3600,0,0.452,3677.2,3600.0,3687.36,3610.28,10.16,10.28,104.47,3684.58,3607.8,3681.95,3603.48,3679.99,3600.17,2.4603,2.5848,-4.5352,0.17,8.903,26.71,5.047,3.856,1.309,0.024,121.0,704173.73,5145252.61,704165.86,5145265.55,704159.96,5145275.5,897.45,,0,
kprcnn-nojitter-v1,Yakima-Toppenish_03_20260614,Yakima (arid),trained,1,1,3660,3600,0,0.16908,3667.56,3600.0,3676.42,3612.72,8.86,12.72,112.72,3669.36,3601.14,3671.33,3605.71,3673.96,3610.6,-0.4919,0.4783,-0.5654,-0.193,10.516,31.55,4.973,5.552,0.896,0.224,295.9,704128.08,5145272.58,704133.99,5145258.88,704141.87,5145244.2,909.67,,0,
kprcnn-nojitter-v1,Yakima-Toppenish_03_20260614,Yakima (arid),trained,1,1,3690,3600,1,0.43087,3702.65,3642.51,3720.06,3647.74,17.41,5.24,91.21,3705.44,3645.62,3711.68,3644.96,3716.94,3645.62,0.818,-4.6129,-3.4312,-2.4087,11.498,34.49,6.276,5.297,1.185,0.655,0.0,704236.33,5145139.15,704255.05,5145141.12,704270.82,5145139.15,744.56,,0,
kprcnn-nojitter-v1,Yakima-Toppenish_03_20260614,Yakima (arid),trained,1,1,3690,3600,0,0.08197,3690.0,3642.24,3706.57,3648.0,16.57,5.76,95.51,3703.76,3644.32,3698.78,3646.24,3692.82,3645.92,0.0774,-4.4688,-0.7183,-1.7032,11.054,33.16,5.33,5.975,0.892,1.181,188.3,704231.27,5145143.05,704216.35,5145137.28,704198.45,5145138.24,762.83,,0,
kprcnn-nojitter-v1,Yakima-Toppenish_03_20260614,Yakima (arid),trained,1,1,1830,3630,1,0.06745,1855.81,3670.33,1869.38,3678.0,13.57,7.67,104.17,1858.95,3673.36,1861.93,3675.92,1867.23,3675.92,0.8465,0.7403,-7.4704,-1.9612,8.663,25.99,3.927,5.297,0.741,1.564,342.8,698696.86,5145055.91,698705.79,5145048.24,698721.69,5145048.24,3211.47,,0,
kprcnn-nojitter-v1,Yakima-Toppenish_03_20260614,Yakima (arid),trained,1,1,1860,3630,1,0.06089,1860.01,3669.55,1862.6,3678.0,2.59,8.45,21.89,1860.49,3672.64,1861.79,3675.89,1862.44,3670.04,0.2259,-0.9609,-7.9355,-2.8902,3.246,9.74,3.499,5.887,0.594,2.983,53.2,698701.48,5145058.09,698705.37,5145048.34,698707.31,5145065.89,3211.19,,0,
kprcnn-nojitter-v1,Yakima-Toppenish_03_20260614,Yakima (arid),trained,1,1,3690,3630,1,0.0749,3704.86,3671.57,3722.98,3677.97,18.13,6.4,115.94,3719.85,3675.25,3715.57,3674.61,3707.99,3675.89,2.4658,-6.8266,1.8468,-0.838,11.882,35.65,4.332,7.687,0.564,0.869,183.1,704279.56,5145050.24,704266.7,5145052.16,704243.96,5145048.32,664.26,,0,
kprcnn-nojitter-v1,Yakima-Toppenish_03_20260614,Yakima (arid),trained,1,1,3720,3630,1,0.06134,3720.0,3671.58,3723.91,3678.0,3.91,6.42,25.07,3720.81,3675.91,3721.14,3674.31,3722.12,3676.56,1.4094,-5.9082,-6.8105,-3.7698,1.452,4.36,1.637,2.449,0.668,1.583,333.8,704282.44,5145048.26,704283.42,5145053.07,704286.35,5145046.33,655.41,,0,
kprcnn-nojitter-v1,Yakima-Toppenish_03_20260614,Yakima (arid),trained,1,1,1830,3660,1,0.23575,1856.31,3670.89,1868.9,3682.42,12.59,11.52,145.04,1859.46,3673.36,1862.44,3676.32,1866.41,3679.95,0.5705,1.5788,-0.7469,0.4675,9.578,28.73,4.203,5.377,0.782,0.102,316.6,698698.38,5145055.92,698707.32,5145047.03,698719.24,5145036.16,3213.22,,0,
kprcnn-nojitter-v1,Yakima-Toppenish_03_20260614,Yakima (arid),trained,1,1,3690,3660,1,0.27803,3709.83,3660.1,3728.72,3663.51,18.9,3.42,64.54,3712.98,3662.11,3718.94,3661.18,3725.57,3661.49,-1.0471,0.1025,0.1178,-0.2756,12.613,37.84,6.04,6.638,0.91,0.637,2.8,704258.93,5145089.66,704276.83,5145092.45,704296.72,5145091.52,691.84,,0,
kprcnn-nojitter-v1,Yakima-Toppenish_03_20260614,Yakima (arid),trained,1,1,3720,3660,1,0.0847,3720.09,3664.9,3725.21,3682.84,5.12,17.95,91.9,3721.21,3677.36,3723.13,3671.04,3722.81,3679.68,0.7003,-7.5886,-1.5027,-2.797,2.824,8.47,6.6,8.646,0.763,5.161,304.5,704283.63,5145043.93,704289.39,5145062.87,704288.43,5145036.95,660.21,,0,
kprcnn-nojitter-v1,Yakima-Toppenish_03_20260614,Yakima (arid),trained,1,1,3720,3690,1,0.4223,3752.09,3730.69,3767.95,3738.0,15.86,7.31,115.9,3752.58,3735.84,3760.18,3733.85,3765.14,3734.18,-0.5657,0.2855,-2.3973,-0.8925,12.664,37.99,7.856,4.967,1.582,0.979,7.5,704377.75,5144868.48,704400.55,5144874.46,704415.42,5144873.46,441.88,,0,
kprcnn-nojitter-v1,Yakima-Toppenish_03_20260614,Yakima (arid),trained,1,1,3750,3690,1,0.30764,3751.36,3729.47,3768.67,3738.0,17.32,8.53,147.66,3752.19,3735.54,3760.18,3733.9,3765.84,3733.57,-0.2261,0.3803,-0.9944,-0.2801,13.795,41.39,8.159,5.671,1.439,0.483,8.2,704376.57,5144869.38,704400.55,5144874.3,704417.53,5144875.28,441.75,,0,
kprcnn-nojitter-v1,Yakima-Toppenish_03_20260614,Yakima (arid),trained,1,1,3720,3720,1,0.43541,3757.21,3745.62,3768.0,3761.53,10.79,15.92,171.77,3765.55,3758.38,3762.93,3754.74,3759.66,3749.1,2.2476,1.7345,-0.4431,1.1797,10.994,32.98,4.489,6.517,0.689,0.256,122.4,704416.64,5144800.85,704408.79,5144811.79,704398.98,5144828.7,386.88,,0,
kprcnn-nojitter-v1,Yakima-Toppenish_03_20260614,Yakima (arid),trained,1,1,3720,3720,0,0.06089,3753.37,3730.22,3767.77,3740.44,14.4,10.23,147.31,3754.52,3739.62,3760.41,3733.68,3765.32,3734.34,-5.181,0.4772,-1.6234,-2.1091,12.023,36.07,8.366,4.954,1.689,2.749,26.0,704383.55,5144857.14,704401.23,5144874.96,704415.96,5144872.98,441.9,,0,
kprcnn-nojitter-v1,Yakima-Toppenish_03_20260614,Yakima (arid),trained,1,1,3750,3720,1,0.84898,3758.56,3749.74,3768.02,3760.23,9.45,10.49,99.18,3765.25,3758.1,3763.29,3755.15,3760.36,3750.23,1.5608,1.6014,-1.6701,0.4974,9.264,27.79,3.54,5.726,0.618,0.104,121.9,704415.74,5144801.7,704409.87,5144810.55,704401.07,5144825.3,385.23,,0,
kprcnn-nojitter-v1,Yakima-Toppenish_03_20260614,Yakima (arid),trained,1,1,3750,3720,0,0.22668,3752.79,3731.0,3767.84,3739.89,15.05,8.89,133.88,3752.95,3736.43,3760.48,3734.13,3765.39,3734.46,-4.7514,-1.009,-1.8999,-2.5534,12.592,37.78,7.872,4.92,1.6,1.096,9.0,704378.86,5144866.7,704401.44,5144873.62,704416.17,5144872.63,440.68,,0,
kprcnn-nojitter-v1,Yakima-Toppenish_03_20260614,Yakima (arid),trained,1,1,1920,3750,1,0.06432,1926.35,3750.0,1940.13,3757.31,13.78,7.31,100.71,1938.98,3750.83,1933.07,3751.83,1938.98,3750.83,-5.8269,-0.223,-5.1076,-3.7192,0.0,0.0,5.99,5.99,1.0,0.0,0.0,698936.94,5144823.51,698919.22,5144820.52,698936.94,5144823.51,3510.18,,0,
kprcnn-nojitter-v1,Yakima-Toppenish_03_20260614,Yakima (arid),trained,1,1,1950,3750,1,0.08147,1990.35,3769.25,1998.0,3784.92,7.65,15.68,119.98,1995.84,3771.7,1993.17,3775.94,1994.17,3782.15,-5.3807,-3.8071,1.4729,-2.5716,10.582,31.75,5.011,6.285,0.797,1.962,261.0,699107.51,5144760.91,699099.52,5144748.17,699102.52,5144729.56,3658.85,,0,
kprcnn-nojitter-v1,Yakima-Toppenish_03_20260614,Yakima (arid),trained,1,1,1950,3750,0,0.06218,1991.23,3779.0,1998.0,3785.72,6.77,6.72,45.47,1995.91,3782.36,1996.23,3783.96,1993.97,3781.72,-7.552,-6.7006,0.0379,-4.7382,2.037,6.11,1.632,3.179,0.513,1.417,161.7,699107.72,5144728.92,699108.68,5144724.12,699101.91,5144730.84,3684.33,,0,
kprcnn-nojitter-v1,Yakima-Toppenish_03_20260614,Yakima (arid),trained,1,1,3720,3750,1,0.52876,3759.33,3750.0,3767.77,3760.67,8.44,10.67,90.1,3765.34,3758.57,3763.39,3755.34,3760.79,3750.81,1.6883,0.5822,-1.5835,0.229,8.995,26.99,3.776,5.22,0.723,0.047,120.4,704416.01,5144800.29,704410.17,5144809.99,704402.38,5144823.57,384.61,,0,
kprcnn-nojitter-v1,Yakima-Toppenish_03_20260614,Yakima (arid),trained,1,1,3750,3750,1,0.36374,3757.56,3750.0,3767.55,3761.79,9.99,11.79,117.84,3765.38,3758.68,3763.05,3755.08,3760.39,3750.82,1.3017,0.5368,-1.3446,0.1646,9.316,27.95,4.292,5.024,0.854,0.035,122.4,704416.15,5144799.95,704409.16,5144810.77,704401.16,5144823.54,385.85,,0,
kprcnn-nojitter-v1,Yakima-Toppenish_03_20260614,Yakima (arid),trained,1,1,3750,3750,0,0.05566,3757.72,3750.0,3765.33,3757.02,7.61,7.02,53.46,3764.5,3756.86,3762.85,3754.95,3760.53,3751.12,-1.8408,-1.7607,-0.4586,-1.3534,6.984,20.95,2.531,4.476,0.565,0.272,124.7,704413.51,5144805.42,704408.55,5144811.16,704401.59,5144822.65,386.55,,0,
kprcnn-nojitter-v1,Yakima-Toppenish_03_20260614,Yakima (arid),trained,1,1,3780,3750,1,0.07575,3780.02,3777.76,3782.33,3788.24,2.31,10.48,24.19,3780.84,3782.18,3781.5,3781.53,3782.16,3785.13,0.7397,-7.0706,-6.5894,-4.3068,3.23,9.69,0.93,3.663,0.254,0.87,294.1,704462.53,5144729.45,704464.5,5144731.42,704466.48,5144720.61,289.49,,0,
kprcnn-nojitter-v1,Yakima-Toppenish_03_20260614,Yakima (arid),trained,1,1,3780,3750,0,0.05254,3788.57,3791.05,3799.53,3798.0,10.96,6.95,76.19,3790.73,3795.85,3796.05,3795.85,3788.74,3792.21,2.0885,-4.4087,-5.0381,-2.4528,4.151,12.45,5.314,8.164,0.651,4.662,118.7,704492.2,5144688.45,704508.14,5144688.45,704486.22,5144699.38,228.51,,0,
kprcnn-nojitter-v1,Yakima-Toppenish_03_20260614,Yakima (arid),trained,1,1,1920,3780,1,0.06751,1959.79,3780.0,1968.0,3790.14,8.21,10.14,83.27,1966.19,3780.16,1964.88,3785.07,1965.54,3780.16,-2.9516,0.677,-6.5093,-2.9279,0.657,1.97,5.079,4.95,1.026,4.906,180.0,699018.58,5144735.51,699014.64,5144720.79,699016.61,5144735.51,3642.61,,0,
kprcnn-nojitter-v1,Yakima-Toppenish_03_20260614,Yakima (arid),trained,1,1,1950,3780,1,0.20078,1987.92,3780.0,1998.0,3784.87,10.08,4.87,49.09,1996.54,3781.46,1989.38,3781.46,1993.94,3781.14,-7.8817,-4.8528,0.7264,-4.0027,2.621,7.86,7.153,4.563,1.567,0.886,172.9,699109.61,5144731.62,699088.15,5144731.62,699101.81,5144732.59,3667.84,,0,
kprcnn-nojitter-v1,Yakima-Toppenish_03_20260614,Yakima (arid),trained,1,1,1950,3780,0,0.1417,1993.11,3780.01,1998.0,3784.88,4.89,4.88,23.84,1996.53,3780.82,1995.88,3784.4,1993.93,3781.47,-6.4806,-7.9847,0.4675,-4.6659,2.686,8.06,3.637,3.52,1.033,3.314,194.0,699109.6,5144733.55,699107.65,5144722.81,699101.78,5144731.59,3684.97,,0,
kprcnn-nojitter-v1,Yakima-Toppenish_03_20260614,Yakima (arid),trained,1,1,1950,3780,0,0.08253,1991.89,3780.06,1997.97,3787.99,6.09,7.93,48.3,1996.53,3781.21,1995.89,3784.52,1994.29,3781.55,-7.4187,-5.1141,1.3726,-3.7201,2.267,6.8,3.367,3.379,0.997,3.177,188.4,699109.6,5144732.36,699107.68,5144722.44,699102.87,5144731.36,3685.31,,0,
kprcnn-nojitter-v1,Yakima-Toppenish_03_20260614,Yakima (arid),trained,1,1,1980,3780,1,0.238,1988.6,3780.0,1999.37,3783.92,10.77,3.92,42.22,1997.25,3781.47,1989.74,3781.14,1994.31,3781.14,-8.2614,-8.5307,0.7961,-5.332,2.955,8.87,7.513,4.569,1.644,0.505,173.7,699111.74,5144731.59,699089.22,5144732.57,699102.93,5144732.57,3667.52,,0,
kprcnn-nojitter-v1,Yakima-Toppenish_03_20260614,Yakima (arid),trained,1,1,3750,3780,1,0.1893,3772.27,3789.76,3783.23,3803.5,10.96,13.74,150.54,3775.09,3792.21,3777.75,3796.46,3781.4,3800.72,0.1331,1.0537,-5.4933,-1.4355,10.589,31.77,5.014,5.606,0.894,0.4,306.6,704445.27,5144699.36,704453.24,5144686.61,704464.2,5144673.85,265.6,,0,
kprcnn-nojitter-v1,Yakima-Toppenish_03_20260614,Yakima (arid),trained,1,1,3750,3780,0,0.0722,3776.94,3780.0,3784.09,3785.28,7.14,5.28,37.72,3782.63,3784.12,3780.68,3782.14,3779.38,3780.82,-0.5628,-6.8205,-4.2936,-3.8923,4.629,13.89,2.778,1.852,1.5,0.0,134.6,704467.88,5144723.63,704462.04,5144729.57,704458.14,5144733.53,289.71,,0,
kprcnn-nojitter-v1,Yakima-Toppenish_03_20260614,Yakima (arid),trained,1,1,3780,3780,1,0.1751,3780.06,3780.0,3783.87,3786.62,3.81,6.62,25.18,3780.86,3781.49,3782.12,3782.15,3783.08,3785.46,0.1332,-5.6377,-5.0446,-3.5164,4.548,13.64,1.431,3.442,0.416,0.784,299.2,704462.57,5144731.53,704466.37,5144729.55,704469.23,5144719.63,286.85,,0,
kprcnn-nojitter-v1,Yakima-Toppenish_03_20260614,Yakima (arid),trained,1,1,3780,3780,0,0.05123,3780.0,3780.1,3783.07,3783.03,3.07,2.93,9.0,3780.77,3781.56,3781.69,3782.22,3780.46,3780.91,-0.453,-6.2596,-7.9696,-4.8941,0.72,2.16,1.128,1.791,0.63,0.556,115.2,704462.3,5144731.31,704465.07,5144729.35,704461.38,5144733.26,287.56,,0,
kprcnn-nojitter-v1,Yakima-Toppenish_03_20260614,Yakima (arid),trained,1,1,3810,3780,1,0.06294,3810.07,3804.47,3813.02,3822.67,2.95,18.2,53.72,3811.22,3819.85,3810.89,3813.57,3811.54,3806.62,-1.1047,-0.6766,-1.93,-1.2371,13.238,39.71,6.295,6.979,0.902,0.484,88.6,704553.65,5144616.44,704552.66,5144635.3,704554.63,5144656.14,159.17,,0,
kprcnn-nojitter-v1,Yakima-Toppenish_03_20260614,Yakima (arid),trained,1,1,3810,3810,1,0.97927,3835.12,3845.87,3849.57,3858.0,14.46,12.13,175.37,3846.45,3855.87,3843.17,3853.57,3837.91,3848.33,0.5099,2.4783,1.5825,1.5236,11.395,34.18,4.008,7.427,0.54,0.454,138.6,704659.36,5144508.39,704649.51,5144515.28,704633.74,5144531.02,5.09,15,1,2.127
kprcnn-nojitter-v1,Yakima-Toppenish_03_20260614,Yakima (arid),trained,1,1,3810,3810,0,0.0825,3837.99,3854.12,3847.45,3858.0,9.47,3.88,36.77,3845.98,3856.22,3844.02,3854.93,3845.98,3857.19,0.9321,-0.3386,-7.9445,-2.4503,0.971,2.91,2.348,2.995,0.784,1.959,270.0,704657.95,5144507.34,704652.07,5144511.22,704657.95,5144504.43,1.71,15,1,4.861
kprcnn-nojitter-v1,Yakima-Toppenish_03_20260614,Yakima (arid),trained,1,1,3810,3810,0,0.06871,3824.23,3825.13,3838.11,3838.43,13.88,13.3,184.68,3826.05,3836.27,3830.67,3832.28,3834.97,3827.95,-4.1567,-2.646,1.1388,-1.888,12.197,36.59,6.111,6.096,1.002,0.234,43.0,704598.14,5144567.19,704612.02,5144579.17,704624.9,5144592.14,78.83,,0,
kprcnn-nojitter-v1,Yakima-Toppenish_03_20260614,Yakima (arid),trained,1,1,3810,3810,0,0.06724,3832.0,3824.56,3844.25,3833.78,12.25,9.21,112.84,3837.46,3828.02,3839.78,3829.01,3834.15,3828.02,-8.9331,-3.259,2.2944,-3.2992,3.31,9.93,2.519,5.713,0.441,0.987,180.0,704632.38,5144591.94,704639.33,5144588.98,704622.45,5144591.94,78.13,,0,
kprcnn-nojitter-v1,Yakima-Toppenish_03_20260614,Yakima (arid),trained,1,1,3810,3810,0,0.0665,3842.53,3855.04,3849.57,3858.0,7.04,2.96,20.85,3846.85,3856.52,3844.29,3855.2,3846.21,3857.51,0.7498,-3.4784,-8.5595,-3.7627,1.176,3.53,2.879,2.998,0.96,2.864,237.0,704660.55,5144506.44,704652.87,5144510.39,704658.63,5144503.48,1.87,15,1,4.736
kprcnn-nojitter-v1,Yakima-Toppenish_03_20260614,Yakima (arid),trained,1,1,3810,3810,0,0.0569,3810.0,3810.0,3814.98,3824.7,4.98,14.7,73.13,3811.16,3820.62,3810.83,3814.08,3812.49,3822.25,-2.5595,-2.4424,-2.8114,-2.6045,2.104,6.31,6.541,8.333,0.785,3.862,309.1,704553.48,5144614.15,704552.49,5144633.75,704557.46,5144609.25,158.09,,0,
kprcnn-nojitter-v1,Yakima-Toppenish_03_20260614,Yakima (arid),trained,1,1,3810,3810,0,0.05424,3810.06,3813.01,3812.82,3824.32,2.76,11.31,31.15,3811.13,3819.83,3810.83,3814.17,3812.05,3822.16,-1.5679,-4.3586,-2.6046,-2.8437,2.502,7.51,5.661,8.074,0.701,1.79,291.5,704553.4,5144616.52,704552.49,5144633.48,704556.16,5144609.53,157.88,,0,
kprcnn-nojitter-v1,Yakima-Toppenish_03_20260614,Yakima (arid),trained,1,1,3840,3810,1,0.61914,3840.0,3848.04,3850.08,3858.0,10.08,9.96,100.44,3846.67,3856.17,3844.07,3854.18,3840.49,3850.86,1.9266,2.469,-2.3188,0.6923,8.15,24.45,3.277,4.881,0.671,0.186,139.3,704660.0,5144507.48,704652.2,5144513.46,704641.46,5144523.42,1.86,15,1,1.94
kprcnn-nojitter-v1,Yakima-Toppenish_03_20260614,Yakima (arid),trained,1,1,3840,3810,0,0.19557,3841.44,3854.38,3849.66,3858.0,8.22,3.62,29.74,3846.54,3856.19,3843.91,3854.88,3846.21,3857.18,1.3213,-1.9544,-8.177,-2.9367,1.04,3.12,2.941,3.255,0.903,2.911,251.6,704659.61,5144507.43,704651.72,5144511.37,704658.62,5144504.47,1.95,15,1,4.814
kprcnn-nojitter-v1,Yakima-Toppenish_03_20260614,Yakima (arid),trained,1,1,3840,3810,0,0.07677,3840.0,3852.36,3848.13,3858.0,8.13,5.64,45.86,3846.66,3855.84,3843.74,3853.85,3841.14,3852.52,1.9335,1.0068,-5.1349,-0.7315,6.447,19.34,3.539,2.92,1.212,0.201,149.0,704659.99,5144508.47,704651.22,5144514.45,704643.41,5144518.43,3.25,15,1,2.757
kprcnn-nojitter-v1,Yakima-Toppenish_03_20260614,Yakima (arid),trained,1,1,3840,3810,0,0.07656,3840.03,3848.42,3842.46,3857.75,2.43,9.32,22.65,3842.01,3851.92,3842.31,3853.58,3840.49,3850.92,-7.4014,-3.8685,-1.7278,-4.3326,1.818,5.45,1.692,3.227,0.524,1.224,146.7,704646.02,5144520.24,704646.93,5144515.25,704641.46,5144523.24,7.28,15,1,4.651
kprcnn-nojitter-v1,Yakima-Toppenish_03_20260614,Yakima (arid),trained,1,1,2070,3840,1,0.05145,2072.01,3880.95,2096.06,3888.0,24.05,7.05,169.44,2078.77,3885.6,2086.34,3884.32,2076.79,3884.0,-0.2082,-4.0052,-6.2047,-3.4727,2.544,7.63,7.685,9.559,0.804,5.765,141.0,699356.3,5144419.21,699379.03,5144423.05,699350.37,5144424.01,4079.72,,0,
kprcnn-nojitter-v1,Yakima-Toppenish_03_20260614,Yakima (arid),trained,1,1,3810,3840,1,0.91004,3834.88,3845.9,3849.96,3859.45,15.08,13.55,204.35,3847.17,3856.97,3843.24,3853.67,3838.0,3848.71,0.2737,3.2564,1.2099,1.58,12.35,37.05,5.138,7.217,0.712,0.175,138.0,704661.52,5144505.08,704649.72,5144515.0,704633.99,5144529.87,4.74,15,1,1.557
kprcnn-nojitter-v1,Yakima-Toppenish_03_20260614,Yakima (arid),trained,1,1,3810,3840,0,0.52307,3839.74,3866.87,3854.98,3877.19,15.24,10.32,157.27,3844.21,3869.03,3847.19,3871.7,3852.49,3876.36,0.62,1.5999,-1.3402,0.2932,11.056,33.17,3.998,7.058,0.566,0.02,318.5,704652.63,5144468.9,704661.58,5144460.91,704677.48,5144446.93,51.87,,0,
kprcnn-nojitter-v1,Yakima-Toppenish_03_20260614,Yakima (arid),trained,1,1,3810,3840,0,0.1151,3833.39,3857.34,3846.41,3872.42,13.01,15.08,196.23,3843.97,3868.97,3839.41,3864.38,3834.53,3860.45,-0.1377,-0.2581,-5.1623,-1.8527,12.714,38.14,6.466,6.268,1.032,0.352,137.9,704651.9,5144469.08,704638.24,5144482.85,704623.6,5144494.65,33.04,,0,
kprcnn-nojitter-v1,Yakima-Toppenish_03_20260614,Yakima (arid),trained,1,1,3840,3840,1,0.72734,3840.0,3847.2,3850.35,3861.0,10.35,13.79,142.83,3847.93,3858.21,3844.04,3853.94,3840.49,3850.98,0.991,3.0177,-2.6544,0.4514,10.373,31.12,5.771,4.627,1.247,0.359,135.8,704663.78,5144501.38,704652.13,5144514.19,704641.46,5144523.06,2.47,15,1,1.261
kprcnn-nojitter-v1,Yakima-Toppenish_03_20260614,Yakima (arid),trained,1,1,3840,3840,0,0.39189,3856.93,3881.37,3875.5,3888.0,18.58,6.63,123.14,3860.74,3883.86,3865.39,3885.85,3875.34,3881.54,2.2005,1.6253,-7.2648,-1.1463,14.779,44.34,5.052,10.844,0.466,2.693,9.0,704702.23,5144424.43,704716.16,5144418.46,704746.01,5144431.39,7.7,14,1,5.144
kprcnn-nojitter-v1,Yakima-Toppenish_03_20260614,Yakima (arid),trained,1,1,3840,3840,0,0.1873,3840.47,3865.44,3853.92,3878.42,13.45,12.98,174.53,3844.24,3869.27,3847.19,3871.93,3853.09,3876.25,-0.1041,1.3998,-1.7242,-0.1428,11.281,33.84,3.975,7.32,0.543,0.261,321.7,704652.71,5144468.2,704661.57,5144460.22,704679.28,5144447.24,52.55,,0,
kprcnn-nojitter-v1,Yakima-Toppenish_03_20260614,Yakima (arid),trained,1,1,3840,3840,0,0.16815,3840.43,3854.83,3850.96,3860.36,10.53,5.53,58.24,3849.15,3858.9,3844.55,3855.32,3849.48,3859.55,0.8431,-2.6948,-8.4653,-3.439,0.729,2.19,5.834,6.5,0.897,2.496,296.8,704667.46,5144499.3,704653.64,5144510.04,704668.45,5144497.35,2.11,15,1,5.416
kprcnn-nojitter-v1,Yakima-Toppenish_03_20260614,Yakima (arid),trained,1,1,3840,3840,0,0.06025,3882.78,3884.92,3888.0,3888.0,5.22,3.08,16.04,3883.6,3886.31,3883.27,3886.31,3885.88,3886.92,-1.3548,-7.7226,-2.8468,-3.9748,2.363,7.09,0.326,2.68,0.122,0.085,344.9,704770.8,5144417.07,704769.82,5144417.07,704777.64,5144415.23,35.66,,0,
kprcnn-nojitter-v1,Yakima-Toppenish_03_20260614,Yakima (arid),trained,1,1,3840,3840,0,0.05022,3840.12,3840.0,3843.54,3854.05,3.42,14.05,48.0,3842.14,3840.16,3841.21,3841.47,3840.9,3850.95,-5.4405,-2.0622,-1.7737,-3.0921,10.856,32.57,1.605,9.483,0.169,0.776,263.4,704646.42,5144555.51,704643.62,5144551.59,704642.69,5144523.16,40.66,,0,
kprcnn-nojitter-v1,Yakima-Toppenish_03_20260614,Yakima (arid),trained,1,1,3870,3840,1,0.09417,3910.89,3868.43,3918.0,3882.58,7.11,14.15,100.64,3915.58,3878.47,3915.58,3874.19,3913.96,3878.47,-1.3571,0.4729,-6.6935,-2.5259,1.616,4.85,4.279,4.574,0.935,4.279,180.0,704866.73,5144440.59,704866.73,5144453.43,704861.88,5144440.59,87.67,,0,
kprcnn-nojitter-v1,Yakima-Toppenish_03_20260614,Yakima (arid),trained,1,1,2040,3870,1,0.10855,2071.81,3885.04,2083.54,3901.92,11.73,16.88,198.07,2076.86,3889.84,2078.17,3892.49,2083.05,3895.8,-1.6709,0.2205,-2.1905,-1.2136,8.593,25.78,2.952,5.904,0.5,1.004,316.1,699350.58,5144406.48,699354.5,5144398.54,699369.16,5144388.61,4088.66,,0,
kprcnn-nojitter-v1,Yakima-Toppenish_03_20260614,Yakima (arid),trained,1,1,2070,3870,1,0.73889,2093.93,3905.56,2104.01,3918.0,10.08,12.44,125.41,2097.02,3908.02,2098.97,3912.27,2101.9,3915.55,-0.812,1.1226,-0.256,0.0182,8.971,26.91,4.681,4.391,1.066,0.676,302.9,699411.05,5144351.95,699416.91,5144339.18,699425.69,5144329.36,4171.26,,0,
kprcnn-nojitter-v1,Yakima-Toppenish_03_20260614,Yakima (arid),trained,1,1,2070,3870,0,0.08708,2072.03,3884.29,2081.67,3899.03,9.64,14.74,142.13,2076.85,3890.02,2078.18,3892.32,2081.51,3895.59,-1.1167,-1.2697,-4.9156,-2.434,7.258,21.77,2.65,4.667,0.568,0.45,309.9,699350.55,5144405.93,699354.54,5144399.05,699364.52,5144389.23,4088.23,,0,
kprcnn-nojitter-v1,Yakima-Toppenish_03_20260614,Yakima (arid),trained,1,1,2070,3870,0,0.07709,2091.49,3910.93,2107.03,3917.67,15.54,6.74,104.77,2096.94,3911.09,2098.93,3912.69,2102.24,3915.58,-3.346,0.0745,0.1868,-1.0282,6.942,20.83,2.552,4.391,0.581,0.061,319.7,699410.83,5144342.73,699416.79,5144337.92,699426.71,5144329.25,4172.29,,0,
kprcnn-nojitter-v1,Yakima-Toppenish_03_20260614,Yakima (arid),trained,1,1,2100,3870,1,0.05035,2100.27,3913.1,2108.95,3917.8,8.68,4.7,40.77,2107.5,3915.77,2105.9,3916.08,2101.72,3915.45,-0.3616,-6.2737,0.415,-2.0734,5.796,17.39,1.638,4.226,0.388,0.399,176.9,699442.51,5144328.7,699437.69,5144327.77,699425.15,5144329.64,4191.58,,0,
kprcnn-nojitter-v1,Yakima-Toppenish_03_20260614,Yakima (arid),trained,1,1,3810,3870,1,0.11444,3850.72,3870.0,3858.0,3879.16,7.28,9.16,66.71,3856.51,3878.35,3855.52,3871.15,3853.2,3876.38,-7.2027,-6.4303,0.8649,-4.256,3.848,11.54,7.268,5.726,1.269,5.685,149.3,704689.53,5144440.96,704686.55,5144462.56,704679.6,5144446.86,59.58,,0,
kprcnn-nojitter-v1,Yakima-Toppenish_03_20260614,Yakima (arid),trained,1,1,3840,3870,1,0.94758,3858.31,3881.1,3874.67,3893.88,16.36,12.79,209.17,3861.75,3884.21,3866.0,3887.16,3871.23,3891.1,2.2354,5.0089,1.1685,2.8043,11.723,35.17,5.176,6.548,0.791,0.11,324.0,704705.24,5144423.36,704718.0,5144414.51,704733.7,5144402.71,3.72,14,1,1.199
kprcnn-nojitter-v1,Yakima-Toppenish_03_20260614,Yakima (arid),trained,1,1,3840,3870,0,0.43179,3867.8,3888.24,3881.57,3898.99,13.77,10.75,148.07,3881.41,3898.82,3875.5,3893.94,3870.58,3891.0,-7.7708,1.9439,1.5305,-1.4321,13.35,40.05,7.663,5.726,1.338,0.504,144.1,704764.22,5144379.53,704746.51,5144394.19,704731.75,5144402.99,31.31,,0,
kprcnn-nojitter-v1,Yakima-Toppenish_03_20260614,Yakima (arid),trained,1,1,3840,3870,0,0.11952,3875.87,3881.82,3888.0,3890.77,12.13,8.95,108.55,3879.64,3883.64,3881.93,3885.63,3885.87,3887.95,-3.134,-1.9771,1.2778,-1.2778,7.574,22.72,3.037,4.567,0.665,0.33,325.3,704758.92,5144425.07,704765.8,5144419.1,704777.61,5144412.14,40.13,,0,
kprcnn-nojitter-v1,Yakima-Toppenish_03_20260614,Yakima (arid),trained,1,1,3840,3870,0,0.11778,3842.0,3870.0,3856.62,3878.78,14.62,8.78,128.35,3845.49,3870.49,3847.82,3871.79,3853.47,3876.66,-1.692,-2.8032,-0.0316,-1.5089,10.088,30.26,2.665,7.463,0.357,0.396,322.2,704656.47,5144464.54,704663.45,5144460.64,704680.4,5144446.01,52.46,,0,
kprcnn-nojitter-v1,Yakima-Toppenish_03_20260614,Yakima (arid),trained,1,1,3840,3870,0,0.09608,3879.24,3885.63,3888.0,3900.99,8.76,15.36,134.46,3886.22,3900.82,3884.59,3894.29,3885.89,3888.73,-5.5967,-7.0654,1.5931,-3.6897,12.093,36.28,6.733,5.704,1.18,1.446,91.5,704778.65,5144373.53,704773.78,5144393.13,704777.68,5144409.8,25.99,,0,
kprcnn-nojitter-v1,Yakima-Toppenish_03_20260614,Yakima (arid),trained,1,1,3870,3870,1,0.99663,3884.08,3886.23,3899.57,3897.22,15.49,10.99,170.25,3896.11,3895.06,3891.83,3892.39,3886.88,3889.06,2.2512,3.8474,1.886,2.6615,11.003,33.01,5.045,5.96,0.846,0.1,147.0,704808.33,5144390.83,704795.48,5144398.82,704780.65,5144408.82,4.28,13,1,1.167
kprcnn-nojitter-v1,Yakima-Toppenish_03_20260614,Yakima (arid),trained,1,1,3870,3870,0,0.97222,3870.0,3888.36,3883.79,3899.26,13.79,10.9,150.33,3882.31,3898.11,3875.75,3894.14,3881.0,3897.12,-9.5263,1.5954,0.8325,-2.3661,1.645,4.94,7.671,6.037,1.271,0.791,143.0,704766.94,5144381.68,704747.24,5144393.57,704763.0,5144384.65,32.27,,0,
kprcnn-nojitter-v1,Yakima-Toppenish_03_20260614,Yakima (arid),trained,1,1,3870,3870,0,0.4903,3911.06,3903.6,3918.0,3917.0,6.94,13.4,93.04,3916.51,3911.93,3916.18,3911.61,3912.88,3906.05,-8.8666,-1.8767,3.5328,-2.4035,6.916,20.75,0.465,6.465,0.072,0.109,121.7,704869.54,5144340.2,704868.54,5144341.18,704858.63,5144357.85,13.17,12,1,5.129
kprcnn-nojitter-v1,Yakima-Toppenish_03_20260614,Yakima (arid),trained,1,1,3870,3870,0,0.12278,3870.0,3888.25,3876.63,3898.73,6.63,10.47,69.45,3876.46,3894.31,3875.14,3893.98,3871.16,3891.03,-7.4385,-1.1421,1.5545,-2.342,6.233,18.7,1.366,4.95,0.276,0.418,148.3,704749.39,5144393.08,704745.42,5144394.06,704733.48,5144402.9,30.52,,0,
kprcnn-nojitter-v1,Yakima-Toppenish_03_20260614,Yakima (arid),trained,1,1,3870,3870,0,0.11614,3904.28,3870.0,3918.0,3880.92,13.72,10.92,149.87,3907.71,3870.83,3915.55,3874.14,3914.9,3878.77,-0.1718,-0.7118,-6.3644,-2.416,10.713,32.14,8.511,4.68,1.819,3.593,312.1,704843.13,5144463.52,704866.65,5144453.59,704864.69,5144439.69,87.71,,0,
kprcnn-nojitter-v1,Yakima-Toppenish_03_20260614,Yakima (arid),trained,1,1,3870,3870,0,0.1067,3911.44,3872.01,3918.0,3881.17,6.56,9.16,60.06,3915.87,3878.39,3915.54,3874.14,3914.23,3879.04,-1.7659,-0.04,-6.5515,-2.7858,1.765,5.29,4.266,5.08,0.84,4.071,201.8,704867.61,5144440.83,704866.62,5144453.59,704862.69,5144438.87,87.69,,0,
kprcnn-nojitter-v1,Yakima-Toppenish_03_20260614,Yakima (arid),trained,1,1,3870,3870,0,0.06864,3870.06,3870.0,3872.85,3880.07,2.79,10.07,28.07,3871.15,3876.01,3871.15,3870.81,3870.53,3876.99,-4.0074,-8.5895,-3.1096,-5.2355,1.155,3.46,5.199,6.205,0.838,2.788,237.6,704733.44,5144447.97,704733.44,5144463.56,704731.58,5144445.04,52.34,,0,
kprcnn-nojitter-v1,Yakima-Toppenish_03_20260614,Yakima (arid),trained,1,1,3870,3870,0,0.0505,3910.46,3901.3,3918.0,3910.01,7.54,8.71,65.62,3916.53,3907.59,3915.87,3909.85,3911.94,3905.98,-9.1333,-8.7984,1.7755,-5.3854,4.863,14.59,2.35,5.517,0.426,2.347,160.6,704869.58,5144353.23,704867.61,5144346.46,704855.81,5144358.07,14.72,12,1,6.235
kprcnn-nojitter-v1,Yakima-Toppenish_03_20260614,Yakima (arid),trained,1,1,3900,3870,1,0.99556,3909.05,3903.93,3928.23,3917.77,19.19,13.85,265.69,3924.76,3913.98,3920.13,3911.01,3913.18,3906.73,3.067,7.9633,2.1291,4.3865,13.662,40.99,5.5,8.163,0.674,0.056,147.9,704894.28,5144334.05,704880.39,5144342.96,704859.55,5144355.81,1.54,12,1,0.813
kprcnn-nojitter-v1,Yakima-Toppenish_03_20260614,Yakima (arid),trained,1,1,3900,3870,0,0.25904,3912.96,3910.86,3929.64,3917.86,16.68,7.0,116.7,3924.9,3914.02,3919.99,3911.69,3925.22,3915.69,3.6001,1.5574,-9.3264,-1.3896,1.697,5.09,5.433,6.586,0.825,4.366,281.1,704894.69,5144333.93,704879.96,5144340.92,704895.67,5144328.93,2.1,12,1,4.985
kprcnn-nojitter-v1,Yakima-Toppenish_03_20260614,Yakima (arid),trained,1,1,3900,3870,0,0.13472,3904.35,3870.0,3923.73,3878.22,19.38,8.22,159.32,3907.8,3870.82,3916.01,3873.78,3907.14,3870.16,-0.4009,0.6365,-7.5083,-2.4243,0.93,2.79,8.728,9.578,0.911,3.718,135.0,704843.39,5144463.53,704868.02,5144454.65,704841.42,5144465.51,89.45,,0,
kprcnn-nojitter-v1,Yakima-Toppenish_03_20260614,Yakima (arid),trained,1,1,3900,3870,0,0.09641,3923.7,3905.54,3936.65,3917.79,12.95,12.26,158.68,3925.86,3913.98,3929.84,3911.33,3931.5,3915.97,3.8969,0.1274,-6.9629,-0.9795,5.983,17.95,4.785,4.926,0.971,3.823,340.6,704897.57,5144334.05,704909.52,5144342.0,704914.5,5144328.09,27.84,,0,
kprcnn-nojitter-v1,Yakima-Toppenish_03_20260614,Yakima (arid),trained,1,1,3900,3870,0,0.06006,3924.18,3911.03,3933.62,3917.92,9.45,6.89,65.11,3925.64,3914.15,3929.55,3911.85,3930.2,3916.45,3.2728,-3.9169,-5.1797,-1.9413,5.106,15.32,4.534,4.641,0.977,3.81,333.3,704896.93,5144333.55,704908.66,5144340.45,704910.61,5144326.66,27.03,,0,
kprcnn-nojitter-v1,Yakima-Toppenish_03_20260614,Yakima (arid),trained,1,1,3930,3870,1,0.081,3930.04,3914.8,3932.38,3918.0,2.34,3.2,7.47,3931.94,3916.24,3931.07,3916.56,3931.36,3916.56,-5.456,-10.4208,-5.2857,-7.0542,0.666,2.0,0.932,0.292,3.194,0.14,208.7,704915.83,5144327.28,704913.2,5144326.32,704914.07,5144326.32,35.26,,0,
kprcnn-nojitter-v1,Yakima-Toppenish_03_20260614,Yakima (arid),trained,1,1,2070,3900,1,0.90837,2093.64,3906.5,2103.92,3918.89,10.28,12.39,127.31,2097.45,3909.27,2098.78,3912.2,2102.09,3915.79,-1.2984,1.3862,-0.4587,-0.1236,8.004,24.01,3.22,4.884,0.659,0.621,305.4,699412.36,5144348.2,699416.34,5144339.39,699426.28,5144328.63,4170.78,,0,
kprcnn-nojitter-v1,Yakima-Toppenish_03_20260614,Yakima (arid),trained,1,1,2100,3900,1,0.05156,2129.77,3941.54,2139.7,3948.0,9.93,6.46,64.15,2132.25,3945.26,2134.23,3946.22,2138.21,3944.29,-0.8331,-0.1386,-5.8797,-2.2838,6.038,18.11,2.21,4.42,0.5,1.275,9.2,699516.75,5144240.23,699522.7,5144237.33,699534.62,5144243.14,4312.65,,0,
kprcnn-nojitter-v1,Yakima-Toppenish_03_20260614,Yakima (arid),trained,1,1,2130,3900,1,0.06928,2130.3,3942.07,2138.71,3948.0,8.42,5.93,49.93,2132.08,3945.2,2134.34,3946.19,2138.55,3946.19,-0.1213,-0.9622,-5.9978,-2.3604,6.549,19.65,2.472,4.208,0.588,0.635,351.3,699516.24,5144240.41,699523.03,5144237.44,699535.66,5144237.44,4312.72,,0,
kprcnn-nojitter-v1,Yakima-Toppenish_03_20260614,Yakima (arid),trained,1,1,3870,3900,1,0.32125,3909.17,3904.64,3918.0,3916.43,8.83,11.79,104.09,3917.18,3912.01,3916.2,3911.35,3913.91,3906.77,-8.2443,-1.2611,2.7395,-2.2553,6.176,18.53,1.18,5.124,0.23,0.485,122.0,704871.55,5144339.97,704868.6,5144341.94,704861.74,5144355.69,13.08,12,1,4.478
kprcnn-nojitter-v1,Yakima-Toppenish_03_20260614,Yakima (arid),trained,1,1,3870,3900,0,0.13987,3910.27,3901.56,3918.0,3909.21,7.73,7.65,59.13,3914.94,3905.39,3916.23,3906.05,3911.72,3906.39,-9.5398,-10.3586,1.4902,-6.1361,3.372,10.12,1.45,4.522,0.321,1.016,197.2,704864.82,5144359.84,704868.68,5144357.84,704855.16,5144356.84,20.39,,0,
kprcnn-nojitter-v1,Yakima-Toppenish_03_20260614,Yakima (arid),trained,1,1,3870,3900,0,0.13083,3912.8,3904.31,3918.0,3913.63,5.2,9.32,48.4,3916.54,3911.47,3916.21,3910.8,3913.62,3906.48,-8.0502,-2.4764,1.0442,-3.1608,5.783,17.35,0.74,5.045,0.147,0.056,120.4,704869.62,5144341.6,704868.64,5144343.6,704860.85,5144356.57,13.12,12,1,4.88
kprcnn-nojitter-v1,Yakima-Toppenish_03_20260614,Yakima (arid),trained,1,1,3870,3900,0,0.0843,3903.76,3911.77,3917.04,3921.53,13.28,9.77,129.73,3914.55,3919.74,3909.9,3916.81,3904.59,3913.56,-0.136,1.8429,-2.4009,-0.2314,11.725,35.18,5.495,6.231,0.882,0.037,148.2,704863.64,5144316.77,704849.7,5144325.56,704833.76,5144335.33,36.02,,0,
kprcnn-nojitter-v1,Yakima-Toppenish_03_20260614,Yakima (arid),trained,1,1,3900,3900,1,0.99371,3911.67,3904.58,3927.68,3916.26,16.01,11.68,187.05,3924.58,3913.83,3920.33,3910.91,3914.12,3907.01,2.9493,7.1269,1.1851,3.7538,12.482,37.44,5.155,7.329,0.703,0.127,146.9,704893.74,5144334.52,704880.99,5144343.28,704862.36,5144354.96,1.35,12,1,0.549
kprcnn-nojitter-v1,Yakima-Toppenish_03_20260614,Yakima (arid),trained,1,1,3900,3900,0,0.26041,3903.17,3911.53,3916.95,3921.81,13.78,10.27,141.56,3914.16,3919.65,3910.22,3917.0,3903.66,3913.02,0.7545,0.9315,-3.3416,-0.5519,12.415,37.25,4.746,7.672,0.619,0.14,147.7,704862.48,5144317.04,704850.67,5144324.99,704830.98,5144336.93,35.43,,0,
kprcnn-nojitter-v1,Yakima-Toppenish_03_20260614,Yakima (arid),trained,1,1,3900,3900,0,0.24098,3909.22,3900.0,3922.69,3909.63,13.48,9.63,129.8,3922.53,3900.17,3917.6,3903.16,3912.01,3906.14,-8.1838,-6.0307,2.2488,-3.9886,12.098,36.29,5.766,6.337,0.91,0.162,209.6,704887.58,5144375.5,704872.79,5144366.53,704856.03,5144357.57,25.98,,0,
kprcnn-nojitter-v1,Yakima-Toppenish_03_20260614,Yakima (arid),trained,1,1,3900,3900,0,0.09971,3911.22,3918.25,3927.66,3929.28,16.45,11.03,181.47,3915.0,3920.36,3919.28,3923.28,3925.85,3926.85,1.3579,1.2875,-1.1685,0.4923,12.647,37.94,5.178,7.484,0.692,0.312,329.1,704865.0,5144314.93,704877.83,5144306.16,704897.56,5144295.45,36.17,,0,
kprcnn-nojitter-v1,Yakima-Toppenish_03_20260614,Yakima (arid),trained,1,1,3900,3900,0,0.06413,3900.78,3900.21,3916.51,3909.79,15.73,9.58,150.7,3904.88,3901.37,3907.83,3903.35,3912.41,3906.32,-4.8313,-8.692,1.7767,-3.9156,9.021,27.06,3.554,5.467,0.65,0.036,326.7,704834.63,5144371.89,704843.48,5144365.95,704857.24,5144357.03,45.02,,0,
kprcnn-nojitter-v1,Yakima-Toppenish_03_20260614,Yakima (arid),trained,1,1,3930,3900,1,0.09247,3972.09,3941.42,3978.0,3948.0,5.91,6.58,38.92,3975.86,3945.2,3973.24,3944.87,3976.85,3946.52,0.1338,-3.0866,-7.6739,-3.5422,1.644,4.93,2.648,3.97,0.667,1.907,306.8,705047.59,5144240.39,705039.71,5144241.38,705050.55,5144236.44,187.41,,0,
kprcnn-nojitter-v1,Yakima-Toppenish_03_20260614,Yakima (arid),trained,1,1,3930,3900,0,0.08859,3966.36,3940.16,3978.0,3948.0,11.64,7.84,91.28,3975.84,3945.55,3972.84,3944.57,3968.85,3941.63,0.0926,-0.8337,-5.3214,-2.0208,8.01,24.03,3.15,4.958,0.635,0.61,150.7,705047.51,5144239.35,705038.53,5144242.29,705026.56,5144251.11,185.93,,0,
kprcnn-nojitter-v1,Yakima-Toppenish_03_20260614,Yakima (arid),trained,1,1,3960,3900,1,0.10978,3967.76,3940.18,3978.24,3948.0,10.48,7.82,81.91,3976.44,3945.56,3973.16,3944.58,3969.56,3941.65,-0.9833,-0.7015,-3.7805,-1.8218,7.91,23.73,3.418,4.644,0.736,0.769,150.4,705049.31,5144239.33,705039.49,5144242.26,705028.68,5144251.05,186.75,,0,
kprcnn-nojitter-v1,Yakima-Toppenish_03_20260614,Yakima (arid),trained,1,1,3960,3900,0,0.05924,3960.0,3926.28,3963.34,3939.72,3.34,13.44,44.93,3961.06,3935.95,3960.76,3930.05,3961.97,3937.26,-2.4966,-1.9403,-2.9031,-2.4466,1.597,4.79,5.91,7.315,0.808,3.119,304.8,705003.19,5144268.15,705002.28,5144285.86,705005.92,5144264.22,133.08,,0,
kprcnn-nojitter-v1,Yakima-Toppenish_03_20260614,Yakima (arid),trained,1,1,3960,3900,0,0.05323,3973.76,3944.32,3980.08,3948.0,6.33,3.68,23.25,3976.26,3945.4,3975.59,3945.7,3976.92,3946.62,-0.9005,-7.0608,-4.7793,-4.2469,1.394,4.18,0.733,1.618,0.453,0.731,298.5,705048.77,5144239.81,705046.77,5144238.89,705050.77,5144236.14,194.71,,0,
kprcnn-nojitter-v1,Yakima-Toppenish_03_20260614,Yakima (arid),trained,1,1,2100,3930,1,0.90588,2129.59,3942.4,2140.37,3954.14,10.78,11.75,126.59,2132.69,3944.84,2134.33,3947.45,2138.25,3951.37,-0.6758,2.7445,-0.2014,0.6225,8.568,25.7,3.079,5.54,0.556,0.448,310.4,699518.08,5144241.47,699522.98,5144233.64,699534.74,5144221.89,4315.96,,0,
kprcnn-nojitter-v1,Yakima-Toppenish_03_20260614,Yakima (arid),trained,1,1,2130,3930,1,0.8581,2130.0,3941.17,2141.39,3955.58,11.39,14.41,164.12,2132.44,3944.93,2134.72,3947.88,2138.3,3951.49,-1.033,2.4639,0.0272,0.486,8.787,26.36,3.725,5.079,0.734,0.267,311.8,699517.32,5144241.2,699524.15,5144232.35,699534.89,5144221.54,4317.66,,0,
kprcnn-nojitter-v1,Yakima-Toppenish_03_20260614,Yakima (arid),trained,1,1,2130,3930,0,0.24053,2167.52,3967.38,2177.69,3977.36,10.17,9.98,101.48,2169.65,3975.2,2172.93,3971.87,2167.68,3974.53,-0.6291,-0.1913,-6.6555,-2.492,2.078,6.23,4.672,5.885,0.794,4.202,161.3,699628.95,5144150.4,699638.79,5144160.38,699623.04,5144152.4,4438.46,,0,
kprcnn-nojitter-v1,Yakima-Toppenish_03_20260614,Yakima (arid),trained,1,1,2130,3930,0,0.15607,2130.66,3946.92,2140.53,3954.0,9.87,7.08,69.83,2133.13,3947.08,2134.77,3948.37,2138.72,3951.27,-5.6937,-0.4677,0.8091,-1.7841,6.982,20.95,2.088,4.895,0.427,0.045,323.2,699519.39,5144234.75,699524.32,5144230.89,699536.16,5144222.2,4319.01,,0,
kprcnn-nojitter-v1,Yakima-Toppenish_03_20260614,Yakima (arid),trained,1,1,2130,3930,0,0.13192,2130.41,3942.89,2136.25,3953.27,5.85,10.38,60.67,2132.52,3944.67,2134.14,3947.59,2136.09,3944.02,0.455,0.4839,-6.508,-1.8564,3.631,10.89,3.34,4.065,0.822,3.162,10.3,699517.56,5144241.98,699522.43,5144233.23,699528.27,5144243.93,4316.03,,0,
kprcnn-nojitter-v1,Yakima-Toppenish_03_20260614,Yakima (arid),trained,1,1,2130,3930,0,0.11745,2131.75,3942.6,2139.61,3952.5,7.86,9.89,77.77,2132.89,3945.07,2134.53,3947.38,2137.8,3950.68,-1.1194,0.864,-0.2547,-0.17,7.454,22.36,2.83,4.648,0.609,0.29,311.2,699518.67,5144240.78,699523.59,5144233.85,699533.41,5144223.95,4316.09,,0,
kprcnn-nojitter-v1,Yakima-Toppenish_03_20260614,Yakima (arid),trained,1,1,2160,3930,1,0.10139,2160.0,3956.98,2170.3,3970.8,10.3,13.82,142.36,2161.83,3966.69,2164.49,3963.07,2161.83,3967.68,-1.1887,-0.6425,-5.9538,-2.595,0.987,2.96,4.491,5.319,0.844,2.658,270.0,699605.48,5144175.93,699613.46,5144186.79,699605.48,5144172.97,4402.72,,0,
kprcnn-nojitter-v1,Yakima-Toppenish_03_20260614,Yakima (arid),trained,1,1,2160,3930,0,0.07824,2167.86,3967.78,2177.78,3977.26,9.92,9.48,94.03,2170.34,3975.46,2172.99,3971.86,2177.62,3973.17,-0.7893,0.0714,-5.6203,-2.1127,7.627,22.88,4.464,4.811,0.928,2.636,17.5,699631.02,5144149.63,699638.96,5144160.41,699652.85,5144156.49,4438.52,,0,
kprcnn-nojitter-v1,Yakima-Toppenish_03_20260614,Yakima (arid),trained,1,1,3960,3930,1,0.05435,3960.08,3930.04,3963.17,3941.0,3.08,10.96,33.8,3961.47,3935.52,3960.55,3931.2,3961.16,3936.85,-4.7491,-6.3413,-1.7714,-4.2873,1.364,4.09,4.415,5.679,0.777,1.878,256.9,705004.41,5144269.44,705001.64,5144282.4,705003.49,5144265.46,134.0,,0,
kprcnn-nojitter-v1,Yakima-Toppenish_03_20260614,Yakima (arid),trained,1,1,4020,3930,1,0.12978,4020.12,3969.29,4026.44,3978.0,6.32,8.71,55.09,4021.28,3973.64,4022.28,3973.64,4023.28,3976.23,0.4924,-7.973,-2.3623,-3.2809,3.264,9.79,0.998,2.768,0.361,0.79,307.7,705183.84,5144155.07,705186.84,5144155.07,705189.84,5144147.32,357.93,,0,
kprcnn-nojitter-v1,Yakima-Toppenish_03_20260614,Yakima (arid),trained,1,1,4020,3930,0,0.082,4020.35,3971.39,4030.95,3977.63,10.59,6.24,66.11,4021.84,3973.85,4023.17,3974.18,4022.51,3975.82,-0.8022,-8.2107,-2.5291,-3.8473,2.079,6.24,1.364,1.771,0.77,1.151,288.6,705185.53,5144154.45,705189.51,5144153.47,705187.52,5144148.54,361.04,,0,
kprcnn-nojitter-v1,Yakima-Toppenish_03_20260614,Yakima (arid),trained,1,1,4020,3930,0,0.06275,4020.06,3968.43,4022.52,3977.3,2.46,8.87,21.78,4021.14,3973.52,4020.83,3968.6,4021.44,3975.5,-0.6437,-6.6349,-3.1676,-3.4821,1.995,5.98,4.937,6.925,0.713,0.455,278.9,705183.41,5144155.43,705182.49,5144170.21,705184.33,5144149.51,346.47,,0,
kprcnn-nojitter-v1,Yakima-Toppenish_03_20260614,Yakima (arid),trained,1,1,2160,3960,1,0.16784,2176.46,3976.17,2189.29,3987.31,12.83,11.14,143.01,2178.6,3983.54,2182.87,3982.89,2182.87,3976.33,-6.857,0.3431,-4.8629,-3.7923,8.385,25.15,4.327,6.556,0.66,3.344,59.3,699655.79,5144125.37,699668.62,5144127.34,699668.62,5144147.0,4482.23,,0,
kprcnn-nojitter-v1,Yakima-Toppenish_03_20260614,Yakima (arid),trained,1,1,2160,3960,0,0.15567,2194.6,3992.39,2206.36,4005.11,11.76,12.71,149.49,2199.66,4004.95,2198.68,3998.43,2197.38,4002.99,-5.5019,-0.1399,-5.7474,-3.7964,3.009,9.03,6.594,4.748,1.389,4.317,139.4,699718.99,5144061.16,699716.05,5144080.72,699712.13,5144067.03,4546.8,,0,
kprcnn-nojitter-v1,Yakima-Toppenish_03_20260614,Yakima (arid),trained,1,1,2160,3960,0,0.11159,2185.95,3985.86,2199.08,3996.04,13.14,10.17,133.63,2190.71,3995.87,2190.38,3989.96,2192.35,3986.03,-8.1707,-2.6678,-2.4394,-4.4259,9.981,29.94,5.916,4.403,1.343,1.296,80.5,699692.13,5144088.39,699691.14,5144106.11,699697.05,5144117.92,4512.11,,0,
kprcnn-nojitter-v1,Yakima-Toppenish_03_20260614,Yakima (arid),trained,1,1,2160,3960,0,0.0731,2160.83,3960.0,2172.6,3971.65,11.77,11.65,137.19,2161.64,3966.49,2164.59,3963.5,2162.95,3968.82,-2.5362,-2.7159,-5.1001,-3.4507,2.673,8.02,4.2,5.573,0.754,4.033,299.3,699604.93,5144176.52,699613.76,5144185.51,699608.85,5144169.53,4403.97,,0,
kprcnn-nojitter-v1,Yakima-Toppenish_03_20260614,Yakima (arid),trained,1,1,2190,3960,1,0.07368,2190.75,3993.34,2204.22,4003.49,13.47,10.15,136.75,2192.88,3997.76,2198.47,3998.09,2192.88,3998.41,-3.4637,-0.326,-4.9798,-2.9232,0.655,1.97,5.594,5.594,1.0,5.585,270.0,699698.65,5144082.72,699715.41,5144081.74,699698.65,5144080.76,4545.59,,0,
kprcnn-nojitter-v1,Yakima-Toppenish_03_20260614,Yakima (arid),trained,1,1,3960,3960,1,0.09423,3999.71,3971.66,4008.0,3985.16,8.29,13.5,111.89,4003.19,3975.78,4005.84,3977.75,4000.87,3974.13,1.0485,0.3649,-8.478,-2.3549,2.845,8.54,3.307,6.152,0.538,0.077,144.7,705129.58,5144148.66,705137.53,5144142.74,705122.61,5144153.6,324.37,,0,
kprcnn-nojitter-v1,Yakima-Toppenish_03_20260614,Yakima (arid),trained,1,1,3990,3960,1,0.88113,3999.82,3972.55,4013.11,3983.71,13.29,11.16,148.29,4002.64,3975.01,4006.3,3977.64,4011.95,3981.25,1.0359,1.8408,-1.9803,0.2988,11.2,33.6,4.5,6.704,0.671,0.146,326.2,705127.93,5144150.96,705138.89,5144143.09,705155.84,5144132.26,325.23,,0,
kprcnn-nojitter-v1,Yakima-Toppenish_03_20260614,Yakima (arid),trained,1,1,3990,3960,0,0.11827,3990.07,3961.77,3994.44,3970.72,4.37,8.96,39.17,3991.48,3966.58,3990.85,3962.27,3990.85,3967.9,-6.948,-7.1403,-0.6655,-4.9179,1.467,4.4,4.357,5.639,0.773,2.402,244.8,705094.43,5144176.27,705092.56,5144189.2,705092.56,5144172.29,260.49,,0,
kprcnn-nojitter-v1,Yakima-Toppenish_03_20260614,Yakima (arid),trained,1,1,3990,3960,0,0.09106,3990.07,3960.0,3992.61,3972.15,2.55,12.15,30.95,3991.18,3960.16,3991.18,3961.15,3991.18,3967.72,-6.082,-2.7115,-1.0988,-3.2974,7.555,22.67,0.985,6.57,0.15,0.0,270.0,705093.55,5144195.51,705093.55,5144192.55,705093.55,5144172.84,259.35,,0,
kprcnn-nojitter-v1,Yakima-Toppenish_03_20260614,Yakima (arid),trained,1,1,3990,3960,0,0.07119,3990.04,3960.0,3991.34,3972.34,1.3,12.34,16.07,3990.85,3960.16,3990.85,3961.14,3990.85,3967.63,-6.3099,-3.37,-1.3992,-3.693,7.468,22.4,0.974,6.494,0.15,0.0,270.0,705092.56,5144195.51,705092.56,5144192.59,705092.56,5144173.11,258.52,,0,
kprcnn-nojitter-v1,Yakima-Toppenish_03_20260614,Yakima (arid),trained,1,1,4020,3960,1,0.43726,4041.81,3986.17,4059.11,3997.65,17.31,11.48,198.69,4055.95,3994.86,4051.96,3992.89,4044.97,3988.96,1.7529,2.3068,0.1234,1.3944,12.47,37.41,4.452,8.021,0.555,0.158,151.7,705287.86,5144091.41,705275.88,5144097.32,705254.91,5144109.13,464.03,,0,
kprcnn-nojitter-v1,Yakima-Toppenish_03_20260614,Yakima (arid),trained,1,1,4020,3960,0,0.13721,4020.0,3967.38,4024.88,3977.45,4.88,10.07,49.13,4021.14,3973.39,4020.81,3968.19,4022.44,3975.34,-2.2473,-3.9723,-2.8102,-3.0099,2.343,7.03,5.207,7.328,0.711,2.615,303.7,705183.42,5144155.83,705182.44,5144171.42,705187.32,5144149.98,345.83,,0,
kprcnn-nojitter-v1,Yakima-Toppenish_03_20260614,Yakima (arid),trained,1,1,4050,3960,1,0.30667,4061.15,3995.62,4072.99,4006.04,11.84,10.42,123.31,4070.85,4002.95,4065.92,4000.67,4062.3,3998.39,2.2716,1.9191,-6.4098,-0.7397,9.688,29.06,5.433,4.275,1.271,0.309,151.9,705332.56,5144067.15,705317.77,5144073.99,705306.91,5144080.83,511.92,,0,
kprcnn-nojitter-v1,Yakima-Toppenish_03_20260614,Yakima (arid),trained,1,1,4050,3960,0,0.09005,4050.0,3987.87,4057.96,3996.8,7.96,8.93,71.1,4055.81,3994.98,4051.16,3992.66,4050.17,3992.66,3.0447,-0.804,-8.2918,-2.017,6.097,18.29,5.19,0.995,5.214,0.378,157.7,705287.42,5144091.07,705273.48,5144098.01,705270.5,5144098.01,461.63,,0,
kprcnn-nojitter-v1,Yakima-Toppenish_03_20260614,Yakima (arid),trained,1,1,4080,3960,1,0.09363,4080.04,4005.24,4082.1,4007.99,2.06,2.75,5.65,4080.49,4006.62,4080.78,4006.31,4081.66,4006.92,-0.7929,-6.8438,-8.0088,-5.2151,1.214,3.64,0.424,1.072,0.395,0.369,345.4,705361.46,5144056.15,705362.34,5144057.06,705364.98,5144055.23,558.83,,0,
kprcnn-nojitter-v1,Yakima-Toppenish_03_20260614,Yakima (arid),trained,1,1,4080,3960,0,0.05479,4080.1,4005.48,4083.85,4007.9,3.75,2.42,9.08,4080.88,4006.54,4081.19,4006.24,4080.88,4007.14,-0.4584,-7.157,-7.3846,-5.0,0.605,1.82,0.435,0.96,0.453,0.313,270.0,705362.64,5144056.38,705363.58,5144057.29,705362.64,5144054.57,559.78,,0,
kprcnn-nojitter-v1,Yakima-Toppenish_03_20260614,Yakima (arid),trained,1,1,2160,3990,1,0.13986,2184.75,3990.0,2203.47,3995.47,18.72,5.47,102.42,2185.9,3991.13,2192.47,3992.74,2198.71,3991.13,-5.8499,-3.1211,-2.4305,-3.8005,12.809,38.43,6.763,6.444,1.049,1.609,0.0,699677.7,5144102.62,699697.41,5144097.79,699716.13,5144102.62,4522.48,,0,
kprcnn-nojitter-v1,Yakima-Toppenish_03_20260614,Yakima (arid),trained,1,1,2160,3990,0,0.08884,2192.49,3990.0,2208.0,4004.15,15.51,14.15,219.43,2195.96,4001.35,2198.93,3998.39,2203.88,3992.14,-6.821,0.1078,-0.9361,-2.5498,12.149,36.45,4.194,7.974,0.526,0.322,49.3,699707.87,5144071.95,699716.78,5144080.83,699731.63,5144099.58,4547.09,,0,
kprcnn-nojitter-v1,Yakima-Toppenish_03_20260614,Yakima (arid),trained,1,1,2190,3990,1,0.14817,2190.79,3994.17,2205.14,4003.7,14.35,9.53,136.77,2192.91,3998.28,2198.78,3998.28,2192.91,3998.94,-4.1319,-0.0704,-5.1011,-3.1011,0.657,1.97,5.872,5.909,0.994,5.872,270.0,699698.73,5144081.16,699716.34,5144081.16,699698.73,5144079.19,4546.58,,0,
kprcnn-nojitter-v1,Yakima-Toppenish_03_20260614,Yakima (arid),trained,1,1,2220,3990,1,0.07404,2220.0,4018.89,2225.48,4030.27,5.48,11.38,62.4,2222.42,4027.18,2220.81,4024.58,2221.13,4030.11,0.8521,-2.9054,-7.9787,-3.344,3.198,9.59,3.06,5.536,0.553,2.525,246.2,699787.26,5143994.46,699782.42,5144002.27,699783.39,5143985.68,4589.86,,0,
kprcnn-nojitter-v1,Yakima-Toppenish_03_20260614,Yakima (arid),trained,1,1,4020,3990,1,0.37849,4044.29,3990.0,4058.21,3996.92,13.92,6.92,96.39,4055.73,3995.11,4052.08,3993.13,4047.11,3990.82,1.9833,0.7006,-2.2517,0.144,9.626,28.88,4.149,5.482,0.757,0.148,153.6,705287.18,5144090.67,705276.24,5144096.6,705261.32,5144103.53,464.71,,0,
kprcnn-nojitter-v1,Yakima-Toppenish_03_20260614,Yakima (arid),trained,1,1,4020,3990,0,0.07655,4034.25,3993.97,4049.78,4004.91,15.53,10.94,169.88,4044.99,4001.1,4042.01,3999.44,4046.97,4002.42,-1.1252,0.4494,-4.1584,-1.6114,2.385,7.15,3.404,5.784,0.588,0.276,326.2,705254.96,5144072.71,705246.04,5144077.68,705260.9,5144068.73,450.21,,0,
kprcnn-nojitter-v1,Yakima-Toppenish_03_20260614,Yakima (arid),trained,1,1,4020,3990,0,0.06427,4023.23,3990.0,4041.65,3998.1,18.42,8.1,149.22,4036.88,3996.0,4033.92,3994.38,4027.67,3991.13,-1.4472,-5.6384,-1.9714,-3.019,10.413,31.24,3.374,7.039,0.479,0.051,152.2,705230.63,5144088.01,705221.75,5144092.87,705203.0,5144102.6,421.63,,0,
kprcnn-nojitter-v1,Yakima-Toppenish_03_20260614,Yakima (arid),trained,1,1,4050,3990,1,0.29069,4058.71,3995.36,4073.52,4005.47,14.81,10.11,149.72,4070.72,4003.03,4066.11,4000.74,4060.19,3997.48,1.7997,1.9824,-2.2874,0.4982,11.899,35.7,5.141,6.761,0.76,0.126,152.2,705332.16,5144066.92,705318.34,5144073.77,705300.58,5144083.56,512.53,,0,
kprcnn-nojitter-v1,Yakima-Toppenish_03_20260614,Yakima (arid),trained,1,1,4050,3990,0,0.06753,4076.95,4015.69,4088.33,4025.53,11.38,9.84,112.0,4079.39,4019.13,4082.64,4020.45,4088.17,4023.07,0.1127,0.2456,-3.9834,-1.2084,9.621,28.86,3.506,6.119,0.573,0.133,335.8,705358.17,5144018.6,705367.92,5144014.66,705384.5,5144006.79,586.23,,0,
kprcnn-nojitter-v1,Yakima-Toppenish_03_20260614,Yakima (arid),trained,1,1,4050,3990,0,0.06243,4050.05,3991.62,4058.4,3995.47,8.34,3.85,32.1,4055.99,3994.67,4051.18,3992.74,4050.22,3992.42,0.9771,-2.6564,-9.0492,-3.5761,6.197,18.59,5.184,1.015,5.109,0.05,158.8,705287.97,5144092.0,705273.53,5144097.78,705270.65,5144098.74,461.8,,0,
kprcnn-nojitter-v1,Yakima-Toppenish_03_20260614,Yakima (arid),trained,1,1,4080,3990,1,0.11554,4098.31,4013.84,4110.78,4023.13,12.47,9.29,115.87,4108.65,4019.98,4104.38,4018.32,4099.13,4016.0,1.0003,2.0657,-2.1388,0.3091,10.316,30.95,4.577,5.741,0.797,0.116,157.3,705445.94,5144016.06,705433.14,5144021.04,705417.39,5144028.01,599.51,,0,
kprcnn-nojitter-v1,Yakima-Toppenish_03_20260614,Yakima (arid),trained,1,1,4080,3990,0,0.10525,4114.2,3990.0,4123.47,3998.24,9.27,8.24,76.36,4117.01,3994.45,4117.67,3994.45,4120.32,3994.45,-3.2247,-7.7329,-2.1507,-4.3694,3.309,9.93,0.662,2.647,0.25,0.0,0.0,705471.04,5144092.65,705473.02,5144092.65,705480.97,5144092.65,586.55,,0,
kprcnn-nojitter-v1,Yakima-Toppenish_03_20260614,Yakima (arid),trained,1,1,4110,3990,1,0.32389,4110.83,3990.09,4124.73,3998.93,13.9,8.85,122.92,4120.92,3993.53,4116.62,3994.84,4120.26,3994.84,-3.7419,-7.3281,-2.566,-4.5454,1.468,4.4,4.496,3.639,1.235,3.249,243.2,705482.77,5144095.42,705469.87,5144091.49,705480.78,5144091.49,588.97,,0,
kprcnn-nojitter-v1,Yakima-Toppenish_03_20260614,Yakima (arid),trained,1,1,4410,3990,1,0.18097,4451.0,4019.06,4457.99,4027.64,6.98,8.58,59.91,4456.16,4023.51,4452.16,4019.55,4453.83,4023.84,-8.4098,-9.0239,0.908,-5.5086,2.352,7.05,5.622,4.6,1.222,4.48,188.1,706488.47,5144005.46,706476.49,5144017.34,706481.48,5144004.47,451.04,,0,
kprcnn-nojitter-v1,Yakima-Toppenish_03_20260614,Yakima (arid),trained,1,1,4410,3990,0,0.11408,4448.42,4012.35,4457.93,4028.17,9.51,15.82,150.39,4448.58,4018.78,4450.88,4018.45,4453.83,4023.39,-7.9526,-0.8774,1.6344,-2.3985,6.985,20.96,2.318,5.757,0.403,1.763,318.7,706465.75,5144019.67,706472.64,5144020.66,706481.49,5144005.83,456.1,,0,
kprcnn-nojitter-v1,Yakima-Toppenish_03_20260614,Yakima (arid),trained,1,1,4440,3990,1,0.12337,4445.15,4013.65,4457.26,4026.94,12.11,13.29,160.94,4450.23,4017.14,4450.23,4018.14,4453.17,4024.12,-8.6763,-1.0006,0.3795,-3.0991,7.573,22.72,0.997,6.666,0.15,0.388,292.9,706470.68,5144024.58,706470.68,5144021.59,706479.52,5144003.65,458.13,,0,
kprcnn-nojitter-v1,Yakima-Toppenish_03_20260614,Yakima (arid),trained,1,1,2190,4020,1,0.11403,2210.53,4030.53,2227.26,4041.75,16.73,11.21,187.63,2224.14,4034.66,2218.89,4035.97,2213.97,4039.27,-6.7233,-1.4124,-5.0204,-4.3854,11.17,33.51,5.413,5.924,0.914,0.969,204.4,699792.42,5143972.03,699776.68,5143968.08,699761.91,5143958.18,4619.94,,0,
kprcnn-nojitter-v1,Yakima-Toppenish_03_20260614,Yakima (arid),trained,1,1,2190,4020,0,0.09156,2214.92,4020.0,2236.05,4028.73,21.13,8.73,184.43,2222.68,4026.95,2221.02,4023.72,2232.25,4021.78,-0.7711,-4.0129,-2.1297,-2.3046,10.882,32.65,3.63,11.392,0.319,3.629,28.4,699788.03,5143995.15,699783.07,5144004.85,699816.75,5144010.67,4587.45,,0,
kprcnn-nojitter-v1,Yakima-Toppenish_03_20260614,Yakima (arid),trained,1,1,2190,4020,0,0.06552,2217.92,4039.59,2238.0,4052.17,20.08,12.58,252.47,2234.22,4042.08,2227.63,4045.72,2230.92,4041.42,-1.5995,0.4922,-6.443,-2.5168,3.357,10.07,7.522,5.417,1.389,4.867,168.6,699822.65,5143949.77,699802.9,5143938.85,699812.77,5143951.75,4626.14,,0,
kprcnn-nojitter-v1,Yakima-Toppenish_03_20260614,Yakima (arid),trained,1,1,2220,4020,1,0.18617,2260.47,4062.22,2268.0,4068.0,7.53,5.78,43.53,2265.54,4065.91,2263.91,4065.27,2260.63,4066.23,-0.1134,-6.4556,-7.2153,-4.5948,4.924,14.77,1.759,3.414,0.515,0.747,183.7,699916.63,5143878.26,699911.72,5143880.19,699901.89,5143877.3,4605.35,,0,
kprcnn-nojitter-v1,Yakima-Toppenish_03_20260614,Yakima (arid),trained,1,1,2220,4020,0,0.17902,2220.0,4020.26,2225.35,4029.55,5.35,9.29,49.64,2222.36,4027.06,2220.79,4024.08,2221.1,4029.38,0.4121,-3.2485,-7.1721,-3.3362,2.64,7.92,3.373,5.315,0.635,2.804,241.5,699787.08,5143994.82,699782.36,5144003.77,699783.3,5143987.85,4588.74,,0,
kprcnn-nojitter-v1,Yakima-Toppenish_03_20260614,Yakima (arid),trained,1,1,2220,4020,0,0.15924,2220.0,4020.34,2222.8,4028.39,2.8,8.05,22.53,2221.71,4026.94,2221.09,4024.04,2222.65,4028.23,-0.2909,-3.2,-7.6135,-3.7014,1.59,4.77,2.962,4.464,0.664,1.197,305.9,699785.13,5143995.19,699783.27,5144003.88,699787.94,5143991.32,4588.08,,0,
kprcnn-nojitter-v1,Yakima-Toppenish_03_20260614,Yakima (arid),trained,1,1,2220,4020,0,0.13184,2257.42,4056.75,2268.0,4066.79,10.58,10.04,106.24,2260.89,4065.01,2262.87,4061.45,2258.57,4065.01,-0.8526,-3.5687,-7.867,-4.0961,2.315,6.95,4.077,5.583,0.73,3.562,180.0,699902.67,5143880.96,699908.62,5143891.65,699895.72,5143880.96,4598.1,,0,
kprcnn-nojitter-v1,Yakima-Toppenish_03_20260614,Yakima (arid),trained,1,1,2220,4020,0,0.07751,2220.0,4023.15,2224.16,4028.56,4.16,5.41,22.51,2222.4,4026.81,2220.48,4024.26,2221.12,4028.4,-0.4238,-5.5162,-6.1127,-4.0176,2.042,6.13,3.189,4.187,0.762,3.092,231.2,699787.2,5143995.58,699781.44,5144003.22,699783.36,5143990.81,4589.75,,0,
kprcnn-nojitter-v1,Yakima-Toppenish_03_20260614,Yakima (arid),trained,1,1,2220,4020,0,0.0748,2264.38,4063.33,2268.0,4068.0,3.62,4.67,16.91,2265.53,4066.17,2265.53,4065.5,2264.54,4066.5,-0.5504,-6.9225,-8.2632,-5.2454,1.043,3.13,0.667,1.406,0.474,0.632,198.6,699916.59,5143877.5,699916.59,5143879.5,699913.62,5143876.5,4602.94,,0,
kprcnn-nojitter-v1,Yakima-Toppenish_03_20260614,Yakima (arid),trained,1,1,2220,4020,0,0.07338,2220.0,4039.83,2235.79,4051.94,15.79,12.11,191.13,2231.68,4040.98,2227.73,4045.56,2231.02,4041.3,-5.3196,0.3346,-5.1613,-3.3821,0.735,2.2,6.047,5.377,1.125,2.344,206.4,699815.03,5143953.07,699803.19,5143939.32,699813.05,5143952.09,4625.59,,0,
kprcnn-nojitter-v1,Yakima-Toppenish_03_20260614,Yakima (arid),trained,1,1,2220,4020,0,0.06933,2220.02,4020.0,2230.42,4028.81,10.4,8.81,91.64,2222.13,4027.01,2220.51,4023.75,2230.26,4021.14,0.5288,-4.7018,-3.1923,-2.4551,10.027,30.08,3.645,10.096,0.361,3.596,35.8,699786.39,5143994.96,699781.52,5144004.74,699810.77,5144012.57,4588.52,,0,
kprcnn-nojitter-v1,Yakima-Toppenish_03_20260614,Yakima (arid),trained,1,1,2250,4020,1,0.12567,2278.49,4056.82,2296.27,4067.52,17.78,10.69,190.11,2292.81,4065.73,2288.86,4061.52,2282.93,4058.93,0.3321,-2.4622,-3.1146,-1.7482,11.994,35.98,5.775,6.468,0.893,1.227,145.4,699998.43,5143878.8,699986.58,5143891.43,699968.8,5143899.21,4551.38,,0,
kprcnn-nojitter-v1,Yakima-Toppenish_03_20260614,Yakima (arid),trained,1,1,2250,4020,0,0.06974,2250.76,4058.39,2288.3,4066.89,37.54,8.5,318.99,2262.22,4065.42,2268.53,4063.13,2252.92,4064.44,-1.5753,-4.2879,-5.9382,-3.9338,9.354,28.06,6.714,15.67,0.428,2.937,174.0,699906.66,5143879.74,699925.6,5143886.61,699878.76,5143882.69,4591.83,,0,
kprcnn-nojitter-v1,Yakima-Toppenish_03_20260614,Yakima (arid),trained,1,1,2250,4020,0,0.06294,2265.91,4059.08,2278.28,4067.12,12.37,8.04,99.39,2275.19,4065.67,2270.96,4063.1,2266.07,4065.99,-1.9225,-3.4323,-7.6995,-4.3515,9.118,27.35,4.951,5.675,0.872,2.719,182.0,699945.56,5143878.99,699932.87,5143886.7,699918.22,5143878.02,4587.37,,0,
kprcnn-nojitter-v1,Yakima-Toppenish_03_20260614,Yakima (arid),trained,1,1,2280,4020,1,0.2517,2280.0,4056.23,2291.76,4066.82,11.76,10.58,124.45,2291.27,4065.99,2285.39,4062.35,2282.12,4059.04,-3.5166,-3.7327,-0.6726,-2.6407,11.485,34.45,6.915,4.648,1.487,0.658,142.8,699993.81,5143878.03,699976.17,5143888.94,699966.37,5143898.87,4559.59,,0,
kprcnn-nojitter-v1,Yakima-Toppenish_03_20260614,Yakima (arid),trained,1,1,2280,4020,0,0.2209,2280.21,4055.94,2286.21,4067.49,6.01,11.55,69.4,2281.63,4065.67,2281.0,4062.37,2281.63,4058.41,-3.0398,-2.1617,-1.0832,-2.0949,7.26,21.78,3.36,4.01,0.838,0.632,90.0,699964.89,5143878.98,699962.99,5143888.88,699964.89,5143900.76,4567.53,,0,
kprcnn-nojitter-v1,Yakima-Toppenish_03_20260614,Yakima (arid),trained,1,1,2280,4020,0,0.07696,2280.35,4056.28,2283.33,4067.56,2.98,11.28,33.56,2281.18,4065.74,2281.18,4062.42,2281.51,4058.44,-0.6625,-1.2473,-1.18,-1.0299,7.305,21.92,3.317,3.994,0.83,0.15,87.4,699963.54,5143878.79,699963.54,5143888.74,699964.53,5143900.68,4567.3,,0,
kprcnn-nojitter-v1,Yakima-Toppenish_03_20260614,Yakima (arid),trained,1,1,2280,4020,0,0.05991,2280.56,4064.17,2295.26,4067.97,14.7,3.8,55.91,2292.81,4065.91,2295.09,4065.91,2281.37,4066.23,-0.3663,-6.8767,-6.6501,-4.6311,11.438,34.31,2.287,13.724,0.167,0.063,181.6,699998.42,5143878.27,700005.28,5143878.27,699964.12,5143877.32,4550.85,,0,
kprcnn-nojitter-v1,Yakima-Toppenish_03_20260614,Yakima (arid),trained,1,1,4050,4020,1,0.05743,4089.67,4020.0,4098.0,4028.1,8.33,8.1,67.48,4096.24,4025.99,4093.99,4024.37,4090.79,4024.05,-2.1162,-8.9528,-0.9468,-4.0053,5.786,17.36,2.767,3.222,0.859,0.772,160.4,705408.71,5143998.03,705401.98,5144002.88,705392.36,5144003.86,621.12,,0,
kprcnn-nojitter-v1,Yakima-Toppenish_03_20260614,Yakima (arid),trained,1,1,4080,4020,1,0.05264,4120.14,4020.02,4128.0,4028.78,7.86,8.76,68.9,4121.61,4025.05,4125.87,4020.83,4125.54,4027.0,-0.0408,-1.8557,-4.1539,-2.0168,4.388,13.16,5.995,6.175,0.971,5.671,333.7,705484.83,5144000.85,705497.61,5144013.51,705496.63,5143995.01,535.59,,0,
kprcnn-nojitter-v1,Yakima-Toppenish_03_20260614,Yakima (arid),trained,1,1,4140,4020,1,0.09975,4140.0,4020.0,4142.4,4034.22,2.4,14.22,34.11,4141.35,4031.74,4141.05,4025.13,4140.75,4031.74,0.4002,-0.6533,-3.5169,-1.2567,0.6,1.8,6.623,6.623,1.0,6.616,180.0,705544.05,5143980.77,705543.15,5144000.62,705542.25,5143980.77,488.28,,0,
kprcnn-nojitter-v1,Yakima-Toppenish_03_20260614,Yakima (arid),trained,1,1,4140,4020,0,0.06239,4140.0,4020.0,4144.76,4035.44,4.76,15.44,73.5,4141.43,4032.32,4141.43,4025.09,4142.7,4032.65,-1.1649,-2.3124,-3.3793,-2.2855,1.311,3.93,7.226,7.661,0.943,6.996,345.5,705544.28,5143979.05,705544.28,5144000.73,705548.09,5143978.06,487.23,,0,
kprcnn-nojitter-v1,Yakima-Toppenish_03_20260614,Yakima (arid),trained,1,1,4170,4020,1,0.05483,4170.18,4050.06,4173.88,4054.18,3.7,4.12,15.25,4171.56,4051.48,4171.87,4051.48,4170.95,4052.12,-0.4694,-7.5655,-4.8485,-4.2945,0.885,2.65,0.308,1.122,0.275,0.221,225.8,705634.69,5143921.55,705635.62,5143921.55,705632.84,5143919.64,379.4,,0,
kprcnn-nojitter-v1,Yakima-Toppenish_03_20260614,Yakima (arid),trained,1,1,4200,4020,1,0.05198,4200.08,4044.17,4202.76,4049.9,2.68,5.74,15.4,4201.12,4046.87,4201.12,4046.56,4202.61,4048.15,-0.7489,-7.2443,-4.1773,-4.0568,1.962,5.89,0.319,2.183,0.146,0.242,319.5,705723.37,5143935.38,705723.37,5143936.33,705727.84,5143931.55,297.17,,0,
kprcnn-nojitter-v1,Yakima-Toppenish_03_20260614,Yakima (arid),trained,1,1,4230,4020,1,0.11868,4252.15,4063.69,4267.21,4068.0,15.06,4.31,64.92,4254.61,4066.18,4258.54,4066.51,4264.43,4066.84,0.5163,-0.0028,-1.9282,-0.4716,9.841,29.52,3.942,5.901,0.668,0.066,356.1,705883.83,5143877.47,705895.61,5143876.48,705913.29,5143875.48,115.55,,0,
kprcnn-nojitter-v1,Yakima-Toppenish_03_20260614,Yakima (arid),trained,1,1,4290,4020,1,0.08367,4290.0,4057.05,4291.77,4064.78,1.77,7.73,13.71,4291.04,4060.75,4291.04,4059.46,4291.63,4061.72,1.5507,-7.5869,-6.2609,-4.0991,1.133,3.4,1.288,2.33,0.553,0.673,301.5,705993.11,5143893.74,705993.11,5143897.61,705994.88,5143890.85,45.97,,0,
kprcnn-nojitter-v1,Yakima-Toppenish_03_20260614,Yakima (arid),trained,1,1,4410,4020,1,0.2957,4450.69,4020.03,4458.0,4026.0,7.31,5.97,43.65,4455.18,4021.85,4456.51,4023.51,4453.85,4022.85,-8.6428,-9.7046,0.2231,-6.0414,1.66,4.98,2.126,2.738,0.776,2.125,216.9,706485.53,5144010.44,706489.52,5144005.46,706481.55,5144007.45,433.45,,0,
kprcnn-nojitter-v1,Yakima-Toppenish_03_20260614,Yakima (arid),trained,1,1,4410,4020,0,0.20157,4447.42,4020.0,4456.67,4024.68,9.26,4.68,43.35,4451.55,4021.4,4449.9,4021.09,4453.86,4023.28,-8.7265,-3.8846,0.4141,-4.0657,2.977,8.93,1.682,4.53,0.371,0.797,321.0,706474.65,5144011.79,706469.69,5144012.72,706481.59,5144006.17,452.52,,0,
kprcnn-nojitter-v1,Yakima-Toppenish_03_20260614,Yakima (arid),trained,1,1,4410,4020,0,0.08841,4419.53,4041.64,4428.06,4051.93,8.53,10.29,87.74,4426.59,4045.79,4423.96,4046.12,4423.96,4050.11,-1.0075,-2.3917,-1.3265,-1.5753,5.049,15.15,2.646,3.982,0.664,2.07,238.7,706399.76,5143938.62,706391.89,5143937.63,706391.89,5143925.68,391.76,,0,
kprcnn-nojitter-v1,Yakima-Toppenish_03_20260614,Yakima (arid),trained,1,1,4410,4020,0,0.06345,4449.15,4020.23,4457.84,4023.24,8.7,3.01,26.17,4449.31,4020.98,4450.27,4020.98,4453.82,4022.48,-8.5561,-4.0214,-0.0408,-4.2061,4.754,14.26,0.966,3.85,0.251,0.306,341.6,706467.92,5144013.06,706470.82,5144013.06,706481.45,5144008.55,451.96,,0,
kprcnn-nojitter-v1,Yakima-Toppenish_03_20260614,Yakima (arid),trained,1,1,4410,4020,0,0.05249,4448.98,4020.0,4458.0,4030.27,9.02,10.27,92.62,4449.14,4020.17,4450.11,4021.16,4453.65,4022.82,-7.47,-4.223,1.0873,-3.5352,5.231,15.69,1.386,3.912,0.354,0.367,329.6,706467.42,5144015.5,706470.32,5144012.52,706480.95,5144007.55,451.93,,0,
kprcnn-nojitter-v1,Yakima-Toppenish_03_20260614,Yakima (arid),trained,1,1,4440,4020,1,0.18067,4481.53,4041.35,4487.99,4056.34,6.46,14.99,96.82,4487.83,4053.18,4485.89,4050.85,4483.63,4044.19,-6.9562,0.1791,0.4167,-2.1201,9.925,29.77,3.032,7.035,0.431,0.77,115.0,706583.48,5143916.46,706577.66,5143923.46,706570.88,5143943.44,313.32,,0,
kprcnn-nojitter-v1,Yakima-Toppenish_03_20260614,Yakima (arid),trained,1,1,4440,4020,0,0.11992,4454.59,4020.0,4478.04,4031.61,23.45,11.61,272.15,4475.56,4022.49,4468.63,4024.81,4463.68,4028.79,-7.8096,-5.9325,-0.0817,-4.6079,13.455,40.36,7.313,6.354,1.151,1.197,207.9,706546.69,5144008.54,706525.89,5144001.57,706511.03,5143989.63,406.13,,0,
kprcnn-nojitter-v1,Yakima-Toppenish_03_20260614,Yakima (arid),trained,1,1,4440,4020,0,0.06719,4459.44,4020.44,4481.02,4027.39,21.57,6.95,149.9,4480.85,4027.22,4468.9,4023.58,4473.88,4021.93,-7.1469,-5.6629,-1.2481,-4.686,8.753,26.26,12.491,5.246,2.381,4.329,142.8,706562.56,5143994.33,706526.71,5144005.25,706541.65,5144010.21,408.39,,0,
kprcnn-nojitter-v1,Yakima-Toppenish_03_20260614,Yakima (arid),trained,1,1,4470,4020,1,0.05683,4511.93,4055.11,4518.0,4066.88,6.07,11.77,71.41,4514.97,4066.71,4515.6,4064.1,4514.33,4058.21,-4.9909,-2.4652,-0.9741,-2.81,8.523,25.57,2.692,6.021,0.447,0.833,94.3,706664.9,5143875.86,706666.81,5143883.71,706662.98,5143901.36,227.01,,0,
kprcnn-nojitter-v1,Yakima-Toppenish_03_20260614,Yakima (arid),trained,1,1,4470,4020,0,0.05575,4470.26,4020.0,4475.6,4025.22,5.34,5.22,27.89,4473.56,4020.82,4471.04,4021.14,4472.61,4021.47,-8.3139,-8.6844,-0.5912,-5.8632,1.146,3.44,2.534,1.604,1.58,1.163,214.7,706540.67,5144013.55,706533.13,5144012.57,706537.84,5144011.59,409.97,,0,
kprcnn-nojitter-v1,Yakima-Toppenish_03_20260614,Yakima (arid),trained,1,1,4500,4020,1,0.07791,4500.18,4062.33,4508.1,4067.9,7.92,5.58,44.15,4501.99,4066.43,4504.96,4065.44,4501.66,4065.12,-9.3812,-7.8198,0.1232,-5.6926,1.353,4.06,3.129,3.316,0.943,3.12,104.1,706625.98,5143876.72,706634.89,5143879.67,706624.99,5143880.65,242.66,,0,
kprcnn-nojitter-v1,Yakima-Toppenish_03_20260614,Yakima (arid),trained,1,1,4500,4020,0,0.06747,4500.15,4061.1,4504.45,4067.88,4.3,6.78,29.16,4501.64,4063.2,4502.63,4063.52,4500.98,4064.81,-8.3088,-10.3932,0.1601,-6.1806,1.745,5.23,1.044,2.099,0.497,1.041,247.7,706624.92,5143886.4,706627.9,5143885.43,706622.94,5143881.56,251.57,,0,
kprcnn-nojitter-v1,Yakima-Toppenish_03_20260614,Yakima (arid),trained,1,1,2220,4050,1,0.1101,2226.4,4050.0,2246.75,4061.46,20.35,11.46,233.2,2242.32,4052.13,2235.75,4054.09,2227.55,4052.13,-1.0383,-1.7664,-5.269,-2.6912,14.769,44.31,6.852,8.437,0.812,1.965,180.0,699846.96,5143919.62,699827.26,5143913.72,699802.65,5143919.62,4630.61,,0,
kprcnn-nojitter-v1,Yakima-Toppenish_03_20260614,Yakima (arid),trained,1,1,2220,4050,0,0.05483,2258.58,4094.3,2266.99,4098.0,8.41,3.7,31.14,2261.65,4094.45,2261.65,4094.45,2261.65,4094.45,-6.9806,-3.6607,-9.6133,-6.7515,0.0,0.0,0.0,0.0,,0.0,0.0,699904.96,5143792.64,699904.96,5143792.64,699904.96,5143792.64,4679.35,,0,
kprcnn-nojitter-v1,Yakima-Toppenish_03_20260614,Yakima (arid),trained,1,1,2220,4050,0,0.05187,2255.54,4087.61,2267.2,4098.0,11.65,10.39,121.08,2260.71,4095.57,2261.37,4093.29,2259.71,4097.84,-9.1235,1.0141,-8.558,-5.5558,2.482,7.45,2.368,4.841,0.489,0.305,246.3,699902.12,5143789.3,699904.12,5143796.12,699899.12,5143782.49,4677.07,,0,
kprcnn-nojitter-v1,Yakima-Toppenish_03_20260614,Yakima (arid),trained,1,1,2250,4050,1,0.10292,2252.69,4077.42,2265.04,4089.6,12.34,12.18,150.4,2260.0,4083.18,2258.7,4083.51,2264.87,4077.58,-10.0684,1.6337,-12.2059,-6.8802,7.422,22.26,1.34,8.557,0.157,0.764,49.0,699900.0,5143826.45,699896.1,5143825.46,699914.62,5143843.25,4658.4,,0,
kprcnn-nojitter-v1,Yakima-Toppenish_03_20260614,Yakima (arid),trained,1,1,2250,4050,0,0.08987,2280.93,4058.09,2289.87,4067.91,8.95,9.83,87.89,2284.74,4060.87,2286.06,4062.51,2283.41,4059.89,-4.5132,-3.4802,-3.1737,-3.7224,1.65,4.95,2.107,3.727,0.565,0.526,143.4,699974.21,5143893.38,699978.19,5143888.47,699970.23,5143896.33,4558.76,,0,
kprcnn-nojitter-v1,Yakima-Toppenish_03_20260614,Yakima (arid),trained,1,1,2250,4050,0,0.05647,2255.5,4087.54,2266.57,4098.0,11.07,10.46,115.83,2262.83,4093.26,2261.53,4093.26,2259.57,4097.84,-9.1347,0.6348,-10.1167,-6.2055,5.618,16.85,1.302,4.977,0.262,1.061,234.6,699908.48,5143796.22,699904.58,5143796.22,699898.72,5143782.49,4676.71,,0,
kprcnn-nojitter-v1,Yakima-Toppenish_03_20260614,Yakima (arid),trained,1,1,2280,4050,1,0.19725,2280.0,4071.37,2283.73,4090.03,3.73,18.66,69.62,2280.78,4085.2,2280.78,4079.87,2281.09,4074.87,1.377,-0.7123,-1.0994,-0.1449,10.337,31.01,5.333,5.009,1.065,0.16,88.3,699962.33,5143820.39,699962.33,5143836.39,699963.26,5143851.39,4610.04,,0,
kprcnn-nojitter-v1,Yakima-Toppenish_03_20260614,Yakima (arid),trained,1,1,2280,4050,0,0.18597,2280.12,4056.84,2290.44,4066.25,10.32,9.41,97.06,2284.95,4060.25,2287.28,4061.87,2281.96,4059.28,-6.8681,-4.1178,-0.618,-3.8679,3.15,9.45,2.839,5.924,0.479,0.823,162.0,699974.85,5143895.25,699981.84,5143890.38,699965.87,5143898.17,4555.05,,0,
kprcnn-nojitter-v1,Yakima-Toppenish_03_20260614,Yakima (arid),trained,1,1,2280,4050,0,0.07285,2280.43,4057.68,2285.6,4067.98,5.17,10.3,53.23,2281.56,4066.16,2281.24,4062.83,2281.88,4059.51,-5.4575,-3.6565,-1.2538,-3.4559,6.653,19.96,3.338,3.385,0.986,0.484,87.2,699964.67,5143877.53,699963.71,5143887.5,699965.64,5143897.46,4568.2,,0,
kprcnn-nojitter-v1,Yakima-Toppenish_03_20260614,Yakima (arid),trained,1,1,2280,4050,0,0.07162,2280.0,4080.42,2283.43,4088.9,3.43,8.49,29.09,2280.78,4085.15,2280.78,4080.91,2282.03,4085.15,1.588,-5.2674,-8.8468,-4.1754,1.246,3.74,4.244,4.423,0.959,4.244,0.0,699962.34,5143820.55,699962.34,5143833.28,699966.08,5143820.55,4612.54,,0,
kprcnn-nojitter-v1,Yakima-Toppenish_03_20260614,Yakima (arid),trained,1,1,2280,4050,0,0.05373,2280.0,4056.55,2283.2,4068.79,3.2,12.25,39.23,2280.8,4066.64,2280.8,4062.67,2281.44,4059.03,-1.8615,-2.2182,-1.0944,-1.7247,7.64,22.92,3.972,3.697,1.074,0.333,85.2,699962.4,5143876.08,699962.4,5143887.99,699964.32,5143898.92,4568.59,,0,
kprcnn-nojitter-v1,Yakima-Toppenish_03_20260614,Yakima (arid),trained,1,1,2280,4050,0,0.053,2281.68,4057.03,2285.85,4064.46,4.17,7.43,31.02,2282.48,4061.39,2284.41,4062.69,2282.48,4059.13,-7.8476,-7.7806,-1.415,-5.681,2.262,6.79,2.32,4.043,0.574,1.927,90.0,699967.44,5143891.82,699973.22,5143887.94,699967.44,5143898.61,4562.15,,0,
kprcnn-nojitter-v1,Yakima-Toppenish_03_20260614,Yakima (arid),trained,1,1,4170,4050,1,0.10522,4170.15,4050.02,4174.15,4054.59,4.0,4.57,18.3,4171.54,4050.84,4172.15,4051.49,4170.92,4052.14,0.0146,-7.4244,-5.986,-4.4653,1.444,4.33,0.898,1.395,0.644,0.836,244.7,705634.61,5143923.49,705636.45,5143921.53,705632.76,5143919.57,378.58,,0,
kprcnn-nojitter-v1,Yakima-Toppenish_03_20260614,Yakima (arid),trained,1,1,4170,4050,0,0.08826,4170.1,4050.0,4173.12,4052.97,3.02,2.97,8.95,4172.07,4051.15,4172.07,4051.15,4170.86,4051.48,-0.8012,-7.0239,-5.0378,-4.2876,1.25,3.75,0.0,1.25,0.0,0.0,195.3,705636.2,5143922.54,705636.2,5143922.54,705632.58,5143921.55,379.01,,0,
kprcnn-nojitter-v1,Yakima-Toppenish_03_20260614,Yakima (arid),trained,1,1,4230,4050,1,0.17539,4250.06,4063.22,4266.4,4070.49,16.34,7.27,118.8,4253.16,4066.69,4258.07,4066.69,4264.93,4068.34,1.9554,1.8811,-0.4141,1.1408,11.884,35.65,4.903,7.061,0.694,0.682,352.0,705879.49,5143875.93,705894.2,5143875.93,705914.79,5143870.97,116.83,,0,
kprcnn-nojitter-v1,Yakima-Toppenish_03_20260614,Yakima (arid),trained,1,1,4260,4050,1,0.83008,4286.61,4068.33,4307.09,4076.47,20.47,8.13,166.55,4290.08,4072.4,4296.03,4072.4,4303.62,4074.03,3.1319,5.0029,2.9592,3.698,13.636,40.91,5.944,7.767,0.765,0.709,353.1,705990.25,5143858.8,706008.08,5143858.8,706030.86,5143853.92,4.42,11,1,1.519
kprcnn-nojitter-v1,Yakima-Toppenish_03_20260614,Yakima (arid),trained,1,1,4290,4050,1,0.52966,4290.0,4068.49,4305.85,4077.22,15.85,8.73,138.29,4290.83,4072.53,4295.45,4072.53,4303.04,4074.47,0.3257,2.9338,2.0987,1.7861,12.368,37.1,4.622,7.837,0.59,0.725,351.0,705992.48,5143858.4,706006.34,5143858.4,706029.12,5143852.58,4.75,11,1,1.278
kprcnn-nojitter-v1,Yakima-Toppenish_03_20260614,Yakima (arid),trained,1,1,4290,4050,0,0.09566,4290.04,4058.63,4292.14,4064.0,2.1,5.37,11.3,4290.49,4061.0,4290.79,4060.37,4291.99,4061.63,0.6841,-7.3555,-6.1183,-4.2632,1.63,4.89,0.7,1.744,0.401,0.699,337.2,705991.47,5143893.01,705992.37,5143894.9,705995.97,5143891.11,43.72,,0,
kprcnn-nojitter-v1,Yakima-Toppenish_03_20260614,Yakima (arid),trained,1,1,4290,4050,0,0.08005,4290.0,4068.09,4296.63,4077.14,6.63,9.05,60.01,4291.16,4072.78,4295.14,4072.46,4290.17,4073.1,1.6938,0.7681,-8.9383,-2.1588,1.046,3.14,3.991,5.014,0.796,0.922,198.0,705993.48,5143857.66,706005.41,5143858.63,705990.5,5143856.69,5.51,11,1,5.493
kprcnn-nojitter-v1,Yakima-Toppenish_03_20260614,Yakima (arid),trained,1,1,4290,4050,0,0.06066,4290.0,4072.02,4302.75,4078.76,12.75,6.74,85.96,4290.82,4073.14,4295.39,4073.46,4302.58,4074.75,-0.0346,0.3463,-0.9497,-0.2126,11.876,35.63,4.587,7.305,0.628,0.3,352.2,705992.45,5143856.57,706006.18,5143855.61,706027.75,5143851.75,3.08,11,1,1.081
kprcnn-nojitter-v1,Yakima-Toppenish_03_20260614,Yakima (arid),trained,1,1,4440,4050,1,0.07104,4461.26,4062.8,4475.25,4075.75,13.98,12.95,181.03,4464.42,4064.96,4468.42,4069.27,4463.76,4067.94,-5.9803,0.0521,-4.6854,-3.5379,3.061,9.18,5.881,4.847,1.213,4.838,257.4,706513.27,5143881.13,706525.26,5143868.18,706511.28,5143872.17,317.36,,0,
kprcnn-nojitter-v1,Yakima-Toppenish_03_20260614,Yakima (arid),trained,1,1,4470,4050,1,0.1292,4485.64,4050.08,4500.25,4054.97,14.6,4.89,71.39,4485.81,4051.55,4488.13,4052.52,4493.44,4051.55,-7.3673,-1.8698,0.1127,-3.0415,7.634,22.9,2.521,5.4,0.467,0.978,0.0,706577.43,5143921.36,706584.4,5143918.43,706600.33,5143921.36,305.06,,0,
kprcnn-nojitter-v1,Yakima-Toppenish_03_20260614,Yakima (arid),trained,1,1,4470,4050,0,0.09069,4486.68,4050.0,4494.97,4059.85,8.29,9.85,81.66,4486.85,4051.81,4488.17,4052.46,4493.15,4051.81,-6.9952,-2.4443,0.3019,-3.0459,6.301,18.9,1.48,5.017,0.295,0.657,0.0,706580.54,5143920.58,706584.52,5143918.61,706599.44,5143920.58,305.11,,0,
kprcnn-nojitter-v1,Yakima-Toppenish_03_20260614,Yakima (arid),trained,1,1,4470,4050,0,0.05226,4484.27,4050.0,4498.53,4052.89,14.26,2.89,41.23,4491.73,4052.09,4488.09,4051.45,4493.72,4051.45,-8.8677,-2.1494,-0.1541,-3.7237,2.091,6.27,3.705,5.639,0.657,1.732,17.9,706595.2,5143919.74,706584.26,5143921.66,706601.17,5143921.66,307.55,,0,
kprcnn-nojitter-v1,Yakima-Toppenish_03_20260614,Yakima (arid),trained,1,1,4530,4050,1,0.05778,4530.0,4088.62,4542.09,4098.0,12.09,9.38,113.43,4541.93,4095.25,4541.93,4095.25,4532.12,4091.04,-8.1994,-8.6347,1.0059,-5.2761,10.666,32.0,0.0,10.666,0.0,0.0,156.8,706745.78,5143790.25,706745.78,5143790.25,706716.37,5143802.87,106.84,,0,
kprcnn-nojitter-v1,Yakima-Toppenish_03_20260614,Yakima (arid),trained,1,1,2220,4080,1,0.05747,2247.05,4080.0,2268.0,4088.62,20.95,8.62,180.68,2264.51,4082.16,2258.52,4083.48,2248.21,4085.47,-0.7609,0.8266,-2.1795,-0.7046,16.631,49.89,6.132,10.5,0.584,0.106,191.5,699913.52,5143829.53,699895.56,5143825.55,699864.63,5143819.58,4658.65,,0,
kprcnn-nojitter-v1,Yakima-Toppenish_03_20260614,Yakima (arid),trained,1,1,2250,4080,1,0.39639,2277.66,4080.0,2290.84,4086.72,13.18,6.72,88.58,2280.46,4084.96,2280.13,4080.8,2288.04,4081.44,-0.1087,-3.0427,-0.7357,-1.2957,8.355,25.07,4.174,7.932,0.526,3.912,24.9,699961.39,5143821.12,699960.4,5143833.6,699984.12,5143831.68,4613.44,,0,
kprcnn-nojitter-v1,Yakima-Toppenish_03_20260614,Yakima (arid),trained,1,1,2250,4080,0,0.18531,2270.66,4080.0,2287.73,4083.87,17.08,3.87,66.08,2280.67,4083.71,2279.36,4080.81,2287.57,4080.81,-2.4805,-1.5094,-2.9243,-2.3047,7.482,22.45,3.186,8.21,0.388,3.184,22.8,699962.02,5143824.88,699958.08,5143833.58,699982.71,5143833.58,4614.83,,0,
kprcnn-nojitter-v1,Yakima-Toppenish_03_20260614,Yakima (arid),trained,1,1,2250,4080,0,0.05545,2275.28,4080.0,2286.26,4087.94,10.98,7.94,87.17,2280.77,4085.13,2279.77,4080.83,2286.09,4080.83,-0.1428,-2.0704,-2.9923,-1.7352,6.844,20.53,4.414,6.323,0.698,3.972,38.9,699962.3,5143820.62,699959.3,5143833.52,699978.27,5143833.52,4614.15,,0,
kprcnn-nojitter-v1,Yakima-Toppenish_03_20260614,Yakima (arid),trained,1,1,2280,4080,1,0.13599,2280.0,4080.0,2291.08,4088.72,11.08,8.72,96.65,2280.81,4085.01,2283.42,4083.07,2287.99,4081.45,0.3817,-5.5325,-0.4458,-1.8655,8.004,24.01,3.249,4.841,0.671,0.579,26.4,699962.44,5143820.98,699970.27,5143826.8,699983.96,5143831.64,4613.07,,0,
kprcnn-nojitter-v1,Yakima-Toppenish_03_20260614,Yakima (arid),trained,1,1,2280,4080,0,0.06795,2280.0,4080.19,2285.16,4087.83,5.16,7.64,39.39,2280.81,4085.0,2280.81,4080.69,2284.99,4080.69,1.2334,-4.4332,-4.7814,-2.6604,6.016,18.05,4.318,4.189,1.031,3.007,45.9,699962.42,5143820.99,699962.42,5143833.94,699974.98,5143833.94,4611.97,,0,
kprcnn-nojitter-v1,Yakima-Toppenish_03_20260614,Yakima (arid),trained,1,1,2280,4080,0,0.05509,2280.0,4082.43,2282.74,4087.26,2.74,4.83,13.26,2280.46,4084.85,2281.37,4084.85,2280.46,4086.13,0.3369,-7.1815,-8.0478,-4.9641,1.289,3.87,0.915,1.581,0.579,0.915,270.0,699961.37,5143821.46,699964.12,5143821.46,699961.37,5143817.6,4621.01,,0,
kprcnn-nojitter-v1,Yakima-Toppenish_03_20260614,Yakima (arid),trained,1,1,2310,4080,1,0.06316,2331.15,4107.6,2342.45,4117.08,11.3,9.48,107.13,2334.64,4116.92,2336.63,4112.99,2334.64,4116.92,-7.9051,0.8044,-6.4341,-4.5116,0.0,0.0,4.4,4.4,1.0,0.0,0.0,700123.92,5143725.25,700129.9,5143737.02,700123.92,5143725.25,4589.54,,0,
kprcnn-nojitter-v1,Yakima-Toppenish_03_20260614,Yakima (arid),trained,1,1,4350,4080,1,0.0856,4387.33,4084.3,4396.16,4091.27,8.82,6.97,61.52,4389.13,4086.79,4392.07,4088.12,4395.99,4088.45,-0.3516,-1.3709,-2.8693,-1.5306,7.06,21.18,3.227,3.935,0.82,0.599,346.4,706287.39,5143815.63,706296.21,5143811.65,706307.97,5143810.65,290.34,,0,
kprcnn-nojitter-v1,Yakima-Toppenish_03_20260614,Yakima (arid),trained,1,1,4470,4080,1,0.2031,4510.99,4080.0,4518.0,4089.52,7.01,9.52,66.75,4516.88,4081.48,4515.93,4084.76,4514.97,4081.48,-6.9733,-1.5941,-0.3067,-2.958,1.913,5.74,3.419,3.419,1.0,3.282,180.0,706670.65,5143831.57,706667.78,5143821.72,706664.92,5143831.57,177.45,,0,
kprcnn-nojitter-v1,Yakima-Toppenish_03_20260614,Yakima (arid),trained,1,1,4470,4080,0,0.10702,4484.04,4094.71,4495.67,4102.25,11.63,7.54,87.64,4493.84,4099.14,4490.52,4098.48,4485.87,4097.17,-0.3823,0.2915,-4.5663,-1.5523,8.211,24.63,3.386,4.831,0.701,0.159,166.1,706601.53,5143778.59,706591.56,5143780.56,706577.61,5143784.49,216.78,,0,
kprcnn-nojitter-v1,Yakima-Toppenish_03_20260614,Yakima (arid),trained,1,1,4470,4080,0,0.10492,4512.32,4080.03,4518.0,4084.56,5.68,4.52,25.68,4517.21,4081.49,4515.95,4084.07,4515.0,4080.84,-6.9563,-3.5839,-0.3947,-3.645,2.301,6.9,2.877,3.367,0.854,2.835,163.7,706671.63,5143831.54,706667.85,5143823.78,706665.01,5143833.48,178.9,,0,
kprcnn-nojitter-v1,Yakima-Toppenish_03_20260614,Yakima (arid),trained,1,1,4500,4080,1,0.28471,4540.65,4093.27,4547.93,4102.92,7.28,9.66,70.32,4546.44,4096.76,4542.8,4098.76,4544.45,4096.1,-8.5393,-8.5686,0.1401,-5.6559,2.095,6.29,4.154,3.136,1.325,3.051,161.5,706759.32,5143785.71,706748.39,5143779.72,706753.36,5143787.71,96.19,,0,
kprcnn-nojitter-v1,Yakima-Toppenish_03_20260614,Yakima (arid),trained,1,1,4500,4080,0,0.11873,4511.71,4080.16,4523.72,4087.58,12.0,7.42,89.07,4522.26,4086.12,4517.07,4084.19,4516.42,4081.61,-8.1565,-8.667,-0.4038,-5.7424,7.383,22.15,5.54,2.661,2.082,1.645,142.3,706686.77,5143817.63,706671.2,5143823.43,706669.25,5143831.18,176.38,,0,
kprcnn-nojitter-v1,Yakima-Toppenish_03_20260614,Yakima (arid),trained,1,1,4500,4080,0,0.07578,4510.26,4080.08,4519.38,4084.53,9.12,4.45,40.57,4519.22,4083.74,4516.29,4083.42,4515.64,4081.2,-8.1436,-9.8206,-0.9503,-6.3048,4.392,13.18,2.947,2.318,1.271,1.437,144.6,706677.65,5143824.78,706668.86,5143825.74,706666.91,5143832.41,179.66,,0,
kprcnn-nojitter-v1,Yakima-Toppenish_03_20260614,Yakima (arid),trained,1,1,4530,4080,1,0.27719,4545.68,4122.61,4568.29,4128.0,22.61,5.39,121.95,4549.5,4125.62,4555.82,4125.94,4561.81,4127.21,2.4517,2.3872,-3.9798,0.2864,12.405,37.21,6.326,6.118,1.034,0.493,352.7,706768.51,5143699.14,706787.47,5143698.19,706805.42,5143694.38,5.78,10,1,2.726
kprcnn-nojitter-v1,Yakima-Toppenish_03_20260614,Yakima (arid),trained,1,1,4530,4080,0,0.07693,4552.01,4096.91,4565.93,4109.17,13.92,12.25,170.56,4557.48,4100.72,4559.8,4103.7,4554.83,4099.4,-8.2627,-0.5793,0.5818,-2.7534,2.964,8.89,3.777,6.577,0.574,1.629,153.5,706792.44,5143773.83,706799.4,5143764.89,706784.48,5143777.81,72.6,,0,
kprcnn-nojitter-v1,Yakima-Toppenish_03_20260614,Yakima (arid),trained,1,1,4530,4080,0,0.06446,4546.92,4097.25,4557.0,4104.68,10.08,7.43,74.91,4547.08,4097.41,4547.08,4097.41,4555.21,4099.68,-6.2717,-7.8106,0.2313,-4.617,8.439,25.32,0.0,8.439,0.0,0.0,344.5,706761.24,5143783.76,706761.24,5143783.76,706785.63,5143776.97,95.23,,0,
kprcnn-nojitter-v1,Yakima-Toppenish_03_20260614,Yakima (arid),trained,1,1,4530,4080,0,0.05883,4537.44,4092.81,4546.89,4102.9,9.45,10.1,95.42,4537.6,4092.97,4542.17,4098.83,4544.12,4096.23,-7.1375,-6.6394,-0.9219,-4.8996,7.287,21.86,7.428,3.258,2.28,3.205,333.5,706732.81,5143797.09,706746.5,5143779.5,706752.37,5143787.32,96.82,,0,
kprcnn-nojitter-v1,Yakima-Toppenish_03_20260614,Yakima (arid),trained,1,1,4530,4080,0,0.05583,4530.24,4089.17,4539.25,4096.43,9.01,7.26,65.42,4539.09,4094.61,4539.09,4094.61,4531.69,4090.98,-8.3886,-9.1314,0.4923,-5.6759,8.243,24.73,0.0,8.243,0.0,0.0,153.9,706737.26,5143792.16,706737.26,5143792.16,706715.06,5143803.05,112.3,,0,
kprcnn-nojitter-v1,Yakima-Toppenish_03_20260614,Yakima (arid),trained,1,1,4530,4080,0,0.05386,4530.68,4080.01,4548.73,4090.23,18.05,10.23,184.58,4530.84,4090.07,4530.84,4090.07,4540.36,4086.44,-6.7715,-7.4098,-0.2643,-4.8152,10.186,30.56,0.0,10.186,0.0,0.0,20.9,706712.52,5143805.79,706712.52,5143805.79,706741.07,5143816.68,136.81,,0,
kprcnn-nojitter-v1,Yakima-Toppenish_03_20260614,Yakima (arid),trained,1,1,2280,4110,1,0.06206,2297.17,4131.15,2313.34,4140.06,16.17,8.92,144.23,2301.95,4136.27,2305.25,4135.61,2301.62,4135.61,-5.6448,-1.5909,-2.9497,-3.3952,0.739,2.22,3.366,3.63,0.927,3.248,116.5,700025.85,5143667.2,700035.75,5143669.18,700024.86,5143669.18,4694.07,,0,
kprcnn-nojitter-v1,Yakima-Toppenish_03_20260614,Yakima (arid),trained,1,1,2340,4110,1,0.09016,2346.78,4150.03,2370.51,4158.0,23.74,7.97,189.07,2351.23,4155.84,2358.48,4154.85,2348.26,4152.19,-0.3115,-0.9901,-7.3452,-2.8822,4.705,14.11,7.32,10.559,0.693,6.256,129.1,700173.68,5143608.47,700195.44,5143611.46,700164.78,5143619.43,4548.15,,0,
kprcnn-nojitter-v1,Yakima-Toppenish_03_20260614,Yakima (arid),trained,1,1,4530,4110,1,0.86884,4547.84,4122.63,4565.19,4130.91,17.35,8.28,143.6,4550.62,4125.78,4555.86,4126.77,4562.41,4129.09,2.0803,4.2462,1.2285,2.5183,12.243,36.73,5.332,6.946,0.768,0.46,344.3,706771.86,5143698.67,706787.57,5143695.69,706807.22,5143688.74,3.58,10,1,1.541
kprcnn-nojitter-v1,Yakima-Toppenish_03_20260614,Yakima (arid),trained,1,1,4560,4110,1,0.07144,4561.05,4126.66,4569.67,4136.67,8.61,10.01,86.24,4569.17,4130.7,4564.86,4132.31,4562.87,4128.76,-3.7258,-8.3831,2.2092,-3.2999,6.587,19.76,4.6,4.071,1.13,2.81,162.9,706827.51,5143683.9,706814.58,5143679.06,706808.62,5143689.71,28.36,,0,
kprcnn-nojitter-v1,Yakima-Toppenish_03_20260614,Yakima (arid),trained,1,1,4650,4110,1,0.07984,4650.0,4122.38,4652.86,4146.4,2.86,24.02,68.72,4652.7,4142.29,4650.79,4132.74,4651.11,4141.63,-8.3309,-1.3562,-0.673,-3.4534,1.72,5.16,9.73,8.888,1.095,8.086,157.5,707078.11,5143649.14,707072.38,5143677.77,707073.34,5143651.12,119.07,,0,
kprcnn-nojitter-v1,Yakima-Toppenish_03_20260614,Yakima (arid),trained,1,1,4680,4110,1,0.64827,4700.05,4137.49,4714.23,4147.72,14.18,10.23,145.12,4714.07,4142.6,4706.81,4142.93,4702.53,4145.25,-8.2155,3.0153,-0.0613,-1.7538,11.841,35.52,7.263,4.87,1.491,1.296,192.9,707262.21,5143648.19,707240.44,5143647.2,707227.58,5143640.26,98.0,,0,
kprcnn-nojitter-v1,Yakima-Toppenish_03_20260614,Yakima (arid),trained,1,1,4680,4110,0,0.07769,4705.0,4146.83,4715.62,4158.0,10.62,11.17,118.59,4707.16,4155.87,4710.47,4152.58,4707.82,4147.0,0.8592,0.2362,-3.7973,-0.9007,8.892,26.68,4.669,6.182,0.755,3.064,85.7,707241.47,5143608.4,707251.42,5143618.26,707243.46,5143635.01,96.65,,0,
kprcnn-nojitter-v1,Yakima-Toppenish_03_20260614,Yakima (arid),trained,1,1,4680,4110,0,0.07292,4699.24,4153.04,4728.0,4158.0,28.76,4.96,142.8,4705.68,4156.18,4719.9,4155.19,4704.03,4155.19,-1.2917,-3.3645,-3.891,-2.8491,1.928,5.79,14.251,15.87,0.898,8.171,149.0,707237.05,5143607.46,707279.7,5143610.44,707232.09,5143610.44,76.59,,0,
kprcnn-nojitter-v1,Yakima-Toppenish_03_20260614,Yakima (arid),trained,1,1,4680,4110,0,0.06731,4680.08,4142.01,4682.95,4154.08,2.86,12.08,34.59,4682.47,4149.68,4680.88,4143.47,4680.88,4149.35,-0.501,-5.6622,-3.9795,-3.3809,1.624,4.87,6.402,5.875,1.09,5.755,168.4,707167.4,5143626.97,707162.63,5143645.58,707162.63,5143627.95,51.12,,0,
kprcnn-nojitter-v1,Yakima-Toppenish_03_20260614,Yakima (arid),trained,1,1,4710,4110,1,0.08954,4710.06,4155.31,4712.13,4158.0,2.07,2.69,5.57,4711.09,4156.66,4710.8,4156.36,4710.5,4157.25,-0.7889,-6.8687,-6.6698,-4.7758,0.841,2.52,0.421,0.944,0.445,0.42,225.3,707253.28,5143606.03,707252.4,5143606.93,707251.51,5143604.24,93.28,,0,
kprcnn-nojitter-v1,Yakima-Toppenish_03_20260614,Yakima (arid),trained,1,1,4740,4110,1,0.08531,4752.96,4146.88,4761.85,4158.0,8.89,11.12,98.9,4755.76,4157.84,4755.76,4155.55,4758.39,4149.0,-5.6345,-2.816,0.3781,-2.6908,9.218,27.65,2.29,7.054,0.325,0.655,73.4,707387.27,5143602.49,707387.27,5143609.36,707395.17,5143628.99,86.18,,0,
kprcnn-nojitter-v1,Yakima-Toppenish_03_20260614,Yakima (arid),trained,1,1,2340,4140,1,0.07084,2381.31,4165.73,2388.0,4176.98,6.69,11.25,75.33,2386.88,4171.52,2385.93,4171.19,2387.84,4176.82,-6.865,-0.0721,-9.2298,-5.3889,5.382,16.15,1.012,5.943,0.17,0.882,280.2,700280.65,5143561.43,700277.78,5143562.42,700283.52,5143545.54,4477.6,,0,
kprcnn-nojitter-v1,Yakima-Toppenish_03_20260614,Yakima (arid),trained,1,1,4560,4140,1,0.06579,4596.46,4164.92,4608.0,4178.38,11.54,13.47,155.42,4602.56,4174.28,4602.23,4173.29,4603.88,4167.38,-9.2753,-1.02,2.1933,-2.7007,7.024,21.07,1.039,6.139,0.169,0.509,79.2,706927.68,5143553.17,706926.69,5143556.12,706931.64,5143573.86,193.5,,0,
kprcnn-nojitter-v1,Yakima-Toppenish_03_20260614,Yakima (arid),trained,1,1,4590,4140,1,0.05919,4633.17,4143.41,4638.0,4150.46,4.83,7.05,34.04,4635.91,4147.09,4635.91,4146.77,4635.59,4148.37,-3.3588,-7.5418,-1.8887,-4.2631,1.322,3.96,0.32,1.634,0.196,0.078,255.9,707027.72,5143634.72,707027.72,5143635.68,707026.76,5143630.88,136.27,,0,
kprcnn-nojitter-v1,Yakima-Toppenish_03_20260614,Yakima (arid),trained,1,1,4620,4140,1,0.07745,4620.12,4140.09,4625.58,4147.9,5.45,7.81,42.58,4625.1,4145.13,4622.53,4143.18,4621.25,4144.81,-4.5282,-9.137,-0.7497,-4.805,3.863,11.59,3.224,2.072,1.556,1.729,175.2,706995.29,5143640.6,706987.59,5143646.46,706983.74,5143641.58,177.8,,0,
kprcnn-nojitter-v1,Yakima-Toppenish_03_20260614,Yakima (arid),trained,1,1,4650,4140,1,0.55338,4670.27,4155.41,4687.29,4164.74,17.03,9.34,159.0,4673.38,4158.46,4678.62,4159.75,4684.51,4161.36,2.1997,3.4035,2.0144,2.5392,11.504,34.51,5.395,6.11,0.883,0.073,345.4,707140.13,5143600.61,707155.85,5143596.74,707173.53,5143591.91,2.75,9,1,0.958
kprcnn-nojitter-v1,Yakima-Toppenish_03_20260614,Yakima (arid),trained,1,1,4680,4140,1,0.63134,4714.46,4166.58,4728.0,4175.61,13.54,9.03,122.25,4716.94,4169.65,4721.23,4170.94,4725.85,4172.87,1.2962,1.0876,-3.9939,-0.5367,9.48,28.44,4.482,5.011,0.894,0.247,340.1,707270.82,5143567.06,707283.69,5143563.19,707297.56,5143557.38,44.21,,0,
kprcnn-nojitter-v1,Yakima-Toppenish_03_20260614,Yakima (arid),trained,1,1,4680,4140,0,0.12467,4680.47,4159.4,4687.89,4167.38,7.42,7.97,59.15,4681.92,4160.9,4684.82,4164.22,4684.5,4161.56,-8.3553,-8.5282,1.547,-5.1122,2.665,7.99,4.412,2.677,1.648,2.493,345.6,707165.75,5143593.31,707174.46,5143583.34,707173.49,5143591.31,20.26,,0,
kprcnn-nojitter-v1,Yakima-Toppenish_03_20260614,Yakima (arid),trained,1,1,4680,4140,0,0.11679,4680.01,4140.0,4683.66,4153.05,3.65,13.05,47.67,4681.83,4149.3,4680.84,4143.75,4680.84,4149.3,-0.2899,-2.6434,-4.3378,-2.4237,0.996,2.99,5.634,5.545,1.016,5.545,180.0,707165.5,5143628.11,707162.51,5143644.75,707162.51,5143628.11,50.28,,0,
kprcnn-nojitter-v1,Yakima-Toppenish_03_20260614,Yakima (arid),trained,1,1,4680,4140,0,0.06326,4700.1,4140.0,4716.06,4145.67,15.96,5.67,90.55,4700.27,4145.52,4706.92,4143.0,4713.23,4141.73,-8.2245,1.4109,0.9568,-1.9523,13.506,40.52,7.111,6.441,1.104,0.559,16.3,707220.81,5143639.45,707240.75,5143647.01,707259.7,5143650.8,98.17,,0,
kprcnn-nojitter-v1,Yakima-Toppenish_03_20260614,Yakima (arid),trained,1,1,4710,4140,1,0.66497,4723.24,4170.2,4745.58,4179.93,22.34,9.72,217.25,4728.33,4173.28,4734.25,4174.9,4741.8,4176.85,0.8685,4.6656,3.1962,2.9101,13.934,41.8,6.132,7.803,0.786,0.053,345.2,707305.0,5143556.15,707322.74,5143551.29,707345.41,5143545.45,3.59,8,1,0.876
kprcnn-nojitter-v1,Yakima-Toppenish_03_20260614,Yakima (arid),trained,1,1,4710,4140,0,0.22053,4715.09,4166.7,4728.21,4174.82,13.13,8.12,106.6,4717.55,4169.78,4721.48,4170.76,4728.05,4173.03,0.6954,0.454,-5.0739,-1.3081,10.992,32.98,4.057,6.946,0.584,0.233,342.8,707272.64,5143566.65,707284.45,5143563.72,707304.14,5143556.9,43.67,,0,
kprcnn-nojitter-v1,Yakima-Toppenish_03_20260614,Yakima (arid),trained,1,1,4710,4140,0,0.08053,4710.0,4148.79,4715.32,4159.78,5.32,10.99,58.44,4711.5,4157.62,4710.83,4152.62,4713.16,4157.95,-2.1306,-0.1772,-2.9171,-1.7416,1.695,5.08,5.04,5.815,0.867,4.768,348.7,707254.49,5143603.15,707252.49,5143618.14,707259.47,5143602.16,97.66,,0,
kprcnn-nojitter-v1,Yakima-Toppenish_03_20260614,Yakima (arid),trained,1,1,4740,4140,1,0.22265,4740.0,4174.47,4746.55,4184.33,6.55,9.85,64.56,4744.42,4177.59,4742.78,4180.22,4741.47,4176.61,-7.5512,-7.7493,2.7913,-4.1697,3.109,9.33,3.096,3.843,0.806,3.011,161.5,707353.27,5143543.22,707348.35,5143535.34,707344.42,5143546.18,26.6,,0,
kprcnn-nojitter-v1,Yakima-Toppenish_03_20260614,Yakima (arid),trained,1,1,4740,4140,0,0.12691,4740.13,4167.72,4744.22,4181.57,4.09,13.85,56.69,4743.75,4177.45,4742.49,4181.41,4741.23,4176.46,-8.6557,-8.2054,2.6878,-4.7244,2.705,8.12,4.154,5.106,0.814,4.145,158.5,707351.26,5143543.65,707347.48,5143531.78,707343.7,5143546.62,27.92,,0,
kprcnn-nojitter-v1,Yakima-Toppenish_03_20260614,Yakima (arid),trained,1,1,4740,4140,0,0.06541,4740.0,4172.28,4742.8,4183.29,2.8,11.01,30.81,4742.64,4177.94,4741.71,4180.86,4741.4,4176.65,-10.6099,-7.8253,2.1515,-5.4279,1.796,5.39,3.06,4.22,0.725,2.692,133.9,707347.93,5143542.17,707345.13,5143533.42,707344.2,5143546.05,25.06,,0,
kprcnn-nojitter-v1,Yakima-Toppenish_03_20260614,Yakima (arid),trained,1,1,4770,4140,1,0.08551,4810.62,4173.62,4818.0,4187.6,7.38,13.97,103.12,4815.91,4185.44,4815.59,4178.45,4812.71,4185.1,-1.4732,-0.2514,-3.1629,-1.6292,3.225,9.68,6.995,7.254,0.964,6.917,174.1,707567.74,5143519.69,707566.78,5143540.65,707558.12,5143520.69,241.31,,0,
kprcnn-nojitter-v1,Yakima-Toppenish_03_20260614,Yakima (arid),trained,1,1,2310,4170,1,0.0813,2327.78,4170.0,2336.51,4173.98,8.74,3.98,34.77,2332.14,4170.83,2331.17,4172.82,2331.82,4172.82,3.6922,-7.6596,-8.5556,-4.1743,2.015,6.05,2.214,0.647,3.42,0.639,260.8,700116.43,5143563.51,700113.52,5143557.55,700115.46,5143557.55,4639.26,,0,
kprcnn-nojitter-v1,Yakima-Toppenish_03_20260614,Yakima (arid),trained,1,1,2340,4170,1,0.05415,2340.07,4186.79,2342.48,4198.08,2.41,11.29,27.21,2340.83,4193.27,2340.83,4187.62,2340.83,4186.96,1.9691,-4.5,-8.9,-3.8103,6.307,18.92,5.643,0.664,8.5,0.0,90.0,700142.48,5143496.2,700142.48,5143513.13,700142.48,5143515.12,4620.33,,0,
kprcnn-nojitter-v1,Yakima-Toppenish_03_20260614,Yakima (arid),trained,1,1,4710,4170,1,0.7182,4725.14,4171.03,4745.73,4179.97,20.58,8.95,184.16,4728.96,4173.84,4734.6,4175.17,4742.24,4177.16,0.725,3.813,3.0985,2.5455,13.686,41.06,5.797,7.89,0.735,0.08,346.0,707306.88,5143554.47,707323.81,5143550.49,707346.72,5143544.53,2.26,8,1,0.583
kprcnn-nojitter-v1,Yakima-Toppenish_03_20260614,Yakima (arid),trained,1,1,4710,4170,0,0.11644,4738.26,4175.12,4746.53,4184.77,8.27,9.66,79.84,4744.71,4177.95,4742.72,4180.28,4741.07,4176.95,-7.8583,-6.9116,3.1235,-3.8821,3.773,11.32,3.061,3.718,0.823,2.773,164.6,707354.13,5143542.16,707348.17,5143535.17,707343.21,5143545.16,26.53,,0,
kprcnn-nojitter-v1,Yakima-Toppenish_03_20260614,Yakima (arid),trained,1,1,4710,4170,0,0.05534,4736.2,4173.89,4747.21,4188.39,11.01,14.5,159.71,4746.4,4177.68,4742.84,4181.63,4740.9,4176.36,-7.0599,-7.2339,4.7146,-3.1931,5.662,16.99,5.323,5.62,0.947,4.676,166.5,707359.21,5143542.96,707348.52,5143531.1,707342.69,5143546.92,29.16,,0,
kprcnn-nojitter-v1,Yakima-Toppenish_03_20260614,Yakima (arid),trained,1,1,4710,4170,0,0.05112,4713.97,4170.0,4731.13,4175.15,17.16,5.15,88.37,4728.32,4173.7,4722.38,4170.8,4728.32,4172.41,-0.9363,-1.4473,-3.4259,-1.9365,1.288,3.86,6.608,6.154,1.074,5.94,90.0,707304.97,5143554.89,707287.15,5143563.59,707304.97,5143558.76,41.09,,0,
kprcnn-nojitter-v1,Yakima-Toppenish_03_20260614,Yakima (arid),trained,1,1,4740,4170,1,0.39337,4740.0,4174.2,4745.44,4184.27,5.44,10.07,54.76,4744.32,4177.28,4742.72,4179.88,4741.44,4176.96,-7.4175,-6.9524,2.8916,-3.8261,2.897,8.69,3.052,3.191,0.956,2.762,173.6,707352.95,5143544.15,707348.16,5143536.35,707344.32,5143545.13,25.91,,0,
kprcnn-nojitter-v1,Yakima-Toppenish_03_20260614,Yakima (arid),trained,1,1,4740,4170,0,0.17498,4740.08,4171.52,4749.51,4180.8,9.42,9.28,87.47,4748.04,4177.98,4746.42,4176.65,4741.55,4176.99,-4.1936,-8.9099,3.5834,-3.1734,6.575,19.73,2.097,4.886,0.429,1.065,171.3,707364.13,5143542.06,707359.26,5143546.04,707344.64,5143545.04,33.79,,0,
kprcnn-nojitter-v1,Yakima-Toppenish_03_20260614,Yakima (arid),trained,1,1,4740,4170,0,0.11326,4740.07,4171.65,4744.62,4180.08,4.55,8.43,38.35,4743.81,4176.67,4742.51,4175.37,4740.89,4177.0,-8.5123,-9.9669,2.5888,-5.2968,2.942,8.83,1.836,2.295,0.8,1.433,186.3,707351.43,5143545.99,707347.53,5143549.88,707342.66,5143545.01,21.93,,0,
kprcnn-nojitter-v1,Yakima-Toppenish_03_20260614,Yakima (arid),trained,1,1,4740,4170,0,0.07463,4740.29,4172.03,4742.96,4184.35,2.67,12.32,32.94,4742.81,4177.53,4741.92,4179.86,4741.33,4176.86,-10.5418,-9.7978,2.6343,-5.9018,1.628,4.88,2.496,3.056,0.817,2.492,155.8,707348.43,5143543.42,707345.76,5143536.43,707343.98,5143545.42,23.82,,0,
kprcnn-nojitter-v1,Yakima-Toppenish_03_20260614,Yakima (arid),trained,1,1,4740,4170,0,0.07226,4740.03,4170.33,4741.44,4181.25,1.41,10.93,15.44,4740.17,4177.44,4740.73,4181.09,4741.02,4177.11,-9.7726,-8.9133,1.6488,-5.679,0.91,2.73,3.685,3.983,0.925,3.598,21.3,707340.51,5143543.67,707342.2,5143532.74,707343.05,5143544.66,23.32,,0,
kprcnn-nojitter-v1,Yakima-Toppenish_03_20260614,Yakima (arid),trained,1,1,4860,4170,1,0.05038,4860.0,4187.0,4863.4,4201.47,3.4,14.47,49.23,4861.39,4197.68,4861.08,4191.11,4860.77,4197.68,-0.9686,-4.0424,-4.4805,-3.1638,0.619,1.86,6.585,6.585,1.0,6.578,180.0,707704.18,5143482.95,707703.25,5143502.68,707702.32,5143482.95,380.48,,0,
kprcnn-nojitter-v1,Yakima-Toppenish_03_20260614,Yakima (arid),trained,1,1,4890,4170,1,0.064,4890.08,4214.35,4893.16,4218.0,3.08,3.65,11.23,4891.16,4215.51,4892.08,4215.51,4891.47,4216.51,-8.1799,-10.1062,-1.5293,-6.6051,1.041,3.12,0.924,1.17,0.79,0.882,287.2,707793.47,5143429.46,707796.24,5143429.46,707794.4,5143426.48,485.61,,0,
kprcnn-nojitter-v1,Yakima-Toppenish_03_20260614,Yakima (arid),trained,1,1,2280,4200,1,0.09312,2319.83,4216.71,2328.0,4231.12,8.17,14.4,117.74,2327.51,4220.8,2326.2,4223.75,2319.99,4216.88,-3.6023,1.2723,-7.3012,-3.2104,8.484,25.45,3.224,9.266,0.348,3.217,152.4,700102.53,5143413.59,700098.61,5143404.75,700079.97,5143425.37,4687.59,,0,
kprcnn-nojitter-v1,Yakima-Toppenish_03_20260614,Yakima (arid),trained,1,1,4890,4200,1,0.05941,4890.08,4200.0,4892.87,4208.48,2.78,8.48,23.59,4891.78,4205.06,4890.86,4200.82,4891.17,4206.04,-7.4967,-6.6157,-1.116,-5.0761,1.158,3.47,4.341,5.229,0.83,3.048,237.7,707795.35,5143460.83,707792.57,5143473.55,707793.5,5143457.89,473.03,,0,
kprcnn-nojitter-v1,Yakima-Toppenish_03_20260614,Yakima (arid),trained,1,1,4980,4200,1,0.07068,5018.17,4244.1,5028.0,4248.0,9.83,3.9,38.35,5021.94,4245.56,5025.21,4246.54,5019.97,4245.89,-6.3566,-8.8066,-2.2376,-5.8003,1.994,5.98,3.42,5.285,0.647,1.496,189.4,708185.81,5143339.31,708195.64,5143336.39,708179.91,5143338.34,895.66,,0,
kprcnn-nojitter-v1,Yakima-Toppenish_03_20260614,Yakima (arid),trained,1,1,5010,4200,1,0.14689,5016.5,4242.1,5033.69,4248.0,17.19,5.89,101.32,5018.98,4244.23,5028.9,4245.87,5019.64,4245.87,-5.9187,-5.4081,-0.9233,-4.0834,1.765,5.3,10.054,9.258,1.086,8.584,292.0,708176.94,5143343.31,708206.7,5143338.4,708178.92,5143338.4,905.93,,0,
kprcnn-nojitter-v1,Yakima-Toppenish_03_20260614,Yakima (arid),trained,1,1,5010,4200,0,0.06961,5049.51,4233.31,5057.81,4246.89,8.3,13.58,112.74,5054.32,4235.46,5054.99,4239.77,5052.0,4244.41,-4.6698,-3.8744,-0.574,-3.0394,9.243,27.73,4.358,5.518,0.79,1.726,255.4,708282.97,5143369.61,708284.96,5143356.69,708275.99,5143342.77,978.45,,0,
kprcnn-nojitter-v1,Yakima-Toppenish_03_20260614,Yakima (arid),trained,1,1,5010,4200,0,0.05073,5010.2,4236.44,5015.64,4246.2,5.44,9.76,53.1,5011.32,4240.83,5012.92,4246.04,5011.32,4241.81,-2.7515,-8.6787,-2.516,-4.6487,0.976,2.93,5.447,4.523,1.204,1.6,270.0,708153.97,5143353.51,708158.76,5143337.89,708153.97,5143350.58,859.51,,0,
kprcnn-nojitter-v1,Yakima-Toppenish_03_20260614,Yakima (arid),trained,1,1,5040,4200,1,0.13085,5056.71,4231.67,5066.86,4247.63,10.16,15.96,162.06,5060.47,4236.16,5061.78,4238.49,5059.16,4244.47,-1.1773,1.0339,-0.1398,-0.0944,8.413,25.24,2.671,6.532,0.409,1.657,261.0,708301.42,5143367.51,708305.35,5143360.53,708297.49,5143342.58,997.73,,0,
kprcnn-nojitter-v1,Yakima-Toppenish_03_20260614,Yakima (arid),trained,1,1,2400,4230,1,0.68226,2432.54,4257.65,2448.0,4266.53,15.46,8.87,137.16,2445.53,4257.82,2440.6,4262.09,2435.01,4260.45,-5.4646,0.9126,0.7325,-1.2731,10.849,32.55,6.526,5.828,1.12,2.949,194.0,700456.6,5143302.54,700441.8,5143289.73,700425.02,5143294.66,4385.52,,0,
kprcnn-nojitter-v1,Yakima-Toppenish_03_20260614,Yakima (arid),trained,1,1,2430,4230,1,0.19393,2432.45,4257.04,2448.5,4266.42,16.05,9.39,150.66,2436.21,4261.73,2440.8,4262.05,2435.23,4260.44,-7.2577,0.8012,0.377,-2.0265,1.625,4.88,4.598,5.8,0.793,3.457,127.2,700428.64,5143290.81,700442.4,5143289.84,700425.69,5143294.69,4384.92,,0,
kprcnn-nojitter-v1,Yakima-Toppenish_03_20260614,Yakima (arid),trained,1,1,2430,4230,0,0.10345,2430.46,4258.33,2441.33,4266.26,10.87,7.93,86.11,2441.16,4262.46,2439.85,4262.46,2434.91,4259.82,-6.3567,-2.8618,0.1231,-3.0318,6.791,20.37,1.317,5.601,0.235,0.512,157.1,700443.49,5143288.63,700439.54,5143288.63,700424.72,5143296.55,4388.0,,0,
kprcnn-nojitter-v1,Yakima-Toppenish_03_20260614,Yakima (arid),trained,1,1,2430,4230,0,0.05832,2430.18,4257.28,2436.16,4264.52,5.99,7.24,43.33,2435.67,4261.72,2431.01,4264.35,2435.0,4260.07,-7.3832,-7.7456,-0.1769,-5.1019,1.775,5.32,5.348,5.85,0.914,5.303,112.0,700427.0,5143290.84,700413.03,5143282.95,700425.0,5143295.78,4415.04,,0,
kprcnn-nojitter-v1,Yakima-Toppenish_03_20260614,Yakima (arid),trained,1,1,2460,4230,1,0.06886,2501.58,4255.95,2508.0,4265.82,6.42,9.87,63.33,2505.91,4265.0,2505.59,4262.7,2504.63,4265.0,-3.0205,-2.5104,-3.5374,-3.0228,1.283,3.85,2.325,2.496,0.932,2.303,180.0,700637.74,5143280.99,700636.78,5143287.9,700633.89,5143280.99,4199.15,,0,
kprcnn-nojitter-v1,Yakima-Toppenish_03_20260614,Yakima (arid),trained,1,1,2490,4230,1,0.07183,2503.38,4262.69,2513.76,4273.02,10.38,10.33,107.24,2511.65,4271.86,2509.38,4267.19,2505.16,4264.86,-5.8453,-2.1878,-1.2525,-3.0952,9.543,28.63,5.189,4.819,1.077,1.507,132.8,700654.96,5143260.43,700648.15,5143274.43,700635.49,5143281.43,4192.24,,0,
kprcnn-nojitter-v1,Yakima-Toppenish_03_20260614,Yakima (arid),trained,1,1,4830,4230,1,0.23635,4860.15,4232.87,4870.08,4244.81,9.93,11.94,118.59,4867.93,4235.36,4865.28,4238.67,4864.62,4242.66,0.3169,-6.2331,-0.2924,-2.0695,8.015,24.04,4.245,4.036,1.052,1.041,245.6,707723.79,5143369.93,707715.85,5143359.98,707713.86,5143348.03,433.66,,0,
kprcnn-nojitter-v1,Yakima-Toppenish_03_20260614,Yakima (arid),trained,1,1,5010,4230,1,0.17039,5032.97,4230.0,5047.49,4242.51,14.52,12.51,181.59,5044.02,4231.15,5040.06,4235.76,5036.1,4241.36,-3.7959,0.6451,-4.0336,-2.3948,12.916,38.75,6.076,6.855,0.886,0.303,232.2,708252.07,5143382.54,708240.19,5143368.72,708228.31,5143351.93,932.2,,0,
kprcnn-nojitter-v1,Yakima-Toppenish_03_20260614,Yakima (arid),trained,1,1,5010,4230,0,0.07497,5049.35,4232.99,5057.9,4247.44,8.55,14.45,123.51,5054.45,4235.45,5054.77,4239.73,5052.47,4244.98,-4.9834,-2.4973,-0.4,-2.6269,9.728,29.18,4.283,5.737,0.747,1.188,258.3,708283.34,5143369.64,708284.32,5143356.82,708277.42,5143341.06,977.8,,0,
kprcnn-nojitter-v1,Yakima-Toppenish_03_20260614,Yakima (arid),trained,1,1,5040,4230,1,0.74403,5057.05,4269.73,5070.9,4278.0,13.85,8.27,114.49,5068.1,4276.18,5063.81,4274.2,5058.21,4270.23,0.2823,0.8604,-1.2506,-0.0359,11.545,34.63,4.724,6.868,0.688,0.51,149.0,708324.29,5143247.46,708311.43,5143253.41,708294.62,5143265.31,1029.22,,0,
kprcnn-nojitter-v1,Yakima-Toppenish_03_20260614,Yakima (arid),trained,1,1,5040,4230,0,0.20125,5059.93,4274.1,5070.66,4278.0,10.73,3.89,41.76,5068.87,4276.54,5063.67,4274.91,5067.25,4275.56,-0.1136,-2.826,-5.0166,-2.6521,1.894,5.68,5.447,3.634,1.499,1.28,149.1,708326.62,5143246.39,708311.02,5143251.26,708321.74,5143249.31,1029.44,,0,
kprcnn-nojitter-v1,Yakima-Toppenish_03_20260614,Yakima (arid),trained,1,1,5040,4230,0,0.13682,5076.14,4256.38,5088.0,4267.79,11.86,11.41,135.28,5087.84,4261.76,5085.53,4261.76,5077.95,4264.04,-5.8008,0.2217,-0.3891,-1.9894,10.141,30.42,2.305,7.911,0.291,0.519,193.0,708383.51,5143290.73,708376.59,5143290.73,708353.86,5143283.88,1082.28,,0,
kprcnn-nojitter-v1,Yakima-Toppenish_03_20260614,Yakima (arid),trained,1,1,5040,4230,0,0.06351,5058.18,4233.39,5064.87,4246.17,6.68,12.78,85.44,5060.57,4236.83,5061.84,4238.8,5059.62,4243.72,-0.7038,-1.7654,-0.9637,-1.1443,6.95,20.85,2.343,5.398,0.434,1.531,262.1,708301.71,5143365.5,708305.53,5143359.6,708298.85,5143344.85,998.08,,0,
kprcnn-nojitter-v1,Yakima-Toppenish_03_20260614,Yakima (arid),trained,1,1,5040,4230,0,0.05093,5047.07,4234.18,5060.77,4245.74,13.71,11.56,158.41,5060.28,4236.99,5055.06,4239.96,5050.49,4243.6,-2.5813,-3.7579,-0.4104,-2.2499,11.809,35.43,6.008,5.837,1.029,0.456,214.0,708300.84,5143365.03,708285.18,5143356.11,708271.48,5143345.21,978.79,,0,
kprcnn-nojitter-v1,Yakima-Toppenish_03_20260614,Yakima (arid),trained,1,1,2400,4260,1,0.17774,2432.28,4260.06,2446.42,4261.57,14.14,1.51,21.33,2444.61,4260.52,2440.66,4261.12,2436.06,4261.12,-7.1474,-0.4898,-1.3703,-3.0025,8.573,25.72,3.993,4.605,0.867,0.324,184.0,700453.83,5143294.45,700441.99,5143292.65,700428.18,5143292.65,4384.53,,0,
kprcnn-nojitter-v1,Yakima-Toppenish_03_20260614,Yakima (arid),trained,1,1,2400,4260,0,0.15457,2431.04,4260.0,2445.68,4265.42,14.64,5.42,79.3,2436.53,4262.39,2440.52,4261.75,2435.86,4261.11,-7.3709,-0.5501,-0.5764,-2.8325,1.438,4.31,4.044,4.702,0.86,3.835,117.6,700429.59,5143288.83,700441.57,5143290.74,700427.59,5143292.66,4385.46,,0,
kprcnn-nojitter-v1,Yakima-Toppenish_03_20260614,Yakima (arid),trained,1,1,2430,4260,1,0.12377,2430.54,4260.0,2442.01,4265.07,11.48,5.07,58.23,2441.85,4262.06,2440.21,4262.38,2435.95,4261.11,-6.1994,-1.9274,-0.5419,-2.8896,5.978,17.93,1.67,4.447,0.375,0.574,170.8,700445.55,5143289.82,700440.63,5143288.86,700427.84,5143292.67,4386.88,,0,
kprcnn-nojitter-v1,Yakima-Toppenish_03_20260614,Yakima (arid),trained,1,1,2430,4260,0,0.06283,2430.68,4260.02,2447.6,4263.36,16.92,3.35,56.6,2437.14,4261.99,2440.79,4261.39,2436.15,4261.08,-6.0641,-0.5101,-1.065,-2.5464,1.35,4.05,3.7,4.655,0.795,2.914,137.5,700431.43,5143290.02,700442.38,5143291.84,700428.45,5143292.75,4384.37,,0,
kprcnn-nojitter-v1,Yakima-Toppenish_03_20260614,Yakima (arid),trained,1,1,2490,4260,1,0.08321,2528.9,4287.24,2537.45,4300.31,8.55,13.07,111.72,2532.36,4290.01,2533.01,4294.59,2530.38,4290.99,-5.0325,0.759,-0.6147,-1.6294,2.202,6.61,4.622,4.454,1.038,4.39,206.4,700717.07,5143205.96,700719.04,5143192.23,700711.15,5143203.02,4149.97,,0,
kprcnn-nojitter-v1,Yakima-Toppenish_03_20260614,Yakima (arid),trained,1,1,2520,4260,1,0.11471,2528.58,4287.6,2537.49,4300.07,8.91,12.47,111.08,2532.04,4289.73,2533.36,4294.32,2530.72,4291.04,-5.9953,0.3481,-0.5986,-2.0819,1.861,5.58,4.781,4.211,1.135,4.188,224.9,700716.13,5143206.81,700720.09,5143193.03,700712.17,5143202.88,4148.72,,0,
kprcnn-nojitter-v1,Yakima-Toppenish_03_20260614,Yakima (arid),trained,1,1,5040,4260,1,0.32257,5064.9,4275.7,5080.94,4286.98,16.04,11.28,180.88,5068.66,4277.86,5073.25,4281.84,5077.83,4285.16,2.2545,-2.282,-9.3479,-3.1251,11.715,35.15,6.07,5.657,1.073,0.259,321.5,708325.99,5143242.42,708339.74,5143230.48,708353.49,5143220.53,1063.01,,0,
kprcnn-nojitter-v1,Yakima-Toppenish_03_20260614,Yakima (arid),trained,1,1,5040,4260,0,0.10212,5056.47,4270.03,5071.26,4280.11,14.79,10.08,149.2,5068.47,4277.67,5064.19,4274.42,5058.28,4270.19,2.4958,1.636,-1.3872,0.9149,12.643,37.93,5.371,7.274,0.738,0.093,143.7,708325.41,5143242.98,708312.58,5143252.74,708294.83,5143265.43,1030.51,,0,
kprcnn-nojitter-v1,Yakima-Toppenish_03_20260614,Yakima (arid),trained,1,1,5070,4260,1,0.09118,5109.49,4293.41,5118.0,4300.95,8.51,7.53,64.09,5117.18,4296.52,5115.87,4296.52,5110.97,4298.16,-6.4637,-0.6799,-0.4605,-2.5347,6.428,19.28,1.309,5.173,0.253,0.333,194.8,708471.55,5143186.43,708467.62,5143186.43,708452.9,5143181.52,1198.22,,0,
kprcnn-nojitter-v1,Yakima-Toppenish_03_20260614,Yakima (arid),trained,1,1,5100,4260,1,0.09694,5100.0,4294.45,5112.93,4308.0,12.93,13.55,175.26,5100.17,4306.51,5106.47,4303.21,5110.11,4297.26,-4.5945,-3.7091,-0.0161,-2.7732,13.587,40.76,7.114,6.979,1.019,1.871,42.9,708420.5,5143156.46,708439.4,5143166.38,708450.34,5143184.23,1177.71,,0,
kprcnn-nojitter-v1,Yakima-Toppenish_03_20260614,Yakima (arid),trained,1,1,2430,4290,1,0.07045,2448.12,4290.0,2458.15,4301.38,10.02,11.38,114.02,2455.72,4291.79,2454.1,4292.44,2451.84,4296.99,-7.232,-2.1415,-0.2053,-3.1929,6.488,19.46,1.742,5.082,0.343,0.907,233.3,700487.16,5143200.64,700482.31,5143198.69,700475.53,5143185.03,4373.1,,0,
kprcnn-nojitter-v1,Yakima-Toppenish_03_20260614,Yakima (arid),trained,1,1,2430,4290,0,0.07043,2444.12,4290.14,2459.2,4295.01,15.08,4.86,73.31,2455.76,4291.6,2453.79,4292.25,2446.9,4291.6,-6.6647,-2.2433,-0.7402,-3.2161,8.853,26.56,2.071,6.916,0.299,0.648,180.0,700487.27,5143201.19,700481.37,5143199.25,700460.71,5143201.19,4373.84,,0,
kprcnn-nojitter-v1,Yakima-Toppenish_03_20260614,Yakima (arid),trained,1,1,2490,4290,1,0.30338,2531.35,4323.07,2538.0,4337.74,6.65,14.68,97.59,2533.51,4335.3,2535.84,4331.06,2535.17,4325.51,-1.1532,-0.4633,0.7027,-0.3046,9.926,29.78,4.837,5.585,0.866,1.584,80.4,700720.54,5143070.11,700727.52,5143082.83,700725.52,5143099.47,4178.08,,0,
kprcnn-nojitter-v1,Yakima-Toppenish_03_20260614,Yakima (arid),trained,1,1,2490,4290,0,0.09462,2534.48,4322.72,2537.99,4333.03,3.51,10.32,36.25,2535.91,4332.87,2536.23,4330.87,2535.28,4325.88,-7.5673,-2.1185,-0.6409,-3.4423,7.019,21.06,2.023,5.084,0.398,0.5,95.2,700727.74,5143077.4,700728.7,5143083.39,700725.83,5143098.37,4176.78,,0,
kprcnn-nojitter-v1,Yakima-Toppenish_03_20260614,Yakima (arid),trained,1,1,2490,4320,1,0.20944,2530.74,4323.41,2538.0,4337.63,7.26,14.22,103.23,2534.87,4337.47,2535.86,4331.18,2535.2,4325.89,-7.6673,-0.8982,-0.2371,-2.9342,11.581,34.74,6.362,5.333,1.193,0.81,88.4,700724.6,5143063.6,700727.57,5143082.45,700725.59,5143098.33,4178.16,,0,
kprcnn-nojitter-v1,Yakima-Toppenish_03_20260614,Yakima (arid),trained,1,1,5100,4320,1,0.19432,5122.72,4341.6,5132.65,4352.04,9.93,10.45,103.75,5130.5,4349.92,5127.52,4346.66,5124.54,4342.09,2.7225,1.1544,-1.4413,0.8119,9.844,29.53,4.42,5.456,0.81,0.395,127.3,708511.49,5143026.24,708502.55,5143036.03,708493.61,5143049.74,1283.92,,0,
kprcnn-nojitter-v1,Yakima-Toppenish_03_20260614,Yakima (arid),trained,1,1,5130,4320,1,0.05017,5130.02,4345.07,5132.54,4354.92,2.52,9.85,24.81,5130.5,4350.16,5131.44,4349.5,5132.38,4353.44,1.9129,-7.2255,-5.8276,-3.7134,3.788,11.36,1.15,4.052,0.284,1.146,299.9,708511.49,5143025.52,708514.32,5143027.49,708517.15,5143015.67,1298.13,,0,
kprcnn-nojitter-v1,Yakima-Toppenish_03_20260614,Yakima (arid),trained,1,1,2490,4350,1,0.64214,2520.27,4363.79,2531.35,4372.3,11.09,8.51,94.31,2526.3,4367.56,2524.99,4367.88,2531.19,4367.56,-9.4427,1.3186,-6.2348,-4.7863,4.891,14.67,1.345,6.204,0.217,0.327,0.0,700698.89,5142973.33,700694.98,5142972.35,700713.57,5142973.33,4247.46,,0,
kprcnn-nojitter-v1,Yakima-Toppenish_03_20260614,Yakima (arid),trained,1,1,2520,4350,1,0.31499,2520.31,4363.19,2531.18,4371.88,10.87,8.69,94.45,2528.38,4366.57,2525.09,4367.86,2529.04,4366.25,-8.4464,0.9141,-7.9071,-5.1464,0.733,2.2,3.538,4.269,0.829,0.289,26.0,700705.15,5142976.29,700695.27,5142972.43,700707.13,5142977.26,4247.17,,0,
kprcnn-nojitter-v1,Yakima-Toppenish_03_20260614,Yakima (arid),trained,1,1,2520,4350,0,0.05928,2563.23,4350.0,2568.0,4355.21,4.77,5.2,24.84,2564.98,4353.42,2566.25,4353.74,2565.93,4351.47,-7.6445,-9.773,-1.6667,-6.3614,2.173,6.52,1.314,2.299,0.572,1.286,63.9,700814.93,5143015.75,700818.75,5143014.77,700817.79,5143021.6,4116.74,,0,
kprcnn-nojitter-v1,Yakima-Toppenish_03_20260614,Yakima (arid),trained,1,1,2550,4350,1,0.06587,2564.79,4350.04,2574.53,4354.08,9.74,4.04,39.36,2573.07,4351.44,2569.5,4352.37,2566.57,4351.13,-3.9214,-6.1967,-0.3226,-3.4803,6.5,19.5,3.691,3.175,1.162,1.102,177.3,700839.2,5143021.68,700828.49,5143018.88,700819.72,5143022.61,4106.17,,0,
kprcnn-nojitter-v1,Yakima-Toppenish_03_20260614,Yakima (arid),trained,1,1,2580,4380,1,0.07588,2580.3,4380.0,2592.28,4387.95,11.98,7.95,95.26,2582.46,4385.8,2587.12,4380.83,2582.46,4386.13,-5.2091,-2.341,-4.6637,-4.0713,0.331,0.99,6.812,7.057,0.965,4.659,270.0,700867.39,5142918.61,700881.37,5142933.52,700867.39,5142917.61,4089.14,,0,
kprcnn-nojitter-v1,Yakima-Toppenish_03_20260614,Yakima (arid),trained,1,1,2580,4380,0,0.07217,2596.77,4415.88,2608.66,4428.0,11.89,12.12,144.13,2600.57,4427.84,2603.21,4423.58,2604.86,4416.04,-8.3472,1.4424,-7.5917,-4.8322,12.554,37.66,5.013,7.716,0.65,1.026,70.0,700921.7,5142792.49,700929.63,5142805.27,700934.58,5142827.88,4096.43,,0,
kprcnn-nojitter-v1,Yakima-Toppenish_03_20260614,Yakima (arid),trained,1,1,2610,4380,1,0.05157,2614.87,4380.08,2623.95,4384.03,9.08,3.96,35.93,2620.54,4381.23,2621.19,4382.22,2618.27,4381.56,-8.4745,-9.2767,-0.4178,-6.0563,2.294,6.88,1.183,2.992,0.395,1.072,188.3,700981.62,5142932.31,700983.57,5142929.34,700974.82,5142931.32,3996.72,,0,
kprcnn-nojitter-v1,Yakima-Toppenish_03_20260614,Yakima (arid),trained,1,1,5100,4380,1,0.0767,5137.2,4380.0,5148.0,4385.58,10.8,5.58,60.3,5146.85,4381.48,5145.87,4381.48,5139.33,4381.15,-6.1642,-1.5755,-0.7876,-2.8424,7.536,22.61,0.982,6.555,0.15,0.043,177.5,708560.56,5142931.57,708557.62,5142931.57,708537.98,5142932.55,1378.12,,0,
kprcnn-nojitter-v1,Yakima-Toppenish_03_20260614,Yakima (arid),trained,1,1,5190,4380,1,0.0607,5204.47,4421.88,5224.85,4428.0,20.38,6.12,124.71,5220.41,4425.91,5206.6,4425.58,5211.21,4423.33,1.454,-4.4863,-5.8247,-2.9523,9.558,28.67,13.81,5.125,2.695,3.411,164.4,708781.23,5142798.28,708739.81,5142799.25,708753.62,5142806.01,1432.4,,0,
kprcnn-nojitter-v1,Yakima-Toppenish_03_20260614,Yakima (arid),trained,1,1,2580,4410,1,0.06502,2598.59,4416.19,2608.05,4431.44,9.46,15.25,144.31,2603.32,4431.28,2603.32,4423.65,2603.32,4431.28,-8.0516,1.5457,-5.3296,-3.9452,0.0,0.0,7.627,7.627,1.0,0.0,0.0,700929.96,5142782.17,700929.96,5142805.05,700929.96,5142782.17,4096.22,,0,
kprcnn-nojitter-v1,Yakima-Toppenish_03_20260614,Yakima (arid),trained,1,1,2670,4410,1,0.15493,2709.48,4440.6,2718.0,4452.11,8.52,11.51,98.05,2710.96,4448.0,2715.87,4445.37,2710.96,4443.07,-3.8908,-1.0038,0.0276,-1.6223,4.934,14.8,5.574,5.426,1.027,4.914,90.0,701252.87,5142732.0,701267.61,5142739.9,701252.87,5142746.8,3821.67,,0,
kprcnn-nojitter-v1,Yakima-Toppenish_03_20260614,Yakima (arid),trained,1,1,2670,4410,0,0.13311,2689.54,4451.05,2699.29,4457.56,9.76,6.51,63.51,2693.28,4453.49,2692.62,4455.12,2696.53,4453.17,-8.9794,-9.8469,-0.4374,-6.4212,3.268,9.81,1.753,4.364,0.402,1.555,5.7,701199.83,5142715.52,701197.87,5142710.64,701209.58,5142716.5,3897.03,,0,
kprcnn-nojitter-v1,Yakima-Toppenish_03_20260614,Yakima (arid),trained,1,1,2670,4410,0,0.12324,2692.57,4446.82,2703.99,4456.01,11.42,9.19,104.86,2699.91,4446.99,2699.59,4447.97,2696.33,4453.22,-7.5022,-3.03,0.1272,-3.4684,7.192,21.58,1.037,6.18,0.168,0.208,240.1,701219.74,5142735.04,701218.76,5142732.09,701208.98,5142716.34,3868.6,,0,
kprcnn-nojitter-v1,Yakima-Toppenish_03_20260614,Yakima (arid),trained,1,1,2670,4410,0,0.08891,2694.78,4447.71,2700.83,4456.34,6.05,8.64,52.28,2699.4,4447.87,2699.08,4447.87,2695.89,4453.19,-8.4111,-5.5879,-0.1589,-4.7193,6.366,19.1,0.319,6.196,0.051,0.266,236.6,701218.19,5142732.39,701217.24,5142732.39,701207.68,5142716.44,3869.82,,0,
kprcnn-nojitter-v1,Yakima-Toppenish_03_20260614,Yakima (arid),trained,1,1,2670,4410,0,0.06961,2688.15,4448.89,2706.13,4456.69,17.98,7.8,140.26,2705.96,4452.63,2699.97,4449.7,2696.64,4453.28,-8.3011,-8.8035,-0.1703,-5.7583,9.345,28.04,6.669,4.886,1.365,3.335,184.0,701237.89,5142718.12,701219.91,5142726.9,701209.92,5142716.17,3869.98,,0,
kprcnn-nojitter-v1,Yakima-Toppenish_03_20260614,Yakima (arid),trained,1,1,2700,4410,1,0.1916,2700.04,4440.74,2705.53,4455.4,5.49,14.66,80.48,2701.49,4440.91,2700.85,4446.91,2701.49,4452.91,-6.6736,-3.4082,1.6521,-2.8099,11.997,35.99,6.033,6.033,1.0,0.646,270.0,701224.48,5142753.27,701222.54,5142735.28,701224.48,5142717.28,3863.78,,0,
kprcnn-nojitter-v1,Yakima-Toppenish_03_20260614,Yakima (arid),trained,1,1,2700,4410,0,0.11635,2708.39,4440.12,2722.57,4452.13,14.18,12.01,170.34,2719.44,4446.45,2716.14,4445.8,2710.86,4443.21,-6.2508,1.7274,0.0021,-1.5071,9.169,27.51,3.361,5.881,0.572,0.561,159.3,701278.32,5142736.64,701268.42,5142738.59,701252.59,5142746.38,3821.56,,0,
kprcnn-nojitter-v1,Yakima-Toppenish_03_20260614,Yakima (arid),trained,1,1,2700,4410,0,0.08996,2700.0,4436.16,2708.43,4448.33,8.43,12.16,102.49,2701.78,4441.26,2702.43,4440.93,2705.67,4445.53,-7.6348,-1.2914,-2.4658,-3.7974,5.778,17.33,0.727,5.629,0.129,0.701,312.3,701225.35,5142752.22,701227.29,5142753.21,701237.01,5142739.4,3851.34,,0,
kprcnn-nojitter-v1,Yakima-Toppenish_03_20260614,Yakima (arid),trained,1,1,2700,4410,0,0.06718,2700.06,4446.33,2703.23,4456.51,3.17,10.18,32.31,2700.85,4446.49,2700.85,4447.15,2701.48,4452.73,-8.1643,-5.6873,0.1775,-4.558,6.274,18.82,0.657,5.62,0.117,0.066,275.8,701222.55,5142736.52,701222.55,5142734.55,701224.45,5142717.8,3864.11,,0,
kprcnn-nojitter-v1,Yakima-Toppenish_03_20260614,Yakima (arid),trained,1,1,5130,4410,1,0.17534,5169.48,4420.92,5178.0,4435.81,8.52,14.9,126.89,5173.9,4426.05,5175.87,4429.03,5171.94,4424.06,-0.106,1.3709,-2.3591,-0.3647,2.794,8.38,3.569,6.333,0.564,0.699,134.7,708641.71,5142797.86,708647.61,5142788.92,708635.82,5142803.82,1514.59,,0,
kprcnn-nojitter-v1,Yakima-Toppenish_03_20260614,Yakima (arid),trained,1,1,5160,4410,1,0.39,5169.37,4422.39,5184.32,4436.05,14.95,13.66,204.24,5173.19,4425.22,5176.51,4428.89,5181.16,4433.55,0.0676,3.0449,-0.0022,1.0368,11.531,34.59,4.947,6.587,0.751,0.134,313.8,708639.57,5142800.33,708649.54,5142789.33,708663.49,5142775.34,1512.93,,0,
kprcnn-nojitter-v1,Yakima-Toppenish_03_20260614,Yakima (arid),trained,1,1,5160,4410,0,0.08684,5201.47,4411.78,5208.0,4431.87,6.53,20.09,131.22,5206.86,4428.08,5205.55,4424.46,5206.86,4428.74,-4.3297,2.3352,-9.2331,-3.7426,0.659,1.98,3.851,4.476,0.86,1.306,270.0,708740.57,5142791.75,708736.65,5142802.62,708740.57,5142789.77,1436.59,,0,
kprcnn-nojitter-v1,Yakima-Toppenish_03_20260614,Yakima (arid),trained,1,1,5220,4410,1,0.06902,5220.0,4410.0,5223.94,4431.6,3.94,21.6,85.19,5221.15,4427.77,5220.82,4416.15,5223.78,4412.82,1.4743,0.3875,-5.7313,-1.2898,15.18,45.54,11.633,4.449,2.615,2.338,80.0,708783.45,5142792.68,708782.47,5142827.56,708791.34,5142837.53,1404.15,,0,
kprcnn-nojitter-v1,Yakima-Toppenish_03_20260614,Yakima (arid),trained,1,1,5220,4410,0,0.06464,5220.01,4410.0,5220.22,4411.96,0.22,1.96,0.43,5220.17,4411.14,5220.17,4411.14,5220.17,4410.82,-3.4249,-9.0286,-7.5885,-6.6806,0.327,0.98,0.0,0.327,0.0,0.0,90.0,708780.52,5142842.57,708780.52,5142842.57,708780.52,5142843.55,1412.05,,0,
kprcnn-nojitter-v1,Yakima-Toppenish_03_20260614,Yakima (arid),trained,1,1,5220,4410,0,0.06181,5220.12,4410.02,5223.09,4412.84,2.98,2.82,8.4,5220.94,4411.11,5220.94,4411.11,5222.93,4411.11,-1.5222,-7.3537,-6.2952,-5.057,1.985,5.95,0.0,1.985,0.0,0.0,0.0,708782.83,5142842.66,708782.83,5142842.66,708788.78,5142842.66,1409.98,,0,
kprcnn-nojitter-v1,Yakima-Toppenish_03_20260614,Yakima (arid),trained,1,1,5250,4410,1,0.14732,5254.51,4451.07,5263.56,4458.0,9.06,6.93,62.72,5257.26,4454.21,5261.46,4455.53,5258.55,4454.21,-8.6874,-3.4764,-0.8158,-4.3265,1.294,3.88,4.406,3.196,1.379,1.319,0.0,708891.77,5142713.38,708904.38,5142709.42,708895.65,5142713.38,1246.31,,0,
kprcnn-nojitter-v1,Yakima-Toppenish_03_20260614,Yakima (arid),trained,1,1,2670,4440,1,0.22498,2709.36,4440.22,2718.0,4453.29,8.64,13.07,112.98,2710.85,4448.88,2715.84,4445.61,2713.18,4450.84,-7.3495,-1.2832,-0.1547,-2.9291,3.043,9.13,5.961,5.866,1.016,5.712,319.9,701252.56,5142729.36,701267.52,5142739.17,701259.54,5142723.48,3822.09,,0,
kprcnn-nojitter-v1,Yakima-Toppenish_03_20260614,Yakima (arid),trained,1,1,2670,4440,0,0.12466,2694.83,4445.58,2707.45,4455.1,12.61,9.52,120.04,2705.29,4447.05,2699.98,4448.37,2697.32,4453.29,-8.0456,-2.0362,0.0993,-3.3275,10.116,30.35,5.471,5.593,0.978,2.24,218.1,701235.86,5142734.84,701219.93,5142730.9,701211.97,5142716.13,3868.11,,0,
kprcnn-nojitter-v1,Yakima-Toppenish_03_20260614,Yakima (arid),trained,1,1,2670,4440,0,0.12384,2684.36,4445.67,2710.51,4455.32,26.15,9.64,252.2,2705.38,4447.17,2699.75,4448.83,2696.11,4453.49,-7.2846,-4.6743,0.2151,-3.9146,11.218,33.65,5.868,5.91,0.993,1.796,214.3,701236.14,5142734.49,701219.26,5142729.5,701208.34,5142715.54,3869.35,,0,
kprcnn-nojitter-v1,Yakima-Toppenish_03_20260614,Yakima (arid),trained,1,1,2670,4440,0,0.11859,2693.96,4446.94,2700.37,4455.81,6.41,8.87,56.84,2698.29,4452.03,2700.21,4453.35,2696.36,4453.35,-8.5609,-9.7015,-0.3544,-6.2056,2.329,6.99,2.329,3.846,0.606,2.169,214.3,701214.86,5142719.9,701220.63,5142715.96,701209.09,5142715.96,3874.4,,0,
kprcnn-nojitter-v1,Yakima-Toppenish_03_20260614,Yakima (arid),trained,1,1,2670,4440,0,0.09967,2695.81,4448.32,2704.88,4456.13,9.07,7.82,70.87,2704.72,4452.72,2699.86,4448.48,2697.27,4453.37,-8.1838,-4.6748,-0.4065,-4.4217,7.477,22.43,6.444,5.529,1.165,4.641,185.0,701234.16,5142717.85,701219.58,5142730.55,701211.81,5142715.9,3868.58,,0,
kprcnn-nojitter-v1,Yakima-Toppenish_03_20260614,Yakima (arid),trained,1,1,2670,4440,0,0.05806,2697.71,4441.16,2706.3,4454.54,8.6,13.38,114.98,2706.14,4441.33,2700.19,4448.18,2703.49,4452.09,-7.361,-1.4912,0.5388,-2.7711,11.087,33.26,9.075,5.124,1.771,4.144,256.2,701238.42,5142752.02,701220.57,5142731.47,701230.48,5142719.72,3867.29,,0,
kprcnn-nojitter-v1,Yakima-Toppenish_03_20260614,Yakima (arid),trained,1,1,2670,4440,0,0.0578,2711.75,4442.75,2718.0,4451.37,6.25,8.62,53.85,2715.86,4444.57,2715.86,4445.57,2713.56,4449.88,-7.4118,-1.4706,-0.4175,-3.0999,5.782,17.35,0.994,4.886,0.204,0.396,246.5,701267.59,5142742.28,701267.59,5142739.3,701260.68,5142726.37,3821.97,,0,
kprcnn-nojitter-v1,Yakima-Toppenish_03_20260614,Yakima (arid),trained,1,1,2670,4440,0,0.0507,2670.0,4482.52,2680.72,4488.0,10.72,5.48,58.76,2672.11,4486.23,2672.11,4485.9,2678.61,4485.26,-8.1051,-3.366,-0.2558,-3.9089,6.567,19.7,0.322,6.527,0.049,0.319,8.5,701136.33,5142617.32,701136.33,5142618.29,701155.82,5142620.22,3994.65,,0,
kprcnn-nojitter-v1,Yakima-Toppenish_03_20260614,Yakima (arid),trained,1,1,2700,4440,1,0.1506,2700.0,4440.0,2706.72,4454.1,6.71,14.1,94.68,2701.76,4440.16,2701.44,4441.8,2701.76,4451.64,-6.2384,-1.7217,0.6584,-2.4339,11.477,34.43,1.67,9.843,0.17,0.32,270.0,701225.28,5142755.51,701224.32,5142750.59,701225.28,5142721.08,3855.18,,0,
kprcnn-nojitter-v1,Yakima-Toppenish_03_20260614,Yakima (arid),trained,1,1,2700,4440,0,0.11004,2709.63,4440.24,2721.69,4450.72,12.06,10.48,126.36,2711.75,4447.93,2716.31,4445.31,2711.43,4442.36,-7.2679,0.9424,-0.6782,-2.3346,5.577,16.73,5.261,5.708,0.922,4.708,93.4,701255.25,5142732.2,701268.94,5142740.06,701254.28,5142748.91,3820.41,,0,
kprcnn-nojitter-v1,Yakima-Toppenish_03_20260614,Yakima (arid),trained,1,1,2700,4440,0,0.09922,2700.09,4440.31,2703.32,4456.34,3.23,16.03,51.74,2701.22,4440.47,2701.22,4441.78,2701.55,4453.56,-5.9573,-2.9928,1.6621,-2.4294,13.089,39.27,1.309,11.781,0.111,0.032,271.4,701223.67,5142754.59,701223.67,5142750.66,701224.64,5142715.33,3855.72,,0,
kprcnn-nojitter-v1,Yakima-Toppenish_03_20260614,Yakima (arid),trained,1,1,2700,4440,0,0.05498,2700.16,4447.21,2706.08,4457.32,5.92,10.11,59.87,2700.32,4447.38,2700.98,4447.7,2701.31,4452.92,-8.5924,-6.6375,0.69,-4.8467,5.631,16.89,0.734,5.228,0.14,0.591,280.1,701220.96,5142733.87,701222.94,5142732.89,701223.93,5142717.24,3864.53,,0,
kprcnn-nojitter-v1,Yakima-Toppenish_03_20260614,Yakima (arid),trained,1,1,2730,4440,1,0.09163,2730.0,4440.0,2732.59,4451.9,2.59,11.9,30.77,2731.46,4446.11,2731.13,4445.78,2730.49,4447.44,-2.0962,-8.4763,-1.7738,-4.1154,1.64,4.92,0.462,1.774,0.261,0.456,233.7,701314.37,5142737.66,701313.4,5142738.65,701311.46,5142733.69,3781.75,,0,
kprcnn-nojitter-v1,Yakima-Toppenish_03_20260614,Yakima (arid),trained,1,1,5190,4440,1,0.86921,5209.47,4461.84,5224.73,4471.9,15.27,10.06,153.6,5212.62,4463.62,5216.6,4466.54,5222.24,4470.44,1.4322,1.4137,-0.837,0.6696,11.793,35.38,4.939,6.855,0.72,0.082,324.7,708757.85,5142685.13,708769.8,5142676.37,708786.73,5142664.68,1362.28,,0,
kprcnn-nojitter-v1,Yakima-Toppenish_03_20260614,Yakima (arid),trained,1,1,5190,4440,0,0.10736,5190.0,4441.24,5202.86,4452.34,12.86,11.1,142.72,5198.08,4450.22,5196.43,4448.59,5192.14,4444.67,0.4154,-3.4188,-3.1725,-2.0587,8.125,24.38,2.32,5.807,0.4,0.066,136.9,708714.24,5142725.34,708709.29,5142730.24,708696.43,5142741.99,1436.71,,0,
kprcnn-nojitter-v1,Yakima-Toppenish_03_20260614,Yakima (arid),trained,1,1,5190,4440,0,0.08635,5217.19,4440.0,5228.46,4443.65,11.27,3.65,41.15,5227.63,4441.16,5222.66,4440.83,5219.34,4441.16,-0.8344,-0.2458,-5.2675,-2.1159,8.287,24.86,4.983,3.331,1.496,0.332,180.0,708802.88,5142752.51,708787.97,5142753.51,708778.02,5142752.51,1370.79,,0,
kprcnn-nojitter-v1,Yakima-Toppenish_03_20260614,Yakima (arid),trained,1,1,5220,4440,1,0.48397,5220.0,4440.0,5231.1,4442.44,11.1,2.44,27.06,5228.98,4441.37,5223.43,4440.76,5228.65,4441.98,-1.4395,-0.7857,-4.7142,-2.3131,0.691,2.07,5.582,5.363,1.041,5.179,241.8,708806.93,5142751.89,708790.28,5142753.71,708805.95,5142750.06,1368.71,,0,
kprcnn-nojitter-v1,Yakima-Toppenish_03_20260614,Yakima (arid),trained,1,1,5220,4440,0,0.08856,5220.23,4440.0,5225.49,4444.88,5.26,4.88,25.64,5222.04,4441.79,5223.02,4440.81,5225.32,4441.79,-2.2698,-0.2982,-6.4255,-2.9978,3.285,9.86,1.387,2.498,0.555,0.976,0.0,708786.12,5142750.63,708789.07,5142753.56,708795.97,5142750.63,1369.78,,0,
kprcnn-nojitter-v1,Yakima-Toppenish_03_20260614,Yakima (arid),trained,1,1,5250,4440,1,0.09205,5252.94,4457.73,5260.03,4465.86,7.08,8.13,57.57,5256.64,4462.44,5254.07,4461.79,5257.93,4463.42,-8.7848,-4.385,-0.02,-4.3966,1.615,4.85,2.657,4.192,0.634,1.037,322.9,708889.93,5142688.67,708882.21,5142690.62,708893.8,5142685.74,1260.49,,0,
kprcnn-nojitter-v1,Yakima-Toppenish_03_20260614,Yakima (arid),trained,1,1,5340,4440,1,0.13503,5375.87,4475.29,5385.39,4486.04,9.52,10.76,102.42,5378.99,4480.01,5380.96,4481.32,5383.59,4478.06,-0.2337,-4.2916,-0.4523,-1.6592,4.996,14.99,2.362,4.186,0.564,1.971,23.0,709256.97,5142635.96,709262.88,5142632.05,709270.76,5142641.83,885.82,,0,
kprcnn-nojitter-v1,Yakima-Toppenish_03_20260614,Yakima (arid),trained,1,1,5370,4440,1,0.13502,5375.8,4475.45,5385.89,4488.0,10.08,12.55,126.52,5378.89,4479.91,5381.17,4481.56,5384.1,4478.92,-0.8991,-3.1637,-0.6025,-1.5551,5.297,15.89,2.812,3.943,0.713,2.048,10.8,709256.68,5142636.27,709263.51,5142631.32,709272.29,5142639.24,884.95,,0,
kprcnn-nojitter-v1,Yakima-Toppenish_03_20260614,Yakima (arid),trained,1,1,2640,4470,1,0.08763,2679.11,4488.74,2688.0,4504.46,8.89,15.71,139.63,2684.87,4491.85,2683.23,4496.11,2683.56,4491.53,1.1214,-4.3012,-8.8847,-4.0215,1.357,4.07,4.563,4.595,0.993,4.527,166.0,701174.62,5142600.44,701169.68,5142587.67,701170.67,5142601.42,3980.03,,0,
kprcnn-nojitter-v1,Yakima-Toppenish_03_20260614,Yakima (arid),trained,1,1,5220,4470,1,0.05158,5220.23,4470.0,5224.77,4473.2,4.54,3.2,14.54,5223.96,4470.48,5222.98,4472.4,5222.98,4470.8,-9.0042,-10.6392,-0.2721,-6.6385,1.025,3.08,2.153,1.6,1.345,1.52,198.2,708791.87,5142664.56,708788.95,5142658.8,708788.95,5142663.6,1338.72,,0,
kprcnn-nojitter-v1,Yakima-Toppenish_03_20260614,Yakima (arid),trained,1,1,5340,4470,1,0.94347,5358.9,4501.58,5368.48,4513.5,9.58,11.92,114.12,5366.0,4504.73,5364.35,4506.72,5362.7,4510.69,-0.9495,1.7279,0.1748,0.3177,6.812,20.44,2.583,4.302,0.6,0.481,241.0,709218.0,5142561.81,709213.05,5142555.85,709208.09,5142543.94,903.63,,0,
kprcnn-nojitter-v1,Yakima-Toppenish_03_20260614,Yakima (arid),trained,1,1,5340,4470,0,0.07997,5376.4,4474.33,5385.47,4481.93,9.07,7.6,68.92,5378.51,4480.44,5380.45,4479.12,5384.01,4478.13,-0.475,-3.3402,-0.5482,-1.4545,5.972,17.92,2.35,3.698,0.636,0.466,22.8,709255.52,5142634.68,709261.35,5142638.64,709272.04,5142641.61,889.99,,0,
kprcnn-nojitter-v1,Yakima-Toppenish_03_20260614,Yakima (arid),trained,1,1,5340,4470,0,0.05552,5381.7,4470.0,5388.0,4479.83,6.3,9.83,61.95,5385.51,4471.47,5385.84,4474.75,5384.52,4478.03,0.1222,-2.842,-0.0297,-0.9165,6.628,19.88,3.293,3.535,0.932,0.82,261.4,709276.54,5142661.58,709277.53,5142651.75,709273.55,5142641.92,881.11,,0,
kprcnn-nojitter-v1,Yakima-Toppenish_03_20260614,Yakima (arid),trained,1,1,5370,4470,1,0.13573,5377.41,4475.32,5386.29,4484.7,8.88,9.38,83.32,5378.89,4480.01,5381.19,4480.33,5384.48,4478.39,-0.7342,-4.767,-0.3433,-1.9482,5.821,17.46,2.325,3.819,0.609,0.951,16.1,709256.67,5142635.98,709263.58,5142635.01,709273.45,5142640.83,886.43,,0,
kprcnn-nojitter-v1,Yakima-Toppenish_03_20260614,Yakima (arid),trained,1,1,2700,4500,1,0.22206,2718.84,4514.13,2731.58,4525.5,12.74,11.37,144.81,2721.61,4522.41,2724.23,4518.51,2728.15,4516.57,-5.9029,-1.6625,-0.9809,-2.8488,8.767,26.3,4.693,4.377,1.072,1.162,41.8,701284.84,5142508.76,701292.68,5142520.46,701304.44,5142526.3,3906.66,,0,
kprcnn-nojitter-v1,Yakima-Toppenish_03_20260614,Yakima (arid),trained,1,1,2700,4500,0,0.06507,2724.37,4520.16,2739.54,4532.51,15.18,12.35,187.4,2730.14,4532.34,2732.45,4526.17,2729.81,4532.34,-7.6619,1.434,-7.7119,-4.6466,0.33,0.99,6.592,6.714,0.982,6.174,180.0,701310.42,5142478.97,701317.35,5142497.49,701309.43,5142478.97,3897.28,,0,
kprcnn-nojitter-v1,Yakima-Toppenish_03_20260614,Yakima (arid),trained,1,1,2700,4500,0,0.06416,2700.26,4500.0,2710.53,4506.72,10.27,6.72,69.08,2701.75,4503.04,2705.4,4500.8,2701.75,4503.36,-5.1768,-1.9031,-5.4301,-4.17,0.32,0.96,4.28,4.456,0.96,3.646,270.0,701225.25,5142566.87,701236.19,5142573.6,701225.25,5142565.91,3928.87,,0,
kprcnn-nojitter-v1,Yakima-Toppenish_03_20260614,Yakima (arid),trained,1,1,5280,4500,1,0.11525,5280.07,4501.73,5284.47,4510.51,4.4,8.78,38.63,5284.0,4509.05,5281.17,4501.89,5280.86,4507.75,-8.2758,-7.0342,-0.2541,-5.188,3.4,10.2,7.695,5.864,1.312,5.53,157.5,708971.99,5142548.85,708963.51,5142570.32,708962.57,5142552.75,1146.21,,0,
kprcnn-nojitter-v1,Yakima-Toppenish_03_20260614,Yakima (arid),trained,1,1,5280,4500,0,0.06519,5321.13,4510.5,5328.0,4530.1,6.87,19.6,134.61,5325.22,4526.61,5325.55,4520.63,5322.6,4514.32,1.1517,0.7881,-6.4687,-1.5096,12.568,37.7,5.989,6.965,0.86,1.565,102.0,709095.66,5142496.16,709096.64,5142514.11,709087.81,5142533.04,1003.01,,0,
kprcnn-nojitter-v1,Yakima-Toppenish_03_20260614,Yakima (arid),trained,1,1,5280,4500,0,0.05963,5280.08,4500.0,5282.61,4512.72,2.53,12.72,32.14,5281.19,4500.16,5281.19,4501.47,5281.19,4507.99,-6.4938,-2.9152,-0.5247,-3.3112,7.825,23.47,1.304,6.521,0.2,0.0,270.0,708963.56,5142575.51,708963.56,5142571.6,708963.56,5142552.04,1146.51,,0,
kprcnn-nojitter-v1,Yakima-Toppenish_03_20260614,Yakima (arid),trained,1,1,5310,4500,1,0.08698,5310.15,4500.0,5315.78,4512.65,5.63,12.65,71.2,5313.96,4510.49,5311.31,4501.5,5311.31,4510.16,-2.1272,-3.124,-1.841,-2.364,2.669,8.01,9.373,8.658,1.083,8.591,172.8,709061.87,5142544.53,709053.92,5142571.5,709053.92,5142545.53,1059.79,,0,
kprcnn-nojitter-v1,Yakima-Toppenish_03_20260614,Yakima (arid),trained,1,1,5340,4500,1,0.63864,5358.94,4501.43,5367.69,4512.27,8.75,10.84,94.91,5365.91,4504.88,5364.29,4506.85,5362.34,4510.47,-0.8351,1.437,0.5879,0.3966,6.627,19.88,2.552,4.104,0.622,0.305,237.4,709217.73,5142561.36,709212.87,5142555.44,709207.03,5142544.6,903.66,,0,
kprcnn-nojitter-v1,Yakima-Toppenish_03_20260614,Yakima (arid),trained,1,1,5340,4500,0,0.05183,5340.0,4518.66,5342.6,4533.24,2.6,14.58,37.88,5341.46,4531.08,5340.81,4526.11,5341.46,4521.14,-2.9128,0.8903,-0.0403,-0.6876,9.942,29.83,5.013,5.013,1.0,0.649,90.0,709144.38,5142482.75,709142.44,5142497.66,709144.38,5142512.57,954.56,,0,
kprcnn-nojitter-v1,Yakima-Toppenish_03_20260614,Yakima (arid),trained,1,1,5370,4500,1,0.48954,5377.42,4540.03,5394.44,4547.11,17.02,7.08,120.44,5380.53,4542.44,5384.46,4543.41,5391.66,4545.02,0.8622,0.1635,0.396,0.4739,11.422,34.27,4.045,7.378,0.548,0.055,347.0,709261.59,5142448.67,709273.37,5142445.78,709294.97,5142440.95,815.04,,0,
kprcnn-nojitter-v1,Yakima-Toppenish_03_20260614,Yakima (arid),trained,1,1,5400,4500,1,0.06906,5400.04,4500.0,5404.81,4505.78,4.76,5.78,27.5,5401.79,4500.16,5400.84,4501.12,5404.65,4502.09,-3.2706,0.5288,-8.4601,-3.734,3.445,10.33,1.354,3.928,0.345,1.33,326.0,709325.37,5142575.52,709322.51,5142572.63,709333.94,5142569.74,807.29,,0,
kprcnn-nojitter-v1,Yakima-Toppenish_03_20260614,Yakima (arid),trained,1,1,5430,4500,1,0.17447,5445.51,4526.0,5459.98,4537.59,14.47,11.59,167.71,5451.27,4533.78,5452.58,4531.79,5459.82,4534.44,-9.7848,3.982,-9.9674,-5.2567,8.577,25.73,2.383,7.706,0.309,2.082,355.6,709473.8,5142474.67,709477.75,5142480.63,709499.46,5142472.68,629.06,,0,
kprcnn-nojitter-v1,Yakima-Toppenish_03_20260614,Yakima (arid),trained,1,1,5430,4500,0,0.07411,5430.01,4540.17,5435.08,4548.0,5.07,7.83,39.68,5434.29,4545.88,5433.02,4544.57,5431.12,4545.55,-7.1045,-10.1269,-0.668,-5.9665,3.183,9.55,1.819,2.137,0.851,1.169,174.1,709422.86,5142438.36,709419.06,5142442.28,709413.36,5142439.34,673.01,,0,
kprcnn-nojitter-v1,Yakima-Toppenish_03_20260614,Yakima (arid),trained,1,1,2670,4530,1,0.05164,2711.24,4548.37,2718.0,4555.09,6.76,6.72,45.42,2714.94,4550.45,2716.55,4552.69,2713.98,4552.05,-8.5906,-9.9671,0.065,-6.1642,1.869,5.61,2.759,2.652,1.04,2.535,238.9,701264.83,5142424.65,701269.66,5142417.93,701261.94,5142419.85,3979.47,,0,
kprcnn-nojitter-v1,Yakima-Toppenish_03_20260614,Yakima (arid),trained,1,1,5310,4530,1,0.06772,5339.21,4546.67,5348.12,4557.41,8.91,10.74,95.67,5346.31,4550.41,5344.66,4552.04,5343.34,4555.62,-0.1124,-2.8985,-1.9795,-1.6635,5.994,17.98,2.317,3.815,0.607,0.627,240.3,709158.92,5142424.76,709153.97,5142419.88,709150.01,5142409.15,926.91,,0,
kprcnn-nojitter-v1,Yakima-Toppenish_03_20260614,Yakima (arid),trained,1,1,5370,4530,1,0.07568,5376.85,4530.0,5386.71,4536.19,9.86,6.19,61.05,5386.54,4533.1,5382.93,4532.45,5378.99,4531.14,-5.812,-2.2524,-2.6018,-3.5554,7.806,23.42,3.672,4.153,0.884,0.274,165.5,709279.63,5142476.71,709268.79,5142478.66,709256.96,5142482.58,827.54,,0,
kprcnn-nojitter-v1,Yakima-Toppenish_03_20260614,Yakima (arid),trained,1,1,5400,4530,1,0.05917,5444.42,4557.44,5448.0,4567.66,3.58,10.22,36.59,5446.53,4559.91,5446.21,4564.2,5445.23,4559.91,-3.7138,-3.2336,-1.9855,-2.9776,1.302,3.91,4.297,4.395,0.978,4.285,180.0,709459.6,5142396.26,709458.63,5142383.41,709455.7,5142396.26,620.74,,0,
kprcnn-nojitter-v1,Yakima-Toppenish_03_20260614,Yakima (arid),trained,1,1,5430,4530,1,0.30468,5470.81,4542.05,5477.86,4558.47,7.05,16.42,115.72,5475.46,4555.68,5475.14,4550.1,5473.54,4555.68,-0.1563,0.4012,-4.064,-1.273,1.921,5.76,5.593,5.809,0.963,5.584,180.0,709546.37,5142408.96,709545.41,5142425.71,709540.61,5142408.96,547.17,,0,
kprcnn-nojitter-v1,Yakima-Toppenish_03_20260614,Yakima (arid),trained,1,1,5490,4530,1,0.07813,5519.79,4560.9,5532.27,4570.89,12.48,9.99,124.68,5528.5,4570.73,5526.53,4565.73,5522.26,4563.73,-4.548,-1.0448,-2.071,-2.5546,9.372,28.12,5.369,4.714,1.139,1.855,131.8,709705.49,5142363.82,709699.58,5142378.8,709686.77,5142384.8,386.04,,0,
kprcnn-nojitter-v1,Yakima-Toppenish_03_20260614,Yakima (arid),trained,1,1,5520,4530,1,0.09383,5520.85,4555.54,5530.3,4572.18,9.45,16.64,157.22,5522.64,4569.35,5525.9,4565.36,5522.31,4563.69,-3.6406,-0.6501,-1.8698,-2.0535,5.666,17.0,5.154,3.952,1.304,3.483,93.3,709687.91,5142367.95,709697.69,5142379.93,709686.94,5142384.92,388.18,,0,
kprcnn-nojitter-v1,Yakima-Toppenish_03_20260614,Yakima (arid),trained,1,1,5550,4530,1,0.11768,5550.04,4574.66,5552.41,4578.0,2.37,3.34,7.9,5551.96,4576.33,5551.96,4576.33,5550.48,4576.63,-4.6747,-10.4491,-4.2807,-6.4682,1.51,4.53,0.0,1.51,0.0,0.0,191.6,709775.89,5142347.01,709775.89,5142347.01,709771.45,5142346.1,303.74,,0,
kprcnn-nojitter-v1,Yakima-Toppenish_03_20260614,Yakima (arid),trained,1,1,2700,4560,1,0.23329,2723.61,4573.46,2735.3,4584.82,11.69,11.36,132.78,2726.04,4582.38,2729.94,4579.46,2732.86,4575.89,2.1165,-2.2266,-1.5275,-0.5459,9.414,28.24,4.87,4.613,1.056,0.571,43.6,701298.13,5142328.85,701309.82,5142337.61,701318.59,5142348.32,3988.59,,0,
kprcnn-nojitter-v1,Yakima-Toppenish_03_20260614,Yakima (arid),trained,1,1,2730,4560,1,0.10834,2756.37,4577.68,2772.97,4591.25,16.6,13.57,225.17,2772.8,4577.85,2765.5,4584.79,2756.54,4579.17,-7.177,0.4597,-4.7203,-3.8125,16.319,48.96,10.08,10.582,0.953,6.333,184.7,701438.41,5142342.46,701416.5,5142321.62,701389.62,5142338.49,3908.53,,0,
kprcnn-nojitter-v1,Yakima-Toppenish_03_20260614,Yakima (arid),trained,1,1,2730,4560,0,0.06406,2744.28,4575.25,2756.89,4593.42,12.6,18.17,229.07,2755.73,4579.05,2750.42,4584.01,2754.4,4578.72,-9.206,1.4217,-1.1683,-2.9842,1.367,4.1,7.262,6.618,1.097,6.092,166.0,701387.18,5142338.85,701371.26,5142323.98,701383.2,5142339.85,3944.77,,0,
kprcnn-nojitter-v1,Yakima-Toppenish_03_20260614,Yakima (arid),trained,1,1,2760,4560,1,0.08325,2760.0,4578.73,2774.11,4591.2,14.11,12.47,176.02,2762.46,4588.74,2765.74,4584.8,2762.46,4588.74,-6.8872,0.0392,-3.766,-3.538,0.0,0.0,5.127,5.127,1.0,0.0,0.0,701407.39,5142309.77,701417.23,5142321.59,701407.39,5142309.77,3907.95,,0,
kprcnn-nojitter-v1,Yakima-Toppenish_03_20260614,Yakima (arid),trained,1,1,2760,4560,0,0.07426,2773.79,4602.68,2790.46,4607.97,16.67,5.29,88.18,2776.57,4605.82,2779.84,4604.83,2786.05,4606.15,-3.5018,-2.9849,-0.7946,-2.4271,9.483,28.45,3.415,6.349,0.538,1.105,358.0,701449.71,5142258.54,701459.51,5142261.51,701478.14,5142257.54,3907.21,,0,
kprcnn-nojitter-v1,Yakima-Toppenish_03_20260614,Yakima (arid),trained,1,1,2760,4560,0,0.05319,2783.34,4602.51,2801.13,4608.0,17.78,5.49,97.65,2798.33,4605.9,2791.74,4606.22,2786.47,4606.22,0.0379,-4.4857,-0.0682,-1.5053,11.86,35.58,6.595,5.269,1.252,0.144,181.6,701514.98,5142258.3,701495.22,5142257.33,701479.41,5142257.33,3879.77,,0,
kprcnn-nojitter-v1,Yakima-Toppenish_03_20260614,Yakima (arid),trained,1,1,5400,4560,1,0.0608,5440.83,4560.0,5448.0,4568.85,7.17,8.85,63.45,5446.53,4560.82,5445.88,4564.42,5445.88,4560.82,-5.2383,-3.0632,-3.0477,-3.7831,0.652,1.96,3.664,3.605,1.016,3.605,180.0,709459.6,5142393.54,709457.64,5142382.73,709457.64,5142393.54,621.57,,0,
kprcnn-nojitter-v1,Yakima-Toppenish_03_20260614,Yakima (arid),trained,1,1,5460,4560,1,0.08007,5460.11,4560.26,5465.53,4567.96,5.42,7.71,41.77,5462.51,4563.95,5461.55,4563.31,5461.23,4564.59,-5.5106,-9.5971,-1.7706,-5.6261,1.428,4.28,1.152,1.323,0.87,1.004,206.7,709507.52,5142384.15,709504.65,5142386.08,709503.69,5142382.23,576.27,,0,
kprcnn-nojitter-v1,Yakima-Toppenish_03_20260614,Yakima (arid),trained,1,1,5520,4560,1,0.0892,5520.25,4560.1,5526.57,4570.96,6.32,10.86,68.61,5526.41,4560.26,5525.41,4564.87,5522.08,4563.88,-5.947,-3.926,-1.3158,-3.7296,5.638,16.91,4.715,3.468,1.36,2.892,220.0,709699.22,5142395.21,709696.22,5142381.39,709686.25,5142384.35,390.03,,0,
kprcnn-nojitter-v1,Yakima-Toppenish_03_20260614,Yakima (arid),trained,1,1,5520,4560,0,0.06754,5534.77,4560.25,5550.42,4564.48,15.65,4.23,66.15,5544.93,4561.06,5542.93,4561.06,5547.59,4562.69,-7.0899,-2.1447,-2.0173,-3.7507,3.12,9.36,1.997,4.936,0.405,1.041,328.6,709754.78,5142392.81,709748.79,5142392.81,709762.77,5142387.93,344.64,,0,
kprcnn-nojitter-v1,Yakima-Toppenish_03_20260614,Yakima (arid),trained,1,1,5550,4560,1,0.0531,5550.26,4560.0,5557.59,4565.14,7.33,5.14,37.69,5555.09,4560.8,5553.76,4563.38,5551.76,4561.45,-8.8884,-10.5861,0.9434,-6.177,3.392,10.18,2.896,2.778,1.043,2.273,190.9,709785.28,5142393.59,709781.28,5142385.87,709775.28,5142391.66,312.04,,0,
kprcnn-nojitter-v1,Yakima-Toppenish_03_20260614,Yakima (arid),trained,1,1,5580,4560,1,0.05454,5580.15,4595.44,5583.78,4600.16,3.62,4.72,17.1,5580.98,4597.17,5581.64,4597.17,5583.61,4597.8,0.0899,-7.2453,-5.9151,-4.3568,2.709,8.13,0.659,2.074,0.318,0.153,346.6,709862.93,5142284.49,709864.91,5142284.49,709870.84,5142282.61,203.6,,0,
kprcnn-nojitter-v1,Yakima-Toppenish_03_20260614,Yakima (arid),trained,1,1,5610,4560,1,0.9968,5638.66,4599.18,5656.23,4608.0,17.57,8.82,155.04,5653.08,4605.55,5648.44,4603.92,5641.47,4601.96,1.6019,4.6152,4.8175,3.6782,12.15,36.45,4.921,7.234,0.68,0.187,162.8,710079.24,5142259.35,710065.31,5142264.25,710044.42,5142270.13,3.96,7,1,1.019
kprcnn-nojitter-v1,Yakima-Toppenish_03_20260614,Yakima (arid),trained,1,1,5610,4560,0,0.2445,5647.97,4604.72,5657.09,4608.0,9.11,3.28,29.86,5653.02,4605.54,5649.11,4605.54,5655.62,4606.53,1.6461,-0.2451,-4.3496,-0.9829,2.783,8.35,3.906,6.584,0.593,1.379,339.3,710079.06,5142259.37,710067.34,5142259.37,710086.87,5142256.42,1.37,7,1,5.028
kprcnn-nojitter-v1,Yakima-Toppenish_03_20260614,Yakima (arid),trained,1,1,5610,4560,0,0.16031,5633.71,4598.79,5643.64,4607.51,9.93,8.72,86.61,5634.54,4600.57,5641.16,4604.77,5640.83,4602.18,-6.9428,-9.4472,3.5284,-4.2872,6.496,19.49,7.841,2.604,3.011,2.42,345.6,710023.61,5142274.29,710043.48,5142261.7,710042.49,5142269.45,23.66,,0,
kprcnn-nojitter-v1,Yakima-Toppenish_03_20260614,Yakima (arid),trained,1,1,5610,4560,0,0.1132,5622.52,4599.33,5658.0,4608.0,35.48,8.67,307.5,5652.2,4606.23,5647.89,4604.31,5641.59,4602.06,-0.5524,3.4154,2.7906,1.8845,11.401,34.2,4.721,6.689,0.706,0.215,158.5,710076.59,5142257.3,710063.66,5142263.08,710044.76,5142269.82,4.18,7,1,1.064
kprcnn-nojitter-v1,Yakima-Toppenish_03_20260614,Yakima (arid),trained,1,1,5610,4560,0,0.06021,5629.63,4575.03,5640.44,4587.2,10.81,12.17,131.6,5635.69,4579.8,5634.71,4580.79,5632.74,4584.41,-8.8324,-0.42,-2.1522,-3.8015,5.468,16.41,1.393,4.118,0.338,0.296,237.4,710027.07,5142336.59,710024.12,5142333.63,710018.23,5142322.78,84.64,,0,
kprcnn-nojitter-v1,Yakima-Toppenish_03_20260614,Yakima (arid),trained,1,1,5640,4560,1,0.97391,5640.0,4600.15,5656.57,4607.88,16.57,7.73,128.18,5653.76,4605.47,5648.78,4604.18,5642.49,4602.24,2.4717,5.1647,1.9284,3.1882,11.721,35.16,5.136,6.588,0.78,0.128,164.0,710081.27,5142259.6,710066.35,5142263.47,710047.46,5142269.27,2.85,7,1,0.839
kprcnn-nojitter-v1,Yakima-Toppenish_03_20260614,Yakima (arid),trained,1,1,5640,4560,0,0.18196,5640.05,4599.18,5645.82,4607.9,5.77,8.71,50.26,5643.42,4603.22,5643.1,4604.83,5641.17,4602.25,-9.1934,-8.2542,3.7007,-4.5823,2.444,7.33,1.645,3.219,0.511,1.608,156.7,710050.25,5142266.35,710049.29,5142261.51,710043.52,5142269.25,17.84,7,1,5.737
kprcnn-nojitter-v1,Yakima-Toppenish_03_20260614,Yakima (arid),trained,1,1,5640,4560,0,0.16786,5640.25,4599.46,5649.59,4605.5,9.34,6.04,56.4,5649.43,4605.34,5648.14,4604.07,5641.7,4602.16,-5.3116,1.2426,3.6297,-0.1464,8.357,25.07,1.81,6.717,0.269,0.686,157.6,710068.28,5142259.99,710064.41,5142263.8,710045.09,5142269.52,4.1,7,1,1.965
kprcnn-nojitter-v1,Yakima-Toppenish_03_20260614,Yakima (arid),trained,1,1,5640,4560,0,0.15063,5643.13,4604.32,5656.3,4608.0,13.17,3.68,48.53,5653.83,4606.0,5648.56,4605.08,5643.29,4604.47,2.1605,2.2748,-6.0599,-0.5415,10.65,31.95,5.349,5.305,1.008,0.152,171.7,710081.5,5142257.99,710065.69,5142260.75,710049.88,5142262.59,1.43,7,1,1.102
kprcnn-nojitter-v1,Yakima-Toppenish_03_20260614,Yakima (arid),trained,1,1,5640,4560,0,0.14652,5646.54,4601.72,5657.11,4608.0,10.57,6.28,66.37,5653.31,4605.85,5649.02,4604.86,5652.65,4603.87,2.5707,2.6104,-9.1438,-1.3209,2.09,6.27,4.406,3.766,1.17,3.76,108.4,710079.94,5142258.45,710067.06,5142261.42,710077.95,5142264.4,0.7,7,1,3.725
kprcnn-nojitter-v1,Yakima-Toppenish_03_20260614,Yakima (arid),trained,1,1,5640,4560,0,0.0823,5640.0,4605.02,5656.34,4605.03,16.34,0.0,0.06,5653.56,4605.19,5648.99,4605.19,5653.89,4605.19,2.1994,2.2029,-8.5537,-1.3838,0.327,0.98,4.576,4.903,0.933,0.0,0.0,710080.69,5142260.43,710066.97,5142260.43,710081.67,5142260.43,0.33,7,1,4.396
kprcnn-nojitter-v1,Yakima-Toppenish_03_20260614,Yakima (arid),trained,1,1,5640,4560,0,0.05275,5640.0,4592.11,5643.78,4603.71,3.78,11.6,43.8,5641.1,4592.27,5641.73,4596.91,5641.42,4601.55,-7.6583,-7.9464,3.3619,-4.0809,9.287,27.86,4.683,4.651,1.007,0.472,271.9,710043.3,5142299.18,710045.19,5142285.26,710044.25,5142271.34,32.91,,0,
kprcnn-nojitter-v1,Yakima-Toppenish_03_20260614,Yakima (arid),trained,1,1,2760,4590,1,0.06255,2781.87,4604.71,2794.56,4619.15,12.7,14.44,183.27,2793.42,4617.67,2789.19,4613.08,2785.29,4607.5,-6.3834,0.0879,2.0818,-1.4045,13.026,39.08,6.245,6.809,0.917,0.435,128.7,701500.27,5142222.98,701487.58,5142236.76,701475.86,5142253.49,3897.57,,0,
kprcnn-nojitter-v1,Yakima-Toppenish_03_20260614,Yakima (arid),trained,1,1,2790,4590,1,0.6815,2810.38,4616.38,2822.07,4627.78,11.69,11.4,133.2,2813.79,4618.82,2816.06,4621.75,2819.63,4625.33,-1.1363,1.3553,-0.396,-0.059,8.75,26.25,3.709,5.058,0.733,0.266,311.9,701561.37,5142219.54,701568.19,5142210.75,701578.9,5142200.0,3845.79,,0,
kprcnn-nojitter-v1,Yakima-Toppenish_03_20260614,Yakima (arid),trained,1,1,2820,4590,1,0.07607,2860.27,4634.66,2866.8,4638.0,6.53,3.34,21.83,2864.68,4636.63,2864.68,4636.33,2863.05,4636.94,-1.6862,-7.4563,-4.9299,-4.6908,1.661,4.98,0.304,1.743,0.174,0.299,190.5,701714.04,5142166.1,701714.04,5142167.01,701709.14,5142165.19,3753.15,,0,
kprcnn-nojitter-v1,Yakima-Toppenish_03_20260614,Yakima (arid),trained,1,1,5340,4590,1,0.05699,5357.77,4590.0,5371.8,4595.28,14.02,5.28,74.1,5360.22,4593.8,5362.83,4593.47,5368.05,4591.16,-7.7912,-0.908,-0.6339,-3.111,8.261,24.78,2.63,5.707,0.461,0.522,18.7,709200.66,5142294.61,709208.49,5142295.6,709224.14,5142302.53,859.34,,0,
kprcnn-nojitter-v1,Yakima-Toppenish_03_20260614,Yakima (arid),trained,1,1,5370,4590,1,0.05652,5370.12,4590.0,5372.88,4592.83,2.77,2.84,7.84,5370.58,4590.47,5372.42,4591.42,5370.89,4590.79,-9.0601,-10.9181,-1.417,-7.1318,0.44,1.32,2.072,1.661,1.248,0.66,314.3,709231.74,5142304.58,709237.27,5142301.75,709232.66,5142303.64,830.86,,0,
kprcnn-nojitter-v1,Yakima-Toppenish_03_20260614,Yakima (arid),trained,1,1,5550,4590,1,0.06759,5564.69,4590.86,5575.82,4596.56,11.13,5.7,63.44,5566.81,4593.56,5568.78,4593.24,5573.69,4594.51,-1.4513,-1.8656,-1.9397,-1.7522,6.942,20.83,1.99,5.073,0.392,0.582,352.1,709820.44,5142295.33,709826.34,5142296.28,709841.07,5142292.48,243.39,,0,
kprcnn-nojitter-v1,Yakima-Toppenish_03_20260614,Yakima (arid),trained,1,1,5550,4590,0,0.06033,5594.03,4590.0,5597.98,4603.2,3.95,13.2,52.09,5596.83,4601.05,5595.84,4594.12,5596.17,4601.05,-5.2724,-4.3461,-0.8385,-3.4857,0.658,1.97,6.998,6.936,1.009,6.928,180.0,709910.48,5142272.84,709907.52,5142293.63,709908.51,5142272.84,162.96,,0,
kprcnn-nojitter-v1,Yakima-Toppenish_03_20260614,Yakima (arid),trained,1,1,5550,4590,0,0.05892,5556.76,4590.0,5577.07,4595.83,20.31,5.83,118.44,5564.92,4593.08,5568.58,4593.08,5560.59,4591.13,-1.9003,-1.6389,-0.6541,-1.3978,4.745,14.23,3.663,8.224,0.445,1.5,155.8,709814.75,5142296.77,709825.74,5142296.77,709801.77,5142302.6,244.06,,0,
kprcnn-nojitter-v1,Yakima-Toppenish_03_20260614,Yakima (arid),trained,1,1,5580,4590,1,0.20382,5580.06,4619.9,5588.35,4627.87,8.28,7.96,65.96,5584.21,4624.05,5582.88,4622.72,5581.56,4624.71,-8.801,-10.6161,2.6196,-5.5992,2.733,8.2,1.876,2.392,0.784,1.609,194.1,709872.62,5142203.85,709868.64,5142207.83,709864.67,5142201.86,205.4,,0,
kprcnn-nojitter-v1,Yakima-Toppenish_03_20260614,Yakima (arid),trained,1,1,5580,4590,0,0.09355,5580.08,4615.03,5583.16,4628.36,3.08,13.33,41.05,5583.0,4625.86,5581.16,4618.86,5581.46,4625.52,-9.8579,-6.6635,1.5077,-5.0046,1.575,4.73,7.239,6.673,1.085,6.45,167.8,709869.01,5142198.43,709863.47,5142219.42,709864.39,5142199.43,207.8,,0,
kprcnn-nojitter-v1,Yakima-Toppenish_03_20260614,Yakima (arid),trained,1,1,5610,4590,1,0.70679,5634.87,4599.52,5658.0,4610.07,23.13,10.55,244.18,5653.87,4605.95,5648.58,4604.63,5641.31,4602.32,2.5039,6.3744,2.983,3.9538,13.072,39.22,5.45,7.629,0.714,0.2,163.9,710081.61,5142258.15,710065.74,5142262.1,710043.93,5142269.03,1.95,7,1,0.82
kprcnn-nojitter-v1,Yakima-Toppenish_03_20260614,Yakima (arid),trained,1,1,5610,4590,0,0.13713,5638.54,4600.21,5651.64,4609.48,13.11,9.28,121.59,5651.48,4606.0,5648.53,4604.68,5640.99,4602.03,-2.3659,4.4959,3.6038,1.9113,11.213,33.64,3.233,7.988,0.405,0.194,159.2,710074.43,5142257.99,710065.59,5142261.96,710042.98,5142269.92,1.97,7,1,1.227
kprcnn-nojitter-v1,Yakima-Toppenish_03_20260614,Yakima (arid),trained,1,1,5610,4590,0,0.05917,5639.89,4602.27,5656.91,4602.28,17.02,0.01,0.15,5652.16,4602.44,5648.56,4602.44,5642.67,4602.44,-4.523,0.6812,0.1554,-1.2288,9.491,28.47,3.6,5.891,0.611,0.0,180.0,710076.49,5142268.68,710065.69,5142268.68,710048.02,5142268.68,8.08,7,1,2.379
kprcnn-nojitter-v1,Yakima-Toppenish_03_20260614,Yakima (arid),trained,1,1,5640,4590,1,0.92434,5640.0,4598.43,5655.32,4607.96,15.32,9.52,145.92,5652.82,4605.49,5648.49,4604.51,5642.5,4602.21,1.3578,4.2779,2.8815,2.8391,10.834,32.5,4.44,6.421,0.692,0.374,162.4,710078.47,5142259.52,710065.48,5142262.48,710047.49,5142269.38,2.4,7,1,0.725
kprcnn-nojitter-v1,Yakima-Toppenish_03_20260614,Yakima (arid),trained,1,1,5640,4590,0,0.1132,5640.05,4595.28,5653.0,4613.91,12.95,18.63,241.33,5652.5,4606.09,5648.19,4604.43,5642.21,4602.43,0.4287,5.0895,2.1019,2.54,10.928,32.78,4.627,6.303,0.734,0.121,160.4,710077.51,5142257.73,710064.56,5142262.72,710046.62,5142268.71,3.25,7,1,0.659
kprcnn-nojitter-v1,Yakima-Toppenish_03_20260614,Yakima (arid),trained,1,1,5640,4590,0,0.10137,5640.05,4590.06,5641.54,4603.54,1.49,13.47,20.08,5640.5,4592.2,5640.79,4597.13,5641.09,4601.4,-8.5026,-7.1257,2.1257,-4.5009,9.22,27.66,4.938,4.282,1.153,0.021,273.7,710041.49,5142299.4,710042.38,5142284.61,710043.28,5142271.8,34.39,,0,
kprcnn-nojitter-v1,Yakima-Toppenish_03_20260614,Yakima (arid),trained,1,1,5640,4590,0,0.08202,5640.0,4599.55,5643.43,4612.61,3.43,13.06,44.83,5641.4,4612.45,5641.4,4606.25,5641.4,4601.68,-4.7886,-7.2945,4.3149,-2.5894,10.775,32.33,6.204,4.571,1.357,0.0,90.0,710044.21,5142238.65,710044.21,5142257.26,710044.21,5142270.97,23.17,,0,
kprcnn-nojitter-v1,Yakima-Toppenish_03_20260614,Yakima (arid),trained,1,1,5640,4590,0,0.06679,5640.05,4597.45,5644.1,4606.36,4.05,8.91,36.08,5643.63,4602.57,5642.08,4606.2,5641.45,4602.24,-9.2651,-8.0129,2.7816,-4.8321,2.205,6.62,3.95,4.009,0.985,3.822,171.4,710050.9,5142268.3,710046.23,5142257.41,710044.36,5142269.29,21.15,,0,
kprcnn-nojitter-v1,Yakima-Toppenish_03_20260614,Yakima (arid),trained,1,1,5640,4590,0,0.06656,5641.66,4604.62,5653.93,4609.58,12.27,4.95,60.78,5653.1,4605.78,5648.79,4605.78,5642.16,4604.79,0.8229,1.387,-6.6246,-1.4716,10.987,32.96,4.311,6.705,0.643,0.389,174.8,710079.3,5142258.67,710066.37,5142258.67,710046.48,5142261.64,2.19,7,1,1.077
kprcnn-nojitter-v1,Yakima-Toppenish_03_20260614,Yakima (arid),trained,1,1,5700,4590,1,0.09099,5700.0,4615.48,5705.06,4626.66,5.06,11.18,56.52,5704.58,4624.85,5702.05,4617.29,5701.11,4623.86,-6.3992,-3.01,-0.7646,-3.3913,3.613,10.84,7.973,6.644,1.2,6.585,164.2,710233.75,5142201.45,710226.16,5142224.14,710223.32,5142204.41,163.2,,0,
kprcnn-nojitter-v1,Yakima-Toppenish_03_20260614,Yakima (arid),trained,1,1,5700,4590,0,0.06048,5700.02,4616.33,5702.77,4628.16,2.74,11.83,32.46,5701.09,4622.41,5701.7,4617.48,5702.01,4624.06,-5.3275,-3.7757,-1.3322,-3.4785,1.881,5.64,4.967,6.58,0.755,2.93,299.1,710223.28,5142208.76,710225.11,5142223.55,710226.02,5142203.83,162.3,,0,
kprcnn-nojitter-v1,Yakima-Toppenish_03_20260614,Yakima (arid),trained,1,1,5730,4590,1,0.06232,5730.12,4634.54,5733.07,4638.0,2.95,3.46,10.2,5731.26,4635.64,5731.26,4635.64,5730.61,4636.59,-4.0306,-9.9071,-4.0284,-5.9887,1.148,3.44,0.0,1.148,0.0,0.0,235.2,710313.79,5142169.07,710313.79,5142169.07,710311.82,5142166.24,263.15,,0,
kprcnn-nojitter-v1,Yakima-Toppenish_03_20260614,Yakima (arid),trained,1,1,2790,4620,1,0.10874,2810.82,4620.0,2820.2,4625.56,9.38,5.56,52.17,2813.57,4620.49,2815.51,4621.8,2820.04,4625.07,-0.9548,-1.5376,-2.6483,-1.7136,7.925,23.78,2.34,5.586,0.419,0.053,324.7,701560.72,5142214.53,701566.54,5142210.6,701580.12,5142200.78,3847.23,,0,
kprcnn-nojitter-v1,Yakima-Toppenish_03_20260614,Yakima (arid),trained,1,1,2790,4620,0,0.0548,2810.15,4620.0,2822.14,4621.48,11.99,1.48,17.79,2813.31,4620.45,2815.64,4621.04,2820.31,4621.04,-1.4902,-1.9851,-5.7265,-3.0673,7.02,21.06,2.406,4.663,0.516,0.394,355.2,701559.93,5142214.66,701566.93,5142212.88,701580.92,5142212.88,3845.6,,0,
kprcnn-nojitter-v1,Yakima-Toppenish_03_20260614,Yakima (arid),trained,1,1,2820,4620,1,0.06945,2837.14,4620.0,2848.12,4623.38,10.98,3.38,37.12,2837.31,4621.08,2838.97,4621.08,2844.63,4621.08,-6.5335,-0.5185,0.2581,-2.2646,7.319,21.96,1.663,5.656,0.294,0.0,0.0,701631.93,5142212.77,701636.92,5142212.77,701653.88,5142212.77,3788.47,,0,
kprcnn-nojitter-v1,Yakima-Toppenish_03_20260614,Yakima (arid),trained,1,1,2850,4620,1,0.12171,2861.79,4662.26,2877.54,4668.0,15.75,5.74,90.42,2866.22,4665.61,2871.47,4665.61,2865.23,4666.56,-1.8528,-0.131,-6.4005,-2.7948,1.373,4.12,5.249,6.307,0.832,3.659,224.2,701718.65,5142079.18,701734.4,5142079.18,701715.7,5142076.31,3790.29,,0,
kprcnn-nojitter-v1,Yakima-Toppenish_03_20260614,Yakima (arid),trained,1,1,5580,4620,1,0.22169,5580.03,4620.0,5586.46,4628.22,6.43,8.22,52.87,5585.34,4624.77,5580.84,4620.82,5581.16,4624.77,-8.1151,-6.7112,2.1218,-4.2348,4.178,12.54,5.986,3.961,1.511,3.948,180.0,709876.01,5142201.69,709862.51,5142213.53,709863.48,5142201.69,209.98,,0,
kprcnn-nojitter-v1,Yakima-Toppenish_03_20260614,Yakima (arid),trained,1,1,5670,4620,1,0.0663,5670.23,4620.0,5681.36,4627.85,11.13,7.85,87.33,5672.03,4622.78,5681.2,4627.69,5676.29,4625.4,-4.059,-9.3599,-0.702,-4.707,4.994,14.98,10.393,5.416,1.919,0.621,328.4,710136.1,5142207.66,710163.59,5142192.94,710148.86,5142199.81,117.9,,0,
kprcnn-nojitter-v1,Yakima-Toppenish_03_20260614,Yakima (arid),trained,1,1,5700,4620,1,0.75151,5710.94,4638.91,5730.73,4650.23,19.8,11.32,224.05,5716.05,4641.41,5720.34,4643.74,5726.94,4647.07,0.8864,2.6859,1.158,1.5768,12.271,36.81,4.881,7.391,0.66,0.09,332.5,710268.16,5142151.77,710281.02,5142144.78,710300.82,5142134.8,243.3,,0,
kprcnn-nojitter-v1,Yakima-Toppenish_03_20260614,Yakima (arid),trained,1,1,5730,4620,1,0.05757,5770.91,4621.71,5777.9,4631.85,6.99,10.14,70.88,5776.07,4628.42,5776.4,4628.74,5773.74,4624.49,-9.0444,-9.3892,0.4051,-6.0095,4.565,13.69,0.467,5.017,0.093,0.119,120.7,710448.21,5142190.75,710449.21,5142189.77,710441.22,5142202.52,388.62,,0,
kprcnn-nojitter-v1,Yakima-Toppenish_03_20260614,Yakima (arid),trained,1,1,5790,4620,1,0.1135,5809.02,4650.49,5819.17,4662.86,10.16,12.37,125.6,5817.37,4654.23,5814.75,4657.16,5819.01,4654.23,-0.1062,1.4604,-8.1359,-2.2606,1.638,4.91,3.93,5.169,0.76,2.929,0.0,710572.12,5142113.3,710564.25,5142104.51,710577.03,5142113.3,521.1,,0,
kprcnn-nojitter-v1,Yakima-Toppenish_03_20260614,Yakima (arid),trained,1,1,2820,4650,1,0.1948,2847.82,4650.06,2868.0,4654.08,20.18,4.03,81.24,2850.97,4650.83,2856.26,4651.14,2866.18,4651.14,-4.9613,-3.2482,-1.6287,-3.2794,15.218,45.65,5.301,9.923,0.534,0.202,358.8,701672.9,5142123.51,701688.77,5142122.58,701718.54,5142122.58,3800.04,,0,
kprcnn-nojitter-v1,Yakima-Toppenish_03_20260614,Yakima (arid),trained,1,1,2820,4650,0,0.18486,2852.2,4650.0,2867.72,4657.93,15.52,7.93,123.1,2865.58,4653.47,2858.64,4653.14,2865.25,4651.49,-8.1132,-4.0204,-1.0336,-4.3891,2.01,6.03,6.943,6.809,1.02,6.787,99.5,701716.73,5142115.59,701695.93,5142116.58,701715.74,5142121.54,3797.95,,0,
kprcnn-nojitter-v1,Yakima-Toppenish_03_20260614,Yakima (arid),trained,1,1,2850,4650,1,0.18259,2865.03,4660.68,2878.39,4670.31,13.35,9.62,128.48,2867.15,4666.82,2871.71,4665.16,2869.1,4670.14,-7.2383,0.7969,-7.4803,-4.6406,3.85,11.55,4.852,5.617,0.864,4.771,300.5,701721.44,5142075.53,701735.12,5142080.51,701727.31,5142065.58,3788.9,,0,
kprcnn-nojitter-v1,Yakima-Toppenish_03_20260614,Yakima (arid),trained,1,1,2850,4650,0,0.11686,2870.84,4677.35,2880.02,4689.92,9.18,12.57,115.39,2874.29,4680.83,2875.93,4683.14,2873.3,4677.52,-3.9832,1.0852,-5.7857,-2.8946,3.451,10.35,2.837,6.205,0.457,0.911,106.6,701742.86,5142033.52,701747.78,5142026.57,701739.91,5142043.44,3812.46,,0,
kprcnn-nojitter-v1,Yakima-Toppenish_03_20260614,Yakima (arid),trained,1,1,2850,4650,0,0.07978,2851.07,4650.0,2864.27,4657.88,13.2,7.88,104.05,2851.23,4650.49,2858.49,4653.12,2861.46,4650.82,-5.3874,-4.2005,-3.567,-4.385,10.236,30.71,7.721,3.756,2.056,2.393,358.2,701673.69,5142124.52,701695.47,5142116.64,701704.38,5142123.54,3798.28,,0,
kprcnn-nojitter-v1,Yakima-Toppenish_03_20260614,Yakima (arid),trained,1,1,2850,4650,0,0.06703,2884.45,4688.5,2893.34,4698.0,8.89,9.5,84.45,2887.58,4691.61,2888.56,4695.22,2885.93,4688.67,-0.3251,-0.2355,-7.1606,-2.5737,3.376,10.13,3.735,7.059,0.529,0.895,119.2,701782.73,5142001.16,701785.69,5141990.35,701777.79,5142010.0,3805.91,,0,
kprcnn-nojitter-v1,Yakima-Toppenish_03_20260614,Yakima (arid),trained,1,1,2880,4650,1,0.12482,2880.0,4673.24,2891.29,4686.76,11.29,13.53,152.72,2881.83,4681.32,2885.15,4680.66,2889.46,4675.71,0.4261,-6.3383,-4.5775,-3.4966,9.476,28.43,3.386,6.567,0.516,1.434,36.3,701765.48,5142032.04,701775.44,5142034.02,701788.39,5142048.87,3786.24,,0,
kprcnn-nojitter-v1,Yakima-Toppenish_03_20260614,Yakima (arid),trained,1,1,2880,4650,0,0.12034,2881.74,4687.63,2894.5,4698.0,12.75,10.37,132.29,2887.47,4691.35,2888.77,4694.92,2881.91,4688.11,-0.7299,-0.0487,-4.8091,-1.8626,6.435,19.3,3.798,9.669,0.393,2.422,149.7,701782.4,5142001.94,701786.32,5141991.24,701765.72,5142011.66,3804.86,,0,
kprcnn-nojitter-v1,Yakima-Toppenish_03_20260614,Yakima (arid),trained,1,1,2880,4650,0,0.09488,2893.86,4691.85,2912.83,4698.0,18.97,6.15,116.61,2895.02,4694.6,2904.68,4695.25,2897.69,4696.87,-2.68,-0.2711,-4.7004,-2.5505,3.496,10.49,9.676,7.175,1.348,5.76,319.6,701805.07,5141992.19,701834.03,5141990.25,701813.06,5141985.4,3768.82,,0,
kprcnn-nojitter-v1,Yakima-Toppenish_03_20260614,Yakima (arid),trained,1,1,5760,4650,1,0.15494,5781.89,4650.15,5797.21,4658.41,15.32,8.25,126.43,5792.71,4650.32,5792.38,4650.98,5786.05,4653.62,-7.4191,-3.4549,3.312,-2.5207,7.435,22.3,0.739,6.858,0.108,0.444,206.4,710498.14,5142125.04,710497.14,5142123.06,710478.15,5142115.14,451.52,,0,
kprcnn-nojitter-v1,Yakima-Toppenish_03_20260614,Yakima (arid),trained,1,1,5760,4650,0,0.06585,5778.18,4650.83,5789.67,4658.04,11.5,7.2,82.82,5784.91,4651.0,5786.88,4655.91,5785.89,4653.61,-9.5889,-9.9523,3.0692,-5.4907,2.799,8.4,5.293,2.495,2.121,0.115,290.6,710474.73,5142123.01,710480.64,5142108.28,710477.68,5142115.16,440.73,,0,
kprcnn-nojitter-v1,Yakima-Toppenish_03_20260614,Yakima (arid),trained,1,1,5760,4650,0,0.06413,5783.93,4650.05,5792.68,4655.37,8.74,5.32,46.5,5785.71,4650.89,5790.25,4652.88,5785.39,4653.54,-10.0067,-9.0098,3.6704,-5.1154,2.679,8.04,4.952,4.902,1.01,4.741,263.1,710477.14,5142123.34,710490.74,5142117.36,710476.17,5142115.37,447.22,,0,
kprcnn-nojitter-v1,Yakima-Toppenish_03_20260614,Yakima (arid),trained,1,1,5760,4650,0,0.06197,5783.02,4650.58,5791.25,4664.48,8.23,13.9,114.34,5783.18,4664.31,5786.48,4658.03,5785.82,4653.39,-10.1353,-6.5769,4.3306,-4.1272,11.233,33.7,7.096,4.679,1.517,1.726,76.4,710469.55,5142083.06,710479.43,5142101.92,710477.45,5142115.82,441.83,,0,
kprcnn-nojitter-v1,Yakima-Toppenish_03_20260614,Yakima (arid),trained,1,1,5760,4650,0,0.0594,5781.76,4652.1,5790.87,4659.41,9.11,7.31,66.61,5784.2,4652.27,5786.15,4656.92,5785.83,4653.6,-9.9715,-8.7367,3.2515,-5.1523,2.101,6.3,5.045,3.339,1.511,2.367,320.8,710472.59,5142119.2,710478.45,5142105.24,710477.48,5142115.21,439.74,,0,
kprcnn-nojitter-v1,Yakima-Toppenish_03_20260614,Yakima (arid),trained,1,1,5790,4650,1,0.27912,5809.21,4651.96,5818.72,4661.61,9.51,9.65,91.77,5816.91,4654.13,5814.62,4656.79,5818.55,4654.79,0.48,0.3306,-8.6733,-2.6209,1.77,5.31,3.515,4.413,0.797,3.33,337.9,710570.74,5142113.62,710563.85,5142105.64,710575.66,5142111.63,520.38,,0,
kprcnn-nojitter-v1,Yakima-Toppenish_03_20260614,Yakima (arid),trained,1,1,5790,4650,0,0.08547,5811.6,4650.0,5824.06,4655.56,12.45,5.57,69.29,5817.34,4653.44,5818.32,4650.82,5823.89,4650.16,0.5722,-1.2229,-8.6903,-3.1137,7.325,21.98,2.797,5.609,0.499,1.904,26.5,710572.02,5142115.69,710574.96,5142123.54,710591.68,5142125.51,526.05,,0,
kprcnn-nojitter-v1,Yakima-Toppenish_03_20260614,Yakima (arid),trained,1,1,5790,4650,0,0.06909,5810.59,4650.71,5821.89,4663.65,11.3,12.93,146.16,5817.74,4653.86,5815.08,4657.18,5820.06,4657.84,0.8275,0.321,-6.4819,-1.7778,4.61,13.83,4.251,5.029,0.845,3.969,300.3,710573.21,5142114.41,710565.23,5142104.46,710580.19,5142102.47,522.05,,0,
kprcnn-nojitter-v1,Yakima-Toppenish_03_20260614,Yakima (arid),trained,1,1,5790,4650,0,0.05983,5816.9,4650.0,5818.3,4658.5,1.4,8.5,11.93,5817.32,4653.43,5817.88,4651.14,5818.16,4655.4,0.1828,-1.9392,-7.5343,-3.0969,2.135,6.4,2.357,4.26,0.553,1.418,293.2,710571.96,5142115.7,710573.64,5142122.57,710574.49,5142109.81,525.03,,0,
kprcnn-nojitter-v1,Yakima-Toppenish_03_20260614,Yakima (arid),trained,1,1,5790,4650,0,0.05483,5809.57,4650.49,5820.07,4653.87,10.51,3.38,35.52,5817.28,4653.1,5817.61,4650.95,5819.91,4653.72,0.0328,-2.4494,-8.6524,-3.6897,2.698,8.09,2.176,3.596,0.605,2.17,346.8,710571.84,5142116.69,710572.83,5142123.15,710579.73,5142114.85,524.09,,0,
kprcnn-nojitter-v1,Yakima-Toppenish_03_20260614,Yakima (arid),trained,1,1,5820,4650,1,0.16019,5820.06,4654.07,5823.8,4662.25,3.74,8.18,30.61,5820.84,4655.87,5820.84,4658.82,5821.15,4654.24,0.5955,-1.0439,-8.6455,-3.0313,1.665,5.0,2.944,4.59,0.641,0.551,79.2,710582.51,5142108.38,710582.51,5142099.55,710583.45,5142113.29,540.01,,0,
kprcnn-nojitter-v1,Yakima-Toppenish_03_20260614,Yakima (arid),trained,1,1,5820,4650,0,0.13924,5820.0,4650.86,5824.14,4659.17,4.14,8.3,34.39,5820.8,4655.68,5821.12,4652.03,5820.8,4659.0,0.7731,-0.8324,-7.2784,-2.4459,3.321,9.96,3.667,6.981,0.525,0.319,270.0,710582.39,5142108.96,710583.35,5142119.92,710582.39,5142099.0,535.08,,0,
kprcnn-nojitter-v1,Yakima-Toppenish_03_20260614,Yakima (arid),trained,1,1,5820,4650,0,0.07658,5820.0,4653.58,5822.0,4658.95,2.0,5.37,10.73,5821.17,4656.27,5820.5,4658.48,5821.83,4657.21,-0.173,-3.0932,-7.2684,-3.5115,1.158,3.48,2.31,1.836,1.258,1.816,305.1,710583.5,5142107.2,710581.5,5142100.57,710585.49,5142104.36,538.74,,0,
kprcnn-nojitter-v1,Yakima-Toppenish_03_20260614,Yakima (arid),trained,1,1,5820,4650,0,0.05291,5820.4,4651.61,5822.61,4664.84,2.21,13.22,29.23,5821.19,4655.75,5821.19,4658.72,5820.88,4651.78,0.5858,-0.4591,-8.3528,-2.742,3.98,11.94,2.975,6.949,0.428,0.236,94.6,710583.58,5142108.76,710583.58,5142099.83,710582.63,5142120.66,540.94,,0,
kprcnn-nojitter-v1,Yakima-Toppenish_03_20260614,Yakima (arid),trained,1,1,2850,4680,1,0.10072,2872.24,4680.0,2882.2,4683.43,9.96,3.43,34.22,2874.07,4681.09,2876.06,4682.65,2880.71,4681.41,-0.1789,-2.0924,-4.9727,-2.4147,6.65,19.95,2.532,4.815,0.526,1.466,357.3,701742.2,5142032.72,701748.17,5142028.04,701762.12,5142031.78,3811.23,,0,
kprcnn-nojitter-v1,Yakima-Toppenish_03_20260614,Yakima (arid),trained,1,1,2850,4680,0,0.06792,2870.53,4680.0,2879.58,4685.1,9.05,5.1,46.17,2874.25,4681.12,2875.87,4683.03,2879.42,4681.44,-0.027,-0.7903,-5.476,-2.0977,5.179,15.54,2.505,3.895,0.643,1.811,356.5,701742.75,5142032.65,701747.6,5142026.91,701758.26,5142031.69,3812.39,,0,
kprcnn-nojitter-v1,Yakima-Toppenish_03_20260614,Yakima (arid),trained,1,1,2850,4680,0,0.05294,2883.82,4687.18,2892.13,4703.04,8.31,15.87,131.78,2887.65,4691.64,2888.31,4694.61,2886.32,4687.34,-0.4575,0.184,-5.6825,-1.9853,4.498,13.49,3.048,7.54,0.404,0.244,107.2,701782.94,5142001.08,701784.93,5141992.16,701778.95,5142013.97,3805.36,,0,
kprcnn-nojitter-v1,Yakima-Toppenish_03_20260614,Yakima (arid),trained,1,1,2880,4680,1,0.15454,2897.94,4689.57,2913.42,4701.8,15.48,12.24,189.41,2903.7,4701.64,2904.69,4695.35,2909.96,4692.71,-6.2541,0.0447,-3.743,-3.3175,10.904,32.71,6.361,5.896,1.079,2.797,55.0,701831.1,5141971.09,701834.07,5141989.94,701849.87,5141997.88,3768.99,,0,
kprcnn-nojitter-v1,Yakima-Toppenish_03_20260614,Yakima (arid),trained,1,1,2880,4680,0,0.12227,2900.46,4721.82,2911.08,4727.94,10.62,6.13,65.05,2904.61,4725.53,2906.93,4724.88,2902.29,4724.88,-8.972,-2.2434,-0.3245,-3.8466,2.41,7.23,2.41,4.645,0.519,1.243,164.5,701833.83,5141899.42,701840.8,5141901.36,701826.87,5141901.36,3821.46,,0,
kprcnn-nojitter-v1,Yakima-Toppenish_03_20260614,Yakima (arid),trained,1,1,2880,4680,0,0.09848,2892.9,4724.19,2906.45,4727.94,13.55,3.75,50.83,2901.99,4725.91,2898.68,4725.28,2903.64,4724.97,-8.6486,-4.631,-0.8893,-4.723,1.9,5.7,3.364,4.968,0.677,2.175,29.6,701825.97,5141898.27,701816.05,5141900.15,701830.92,5141901.09,3840.94,,0,
kprcnn-nojitter-v1,Yakima-Toppenish_03_20260614,Yakima (arid),trained,1,1,2880,4680,0,0.05615,2893.78,4724.53,2900.83,4728.0,7.05,3.47,24.46,2900.67,4725.64,2898.11,4725.95,2900.67,4725.64,-7.7447,-4.9662,-7.0314,-6.5808,0.0,0.0,2.584,2.584,1.0,0.0,0.0,701822.01,5141899.09,701814.32,5141898.15,701822.01,5141899.09,3843.56,,0,
kprcnn-nojitter-v1,Yakima-Toppenish_03_20260614,Yakima (arid),trained,1,1,5820,4680,1,0.99275,5847.33,4718.92,5863.65,4728.0,16.32,9.08,148.26,5850.5,4721.02,5855.16,4723.62,5860.49,4726.22,2.0241,5.503,1.1289,2.8853,11.261,33.78,5.337,5.928,0.9,0.154,332.6,710671.49,5141912.93,710685.48,5141905.14,710701.46,5141897.35,713.31,,0,
kprcnn-nojitter-v1,Yakima-Toppenish_03_20260614,Yakima (arid),trained,1,1,5820,4680,0,0.21409,5849.92,4724.78,5863.58,4727.87,13.66,3.1,42.32,5855.09,4724.93,5855.09,4725.24,5861.09,4725.86,-7.9178,-2.0407,1.1491,-2.9365,6.069,18.21,0.31,6.03,0.051,0.306,351.2,710685.26,5141901.21,710685.26,5141900.28,710703.26,5141898.42,715.56,,0,
kprcnn-nojitter-v1,Yakima-Toppenish_03_20260614,Yakima (arid),trained,1,1,5820,4680,0,0.11331,5857.97,4724.62,5867.21,4728.0,9.23,3.38,31.17,5860.78,4727.54,5864.07,4726.31,5860.45,4726.01,-9.1169,-8.5165,0.5984,-5.6783,1.57,4.71,3.519,3.641,0.967,3.482,102.1,710702.33,5141893.38,710712.22,5141897.06,710701.34,5141897.98,740.54,,0,
kprcnn-nojitter-v1,Yakima-Toppenish_03_20260614,Yakima (arid),trained,1,1,5820,4680,0,0.08972,5820.12,4680.0,5825.33,4693.57,5.21,13.57,70.69,5824.84,4691.42,5821.26,4681.16,5822.56,4689.76,-3.6179,-2.1979,-3.0184,-2.9447,2.817,8.45,10.866,8.702,1.249,6.198,144.0,710594.53,5142001.75,710583.78,5142032.53,710587.69,5142006.71,564.81,,0,
kprcnn-nojitter-v1,Yakima-Toppenish_03_20260614,Yakima (arid),trained,1,1,5820,4680,0,0.0622,5822.2,4702.31,5837.73,4711.72,15.52,9.41,146.13,5825.67,4704.74,5828.65,4706.69,5834.59,4709.94,0.8612,-0.0525,0.0046,0.2711,10.32,30.96,3.554,6.774,0.525,0.187,329.8,710597.02,5141961.77,710605.94,5141955.93,710623.77,5141946.19,619.05,,0,
kprcnn-nojitter-v1,Yakima-Toppenish_03_20260614,Yakima (arid),trained,1,1,5820,4680,0,0.05302,5823.18,4702.24,5829.85,4711.64,6.67,9.4,62.66,5825.88,4705.0,5828.1,4706.62,5829.69,4707.91,1.4204,-2.0222,-8.3163,-2.9727,4.798,14.39,2.75,2.049,1.342,0.064,322.6,710597.64,5141961.01,710604.31,5141956.15,710609.07,5141952.26,617.52,,0,
kprcnn-nojitter-v1,Yakima-Toppenish_03_20260614,Yakima (arid),trained,1,1,5820,4680,0,0.05148,5855.18,4680.0,5867.93,4685.23,12.75,5.23,66.64,5860.25,4683.76,5862.86,4683.76,5857.63,4681.47,-7.1629,-5.4701,1.083,-3.85,3.474,10.42,2.614,5.707,0.458,1.721,138.8,710700.74,5142024.73,710708.58,5142024.73,710692.9,5142031.59,683.5,,0,
kprcnn-nojitter-v1,Yakima-Toppenish_03_20260614,Yakima (arid),trained,1,1,5850,4680,1,0.99264,5850.0,4719.57,5863.96,4728.0,13.96,8.43,117.66,5851.16,4721.35,5854.82,4723.62,5860.47,4726.22,0.5026,4.8395,1.6083,2.3168,10.498,31.5,4.303,6.216,0.692,0.318,332.4,710673.49,5141911.94,710684.45,5141905.13,710701.4,5141897.35,712.42,,0,
kprcnn-nojitter-v1,Yakima-Toppenish_03_20260614,Yakima (arid),trained,1,1,5850,4680,0,0.11422,5850.0,4718.33,5852.65,4726.89,2.65,8.56,22.71,5851.16,4721.46,5852.49,4723.43,5850.17,4721.79,1.4916,-6.8417,-9.1099,-4.82,1.048,3.14,2.379,2.846,0.836,2.292,198.3,710673.48,5141911.63,710677.46,5141905.7,710670.5,5141910.64,706.08,,0,
kprcnn-nojitter-v1,Yakima-Toppenish_03_20260614,Yakima (arid),trained,1,1,5850,4680,0,0.08292,5851.41,4722.76,5868.4,4728.0,16.99,5.24,88.96,5851.58,4722.93,5854.91,4724.24,5860.24,4726.2,-2.9573,2.2021,1.1272,0.124,9.259,27.78,3.579,5.68,0.63,0.047,339.3,710674.73,5141907.22,710684.72,5141903.29,710700.71,5141897.4,713.58,,0,
kprcnn-nojitter-v1,Yakima-Toppenish_03_20260614,Yakima (arid),trained,1,1,5850,4680,0,0.0638,5858.32,4724.41,5864.73,4728.0,6.41,3.59,22.99,5862.01,4725.55,5863.29,4726.86,5860.73,4726.21,-9.1664,-10.2782,0.2705,-6.3914,1.439,4.32,1.829,2.646,0.691,1.744,207.0,710706.02,5141899.34,710709.87,5141895.42,710702.18,5141897.38,739.31,,0,
kprcnn-nojitter-v1,Yakima-Toppenish_03_20260614,Yakima (arid),trained,1,1,2850,4710,1,0.14572,2892.85,4724.46,2898.0,4732.05,5.15,7.59,39.05,2896.55,4727.27,2895.91,4730.9,2894.94,4727.6,-8.683,-6.4204,-0.126,-5.0764,1.641,4.92,3.686,3.438,1.072,3.426,191.6,701809.66,5141894.2,701807.73,5141883.31,701804.83,5141893.21,3858.26,,0,
kprcnn-nojitter-v1,Yakima-Toppenish_03_20260614,Yakima (arid),trained,1,1,2850,4710,0,0.05232,2891.95,4720.54,2897.85,4729.81,5.9,9.28,54.79,2896.38,4727.33,2895.72,4723.02,2895.06,4727.66,-9.155,-8.5623,-0.0089,-5.9087,1.353,4.06,4.357,4.685,0.93,4.337,194.2,701809.13,5141894.01,701807.16,5141906.94,701805.19,5141893.02,3843.24,,0,
kprcnn-nojitter-v1,Yakima-Toppenish_03_20260614,Yakima (arid),trained,1,1,2850,4710,0,0.05129,2891.15,4723.98,2898.0,4735.81,6.85,11.83,81.02,2896.53,4727.76,2895.55,4731.05,2895.23,4727.76,-8.8786,-6.1118,0.0034,-4.9957,1.304,3.91,3.429,3.303,1.038,3.287,180.0,701809.6,5141892.72,701806.66,5141882.85,701805.69,5141892.72,3859.36,,0,
kprcnn-nojitter-v1,Yakima-Toppenish_03_20260614,Yakima (arid),trained,1,1,2880,4710,1,0.25851,2893.09,4722.65,2905.51,4730.14,12.41,7.5,93.09,2900.44,4725.42,2898.81,4725.42,2903.38,4725.74,-8.9239,-1.8997,1.1067,-3.239,2.958,8.87,1.633,4.585,0.356,0.18,353.7,701821.33,5141899.75,701816.43,5141899.75,701830.15,5141898.77,3840.91,,0,
kprcnn-nojitter-v1,Yakima-Toppenish_03_20260614,Yakima (arid),trained,1,1,2880,4710,0,0.05326,2908.33,4710.07,2928.0,4715.14,19.67,5.07,99.81,2911.44,4711.18,2922.59,4711.49,2911.44,4711.18,-5.6597,-2.1994,-6.8358,-4.8983,0.0,0.0,11.152,11.152,1.0,0.0,0.0,701854.33,5141942.47,701887.77,5141941.52,701854.33,5141942.47,3759.66,,0,
kprcnn-nojitter-v1,Yakima-Toppenish_03_20260614,Yakima (arid),trained,1,1,5820,4710,1,0.9661,5847.54,4718.41,5864.55,4729.96,17.01,11.56,196.62,5850.97,4721.21,5854.57,4723.85,5861.44,4727.49,1.7488,6.2203,2.098,3.3557,12.206,36.62,4.464,7.772,0.574,0.416,329.1,710672.92,5141912.36,710683.71,5141904.44,710704.33,5141893.54,712.13,,0,
kprcnn-nojitter-v1,Yakima-Toppenish_03_20260614,Yakima (arid),trained,1,1,5820,4710,0,0.14275,5857.4,4715.76,5868.0,4731.33,10.6,15.57,165.16,5865.85,4718.57,5864.52,4722.22,5862.53,4728.52,-2.045,-7.7468,3.4312,-2.1202,10.479,31.44,3.879,6.602,0.587,0.105,251.6,710717.54,5141920.28,710713.56,5141909.34,710707.6,5141890.45,735.77,,0,
kprcnn-nojitter-v1,Yakima-Toppenish_03_20260614,Yakima (arid),trained,1,1,5820,4710,0,0.13671,5859.44,4725.48,5867.68,4736.07,8.24,10.59,87.28,5866.2,4730.94,5865.54,4731.94,5862.24,4727.3,-2.3372,-7.8594,3.136,-2.3535,5.376,16.13,1.192,5.686,0.21,1.177,137.4,710718.6,5141883.17,710716.62,5141880.19,710706.73,5141894.09,752.77,,0,
kprcnn-nojitter-v1,Yakima-Toppenish_03_20260614,Yakima (arid),trained,1,1,5820,4710,0,0.05405,5859.96,4722.01,5866.8,4730.53,6.85,8.52,58.33,5865.01,4728.4,5865.34,4728.07,5861.1,4727.42,-9.4526,-10.4121,2.323,-5.8473,4.033,12.1,0.462,4.288,0.108,0.397,165.9,710715.03,5141890.8,710716.01,5141891.78,710703.3,5141893.75,746.44,,0,
kprcnn-nojitter-v1,Yakima-Toppenish_03_20260614,Yakima (arid),trained,1,1,5850,4710,1,0.76842,5850.0,4717.49,5865.23,4731.88,15.23,14.39,219.09,5851.16,4721.58,5854.8,4723.86,5861.75,4727.46,0.5049,4.9174,2.6325,2.6849,12.118,36.35,4.301,7.827,0.55,0.232,330.9,710673.48,5141911.27,710684.4,5141904.41,710705.25,5141893.61,712.74,,0,
kprcnn-nojitter-v1,Yakima-Toppenish_03_20260614,Yakima (arid),trained,1,1,5850,4710,0,0.06499,5850.57,4717.46,5860.31,4726.2,9.73,8.74,85.08,5851.38,4721.51,5854.63,4723.45,5859.82,4726.04,0.5741,2.7692,-2.364,0.3264,9.576,28.73,3.781,5.801,0.652,0.176,331.7,710674.15,5141911.48,710683.88,5141905.65,710699.46,5141897.88,711.67,,0,
kprcnn-nojitter-v1,Yakima-Toppenish_03_20260614,Yakima (arid),trained,1,1,5850,4710,0,0.06044,5857.25,4725.02,5865.99,4736.61,8.74,11.58,101.2,5864.53,4729.49,5862.91,4731.48,5861.62,4727.18,-9.8402,-8.2488,3.6017,-4.8291,3.722,11.16,2.561,4.492,0.57,2.561,141.5,710713.6,5141887.52,710708.74,5141881.57,710704.86,5141894.47,745.28,,0,
kprcnn-nojitter-v1,Yakima-Toppenish_03_20260614,Yakima (arid),trained,1,1,5910,4710,1,0.10967,5950.01,4740.82,5958.0,4751.39,7.99,10.58,84.5,5956.5,4749.24,5955.84,4746.6,5952.51,4743.62,0.0575,-2.6674,0.0542,-0.8519,6.894,20.68,2.727,4.464,0.611,0.989,125.4,710989.51,5141828.27,710987.51,5141836.2,710977.52,5141845.13,1013.58,,0,
kprcnn-nojitter-v1,Yakima-Toppenish_03_20260614,Yakima (arid),trained,1,1,5910,4710,0,0.06257,5910.32,4745.17,5918.48,4754.54,8.16,9.37,76.48,5916.36,4750.5,5914.4,4749.21,5911.14,4746.95,-0.2694,-2.6532,-2.0211,-1.6479,6.317,18.95,2.347,3.971,0.591,0.033,145.8,710869.08,5141824.49,710863.21,5141828.37,710853.42,5141835.15,905.92,,0,
kprcnn-nojitter-v1,Yakima-Toppenish_03_20260614,Yakima (arid),trained,1,1,5910,4740,1,0.14812,5950.06,4740.9,5958.0,4752.26,7.94,11.36,90.13,5956.51,4749.83,5955.85,4746.58,5952.21,4743.01,0.1123,-2.5173,0.5075,-0.6325,8.057,24.17,3.312,5.096,0.65,1.172,122.2,710989.54,5141826.51,710987.55,5141836.25,710976.64,5141846.96,1013.6,,0,
kprcnn-nojitter-v1,Yakima-Toppenish_03_20260614,Yakima (arid),trained,1,1,5940,4740,1,0.05526,5951.23,4771.55,5964.4,4781.37,13.17,9.81,129.27,5961.93,4778.26,5958.63,4776.3,5953.04,4773.35,0.677,0.6969,-7.1375,-1.9212,10.155,30.47,3.834,6.325,0.606,0.127,151.1,711005.78,5141741.22,710995.9,5141747.11,710979.11,5141755.94,1061.34,,0,
kprcnn-nojitter-v1,Yakima-Toppenish_03_20260614,Yakima (arid),trained,1,1,5970,4740,1,0.05771,5970.21,4780.84,5974.6,4788.0,4.39,7.16,31.42,5974.44,4785.56,5971.0,4785.88,5971.0,4782.95,-3.3294,-6.0407,-1.3766,-3.5822,4.32,12.96,3.462,2.93,1.182,2.338,142.9,711043.33,5141719.32,711032.99,5141718.35,711032.99,5141727.14,1107.73,,0,
kprcnn-nojitter-v1,Yakima-Toppenish_03_20260614,Yakima (arid),trained,1,1,2970,4770,1,0.1494,2991.7,4787.1,3008.27,4798.47,16.56,11.37,188.39,2994.52,4793.76,3000.82,4792.46,2994.52,4794.41,-5.4854,-0.3294,-6.0904,-3.9684,0.65,1.95,6.427,6.59,0.975,6.295,270.0,702103.56,5141694.73,702122.45,5141698.63,702103.56,5141692.78,3757.61,,0,
kprcnn-nojitter-v1,Yakima-Toppenish_03_20260614,Yakima (arid),trained,1,1,3000,4770,1,0.14885,3037.43,4804.08,3048.0,4816.78,10.57,12.71,134.31,3046.18,4808.48,3045.19,4809.13,3045.85,4814.02,-7.4706,-0.5383,-1.2953,-3.1014,5.549,16.65,1.186,4.932,0.24,0.95,266.6,702258.55,5141650.57,702255.58,5141648.62,702257.56,5141633.95,3703.97,,0,
kprcnn-nojitter-v1,Yakima-Toppenish_03_20260614,Yakima (arid),trained,1,1,3030,4770,1,0.05675,3043.82,4806.79,3050.96,4816.62,7.15,9.82,70.19,3047.55,4812.52,3047.88,4810.23,3046.58,4813.51,-7.0797,-0.1836,-1.9373,-3.0669,1.384,4.15,2.315,3.523,0.657,1.384,225.2,702262.65,5141638.43,702263.63,5141645.31,702259.73,5141635.48,3701.09,,0,
kprcnn-nojitter-v1,Yakima-Toppenish_03_20260614,Yakima (arid),trained,1,1,5940,4770,1,0.07926,5949.31,4770.86,5965.38,4780.53,16.08,9.68,155.55,5962.27,4778.44,5958.66,4776.5,5951.77,4772.63,-0.1878,0.0695,-6.9329,-2.3504,11.997,35.99,4.095,7.903,0.518,0.053,151.1,711006.8,5141740.68,710995.97,5141746.49,710975.3,5141758.1,1061.7,,0,
kprcnn-nojitter-v1,Yakima-Toppenish_03_20260614,Yakima (arid),trained,1,1,6000,4770,1,0.21658,6015.55,4813.46,6028.28,4818.0,12.73,4.54,57.77,6019.63,4815.57,6022.57,4815.89,6027.14,4816.54,1.2542,-2.1123,-8.3295,-3.0626,7.571,22.71,2.956,4.616,0.64,0.056,352.6,711178.89,5141629.29,711187.71,5141628.32,711201.42,5141626.38,1286.72,,0,
kprcnn-nojitter-v1,Yakima-Toppenish_03_20260614,Yakima (arid),trained,1,1,6000,4770,0,0.05474,6014.83,4811.21,6024.42,4818.0,9.59,6.79,65.1,6019.63,4815.58,6022.27,4815.9,6016.65,4813.96,1.7431,-5.7251,-7.1496,-3.7106,3.387,10.16,2.665,5.947,0.448,0.978,151.5,711178.88,5141629.27,711186.82,5141628.3,711169.95,5141634.12,1285.95,,0,
kprcnn-nojitter-v1,Yakima-Toppenish_03_20260614,Yakima (arid),trained,1,1,3000,4800,1,0.12429,3037.45,4804.83,3048.0,4816.92,10.55,12.09,127.58,3046.19,4808.58,3045.2,4809.24,3045.86,4814.14,-7.2756,-0.9966,-1.2537,-3.1753,5.566,16.7,1.186,4.947,0.24,0.949,266.6,702258.56,5141650.25,702255.59,5141648.29,702257.57,5141633.58,3704.21,,0,
kprcnn-nojitter-v1,Yakima-Toppenish_03_20260614,Yakima (arid),trained,1,1,3000,4800,0,0.09634,3042.9,4808.46,3048.0,4816.09,5.1,7.63,38.96,3045.93,4808.63,3045.61,4809.62,3045.93,4813.93,-5.7299,-1.3972,-1.4227,-2.8499,5.309,15.93,1.045,4.326,0.242,0.319,270.0,702257.78,5141650.12,702256.82,5141647.14,702257.78,5141634.2,3704.25,,0,
kprcnn-nojitter-v1,Yakima-Toppenish_03_20260614,Yakima (arid),trained,1,1,3030,4800,1,0.40516,3049.8,4830.41,3065.35,4840.98,15.54,10.56,164.17,3062.54,4835.86,3057.24,4835.53,3060.22,4832.23,0.2926,0.7707,-3.0688,-0.6685,4.306,12.92,5.301,4.445,1.193,4.284,122.5,702307.61,5141568.42,702291.73,5141569.41,702300.66,5141579.31,3739.86,,0,
kprcnn-nojitter-v1,Yakima-Toppenish_03_20260614,Yakima (arid),trained,1,1,3030,4800,0,0.0738,3044.48,4838.88,3058.16,4848.0,13.67,9.12,124.65,3046.6,4845.23,3052.46,4844.26,3054.09,4840.67,-1.7235,-2.9817,-2.9811,-2.5621,8.766,26.3,5.94,3.934,1.51,2.213,31.3,702259.8,5141540.3,702277.38,5141543.23,702282.26,5141553.98,3769.09,,0,
kprcnn-nojitter-v1,Yakima-Toppenish_03_20260614,Yakima (arid),trained,1,1,3030,4800,0,0.06791,3052.81,4829.29,3063.44,4838.31,10.63,9.02,95.85,3061.94,4835.57,3057.29,4835.57,3059.62,4831.06,-0.8296,-0.4542,-2.1397,-1.1412,5.074,15.22,4.65,5.074,0.916,4.133,117.3,702305.83,5141569.3,702291.88,5141569.3,702298.86,5141582.83,3739.85,,0,
kprcnn-nojitter-v1,Yakima-Toppenish_03_20260614,Yakima (arid),trained,1,1,5970,4800,1,0.07029,5970.0,4808.75,5983.01,4820.43,13.01,11.68,151.95,5971.14,4816.7,5972.44,4814.11,5980.57,4814.11,-0.8278,-0.6993,-0.0216,-0.5162,9.786,29.36,2.903,8.134,0.357,2.157,15.4,711033.42,5141625.9,711037.32,5141633.68,711061.72,5141633.68,1155.19,,0,
kprcnn-nojitter-v1,Yakima-Toppenish_03_20260614,Yakima (arid),trained,1,1,6000,4800,1,0.37424,6015.04,4812.46,6029.89,4820.81,14.85,8.35,123.99,6019.49,4815.51,6022.79,4816.48,6029.72,4819.05,1.2875,0.242,-7.0929,-1.8545,10.823,32.47,3.438,7.391,0.465,0.166,341.0,711178.47,5141629.46,711188.37,5141626.56,711209.16,5141618.86,1288.16,,0,
kprcnn-nojitter-v1,Yakima-Toppenish_03_20260614,Yakima (arid),trained,1,1,6000,4800,0,0.07451,6000.75,4806.93,6010.02,4814.54,9.27,7.61,70.54,6004.56,4810.4,6007.87,4810.73,6001.25,4808.42,0.1366,-3.1699,-5.1017,-2.7117,3.859,11.58,3.326,7.012,0.474,1.419,149.0,711133.67,5141644.79,711143.6,5141643.8,711123.74,5141650.75,1240.73,,0,
kprcnn-nojitter-v1,Yakima-Toppenish_03_20260614,Yakima (arid),trained,1,1,6030,4800,1,0.09036,6030.0,4816.15,6041.57,4824.17,11.57,8.02,92.82,6037.11,4820.48,6036.11,4819.84,6031.82,4819.2,-0.6714,-5.2543,1.6676,-1.4194,5.441,16.32,1.181,4.344,0.272,0.39,166.4,711231.32,5141614.56,711228.34,5141616.49,711215.45,5141618.41,1327.96,,0,
kprcnn-nojitter-v1,Yakima-Toppenish_03_20260614,Yakima (arid),trained,1,1,6030,4800,0,0.0787,6030.05,4815.08,6035.6,4822.78,5.55,7.7,42.74,6035.44,4820.7,6035.44,4820.7,6031.19,4818.77,-3.3216,-8.0035,1.2955,-3.3432,4.661,13.98,0.0,4.661,0.0,0.0,155.6,711226.32,5141613.9,711226.32,5141613.9,711213.58,5141619.68,1327.45,,0,
kprcnn-nojitter-v1,Yakima-Toppenish_03_20260614,Yakima (arid),trained,1,1,6150,4800,1,0.3578,6162.36,4839.69,6179.49,4845.68,17.14,5.99,102.69,6165.16,4841.86,6169.11,4842.52,6176.69,4842.85,1.2186,-0.7442,-1.5683,-0.3646,11.576,34.73,4.01,7.586,0.529,0.322,355.1,711615.48,5141550.43,711627.34,5141548.43,711650.08,5141547.44,1715.12,,0,
kprcnn-nojitter-v1,Yakima-Toppenish_03_20260614,Yakima (arid),trained,1,1,6180,4800,1,0.05954,6180.3,4841.9,6191.81,4847.56,11.51,5.66,65.16,6189.67,4845.4,6184.41,4844.4,6181.13,4843.4,0.0239,-6.3783,-3.8128,-3.3891,8.779,26.34,5.355,3.436,1.558,0.225,166.8,711689.02,5141539.8,711673.24,5141542.8,711663.38,5141545.8,1759.27,,0,
kprcnn-nojitter-v1,Yakima-Toppenish_03_20260614,Yakima (arid),trained,1,1,6240,4800,1,0.12403,6240.07,4844.87,6242.89,4848.0,2.82,3.13,8.83,6241.17,4846.59,6240.85,4846.28,6242.42,4846.9,-0.1072,-6.723,-6.8947,-4.575,1.294,3.88,0.443,1.689,0.262,0.228,346.0,711843.5,5141536.23,711842.56,5141537.16,711847.26,5141535.29,1917.22,,0,
kprcnn-nojitter-v1,Yakima-Toppenish_03_20260614,Yakima (arid),trained,1,1,3030,4830,1,0.06666,3051.29,4830.74,3065.71,4841.24,14.42,10.5,151.29,3062.92,4835.83,3057.35,4835.83,3054.08,4839.11,-0.8598,-0.8472,-3.6559,-1.7876,9.434,28.3,5.57,4.636,1.201,1.936,200.3,702308.77,5141568.52,702292.06,5141568.52,702282.23,5141558.68,3740.32,,0,
kprcnn-nojitter-v1,Yakima-Toppenish_03_20260614,Yakima (arid),trained,1,1,3030,4830,0,0.05431,3054.82,4830.13,3064.61,4838.24,9.78,8.11,79.34,3062.81,4835.8,3057.92,4835.16,3058.25,4831.59,-0.382,-3.3071,-6.3286,-3.3393,6.215,18.65,4.933,3.584,1.376,2.843,137.3,702308.44,5141568.59,702293.76,5141570.53,702294.74,5141581.24,3737.69,,0,
kprcnn-nojitter-v1,Yakima-Toppenish_03_20260614,Yakima (arid),trained,1,1,6120,4830,1,0.05482,6161.61,4837.9,6168.0,4844.44,6.39,6.54,41.78,6165.28,4841.66,6165.28,4840.35,6163.05,4841.99,1.7401,-7.3106,-8.1567,-4.5757,2.261,6.78,1.307,2.771,0.472,1.293,188.3,711615.85,5141551.02,711615.85,5141554.95,711609.14,5141550.04,1701.97,,0,
kprcnn-nojitter-v1,Yakima-Toppenish_03_20260614,Yakima (arid),trained,1,1,6180,4830,1,0.06784,6208.67,4848.25,6227.0,4856.36,18.33,8.11,148.6,6214.17,4851.01,6218.17,4851.98,6225.83,4854.57,0.1608,0.6589,-1.03,-0.0701,12.199,36.6,4.117,8.093,0.509,0.239,343.0,711762.5,5141522.98,711774.5,5141520.06,711797.5,5141512.28,1861.11,,0,
kprcnn-nojitter-v1,Yakima-Toppenish_03_20260614,Yakima (arid),trained,1,1,6210,4830,1,0.65067,6232.98,4855.15,6245.81,4863.73,12.84,8.58,110.13,6235.78,4857.96,6239.07,4859.28,6245.65,4861.92,0.9863,2.2905,-6.5903,-1.1045,10.639,31.92,3.546,7.092,0.5,0.0,338.1,711827.33,5141502.12,711837.2,5141498.16,711856.95,5141490.24,1927.35,,0,
kprcnn-nojitter-v1,Yakima-Toppenish_03_20260614,Yakima (arid),trained,1,1,6210,4830,0,0.16913,6210.42,4848.27,6226.69,4857.95,16.27,9.68,157.48,6213.9,4851.33,6218.22,4852.3,6226.52,4854.56,-0.3674,0.1602,-1.9522,-0.7198,13.025,39.08,4.424,8.604,0.514,0.132,345.7,711761.71,5141522.0,711774.66,5141519.1,711799.57,5141512.33,1861.64,,0,
kprcnn-nojitter-v1,Yakima-Toppenish_03_20260614,Yakima (arid),trained,1,1,6210,4830,0,0.1537,6210.24,4847.99,6221.1,4855.23,10.87,7.25,78.72,6212.05,4850.79,6217.97,4852.1,6211.72,4850.13,-0.358,-0.7217,-7.0937,-2.7245,0.736,2.21,6.071,6.561,0.925,4.712,116.6,711756.14,5141523.64,711773.92,5141519.69,711755.16,5141525.62,1860.73,,0,
kprcnn-nojitter-v1,Yakima-Toppenish_03_20260614,Yakima (arid),trained,1,1,6210,4830,0,0.0855,6211.17,4847.72,6215.64,4854.49,4.47,6.76,30.22,6214.84,4851.43,6214.21,4851.11,6211.33,4850.14,-0.376,-7.1358,-5.1696,-4.2271,3.74,11.22,0.715,3.031,0.236,0.082,159.9,711764.53,5141521.72,711762.62,5141522.68,711754.0,5141525.58,1849.17,,0,
kprcnn-nojitter-v1,Yakima-Toppenish_03_20260614,Yakima (arid),trained,1,1,6240,4830,1,0.97601,6257.53,4867.47,6276.2,4878.0,18.67,10.53,196.56,6262.28,4869.94,6265.22,4872.57,6272.76,4875.86,0.8495,3.6205,0.5207,1.6636,12.039,36.12,3.952,8.221,0.481,0.841,330.5,711906.83,5141466.18,711915.67,5141458.29,711938.28,5141448.42,2015.21,,0,
kprcnn-nojitter-v1,Yakima-Toppenish_03_20260614,Yakima (arid),trained,1,1,6240,4830,0,0.22207,6245.62,4861.92,6265.27,4872.36,19.66,10.45,205.34,6261.78,4869.92,6254.78,4866.65,6248.78,4863.06,-0.1995,0.4361,-1.8621,-0.5418,14.692,44.08,7.721,6.99,1.105,0.378,152.2,711905.33,5141466.25,711884.33,5141476.04,711866.34,5141486.82,1979.39,,0,
kprcnn-nojitter-v1,Yakima-Toppenish_03_20260614,Yakima (arid),trained,1,1,6240,4830,0,0.15005,6262.42,4872.58,6276.57,4878.0,14.15,5.42,76.7,6268.18,4873.38,6265.55,4873.38,6272.79,4876.25,-6.1745,-1.8559,1.155,-2.2918,5.428,16.28,2.633,7.788,0.338,1.392,328.1,711924.54,5141455.87,711916.65,5141455.87,711938.37,5141447.26,2017.06,,0,
kprcnn-nojitter-v1,Yakima-Toppenish_03_20260614,Yakima (arid),trained,1,1,6240,4830,0,0.0508,6259.25,4867.9,6267.72,4877.68,8.47,9.78,82.84,6262.67,4870.02,6265.27,4872.62,6261.04,4870.02,1.2177,2.3531,-8.7869,-1.7387,1.628,4.88,3.687,4.973,0.741,2.609,180.0,711908.0,5141465.95,711915.82,5141458.13,711903.12,5141465.95,2015.4,,0,
kprcnn-nojitter-v1,Yakima-Toppenish_03_20260614,Yakima (arid),trained,1,1,6270,4830,1,0.89628,6288.72,4858.48,6303.69,4865.83,14.97,7.35,110.09,6299.2,4862.79,6295.87,4862.47,6291.22,4862.15,0.6655,2.4005,2.0314,1.6991,8.011,24.03,3.343,4.669,0.716,0.053,175.4,712017.6,5141487.62,712007.62,5141488.58,711993.65,5141489.54,2088.48,,0,
kprcnn-nojitter-v1,Yakima-Toppenish_03_20260614,Yakima (arid),trained,1,1,6270,4830,0,0.10713,6270.28,4874.29,6277.03,4878.0,6.75,3.71,25.02,6274.62,4875.68,6275.59,4876.61,6273.01,4876.3,-9.216,-8.5893,0.9526,-5.6176,1.722,5.16,1.337,2.59,0.516,1.211,201.0,711943.87,5141448.95,711946.76,5141446.17,711939.04,5141447.1,2048.55,,0,
kprcnn-nojitter-v1,Yakima-Toppenish_03_20260614,Yakima (arid),trained,1,1,6270,4830,0,0.07162,6297.49,4861.34,6300.78,4862.92,3.29,1.58,5.19,6298.97,4862.45,6298.97,4862.45,6298.31,4861.82,-0.61,-6.6743,-8.8623,-5.3822,0.911,2.73,0.0,0.911,0.0,0.0,136.2,712016.91,5141488.66,712016.91,5141488.66,712014.94,5141490.55,2097.09,,0,
kprcnn-nojitter-v1,Yakima-Toppenish_03_20260614,Yakima (arid),trained,1,1,6270,4830,0,0.05459,6270.16,4872.74,6280.23,4878.0,10.07,5.26,52.93,6273.25,4877.51,6275.84,4876.52,6273.25,4876.19,-10.0035,-10.1538,1.5019,-6.2185,1.314,3.94,2.779,2.62,1.061,2.599,90.0,711939.74,5141443.48,711947.53,5141446.44,711939.74,5141447.42,2049.15,,0,
kprcnn-nojitter-v1,Yakima-Toppenish_03_20260614,Yakima (arid),trained,1,1,6330,4830,1,0.12094,6330.0,4840.42,6343.25,4858.67,13.25,18.26,241.86,6334.47,4843.57,6334.47,4848.55,6333.48,4843.24,2.9976,-5.6747,-5.0065,-2.5612,1.048,3.14,4.979,5.403,0.922,4.723,161.5,712123.41,5141545.29,712123.41,5141530.36,712120.43,5141546.29,2182.15,,0,
kprcnn-nojitter-v1,Yakima-Toppenish_03_20260614,Yakima (arid),trained,1,1,6360,4830,1,0.18155,6375.11,4872.45,6389.09,4878.0,13.98,5.55,77.64,6377.27,4875.55,6381.6,4875.88,6387.93,4875.88,-4.2713,0.2152,-5.3853,-3.1471,10.659,31.98,4.34,6.326,0.686,0.194,358.2,712251.82,5141449.35,712264.81,5141448.37,712283.79,5141448.37,2343.02,,0,
kprcnn-nojitter-v1,Yakima-Toppenish_03_20260614,Yakima (arid),trained,1,1,3030,4860,1,0.05232,3065.39,4894.6,3077.75,4908.0,12.35,13.4,165.56,3071.08,4905.55,3071.41,4902.28,3067.83,4905.55,-2.5992,2.2412,-0.9786,-0.4455,3.251,9.75,3.284,4.845,0.678,3.268,180.0,702333.24,5141359.35,702334.22,5141369.16,702323.49,5141359.35,3867.91,,0,
kprcnn-nojitter-v1,Yakima-Toppenish_03_20260614,Yakima (arid),trained,1,1,6150,4860,1,0.07908,6190.01,4860.0,6198.0,4871.86,7.99,11.86,94.71,6195.17,4869.39,6195.84,4864.12,6193.84,4869.39,-3.5777,-1.1263,-4.8968,-3.2002,1.331,3.99,5.313,5.637,0.943,5.271,180.0,711705.52,5141467.83,711707.51,5141483.65,711701.52,5141467.83,1815.14,,0,
kprcnn-nojitter-v1,Yakima-Toppenish_03_20260614,Yakima (arid),trained,1,1,6210,4860,1,0.08145,6246.58,4861.66,6258.0,4869.68,11.42,8.02,91.54,6252.29,4864.71,6254.9,4866.31,6248.7,4863.1,0.7012,-1.573,-0.7824,-0.5514,3.93,11.79,3.063,6.978,0.439,0.399,155.9,711876.88,5141481.88,711884.7,5141477.07,711866.11,5141486.69,1979.33,,0,
kprcnn-nojitter-v1,Yakima-Toppenish_03_20260614,Yakima (arid),trained,1,1,6240,4860,1,0.43527,6257.2,4867.13,6275.85,4879.71,18.65,12.57,234.5,6262.03,4869.95,6265.69,4872.26,6272.69,4876.9,0.5258,3.3522,0.6592,1.5124,12.722,38.17,4.334,8.389,0.517,0.061,326.9,711906.09,5141466.16,711917.08,5141459.21,711938.06,5141445.31,2016.13,,0,
kprcnn-nojitter-v1,Yakima-Toppenish_03_20260614,Yakima (arid),trained,1,1,6240,4860,0,0.27162,6247.82,4861.79,6262.44,4871.5,14.62,9.72,142.03,6252.31,4864.86,6254.96,4866.48,6248.32,4862.92,0.2012,0.2091,-2.0176,-0.5357,4.435,13.31,3.112,7.539,0.413,0.291,154.0,711876.92,5141481.41,711884.89,5141476.55,711864.96,5141487.24,1979.7,,0,
kprcnn-nojitter-v1,Yakima-Toppenish_03_20260614,Yakima (arid),trained,1,1,6240,4860,0,0.06847,6280.52,4879.5,6288.0,4890.83,7.48,11.34,84.78,6281.98,4881.6,6285.89,4884.52,6280.68,4880.96,-0.6055,-0.4014,-8.1154,-3.0408,1.453,4.36,4.871,6.306,0.772,0.87,153.5,711965.95,5141431.19,711977.66,5141422.44,711962.05,5141433.13,2086.36,,0,
kprcnn-nojitter-v1,Yakima-Toppenish_03_20260614,Yakima (arid),trained,1,1,6240,4860,0,0.05329,6245.78,4861.22,6257.03,4869.34,11.25,8.12,91.36,6252.23,4864.95,6254.21,4866.25,6247.93,4862.68,0.5491,-2.1377,-0.2003,-0.5963,4.865,14.59,2.372,7.23,0.328,0.221,152.1,711876.69,5141481.14,711882.64,5141477.24,711863.79,5141487.96,1977.36,,0,
kprcnn-nojitter-v1,Yakima-Toppenish_03_20260614,Yakima (arid),trained,1,1,6270,4860,1,0.87893,6289.58,4860.48,6300.24,4864.2,10.66,3.73,39.72,6298.41,4862.8,6296.41,4862.49,6291.41,4861.87,0.2477,0.4682,1.0028,0.5729,7.057,21.17,2.023,5.035,0.402,0.044,172.4,712015.23,5141487.59,712009.23,5141488.52,711994.24,5141490.38,2090.0,,0,
kprcnn-nojitter-v1,Yakima-Toppenish_03_20260614,Yakima (arid),trained,1,1,6270,4860,0,0.50114,6287.54,4860.23,6300.86,4866.73,13.32,6.49,86.52,6298.7,4862.99,6296.03,4862.99,6291.37,4862.02,0.5409,1.2542,0.2356,0.6769,7.391,22.17,2.664,4.763,0.559,0.351,172.4,712016.09,5141487.02,712008.1,5141487.02,711994.11,5141489.94,2089.5,,0,
kprcnn-nojitter-v1,Yakima-Toppenish_03_20260614,Yakima (arid),trained,1,1,6270,4860,0,0.29991,6288.54,4860.69,6300.61,4860.72,12.07,0.03,0.36,6298.49,4860.86,6296.2,4860.86,6291.31,4860.86,-2.4359,-1.4167,-0.3881,-1.4136,7.176,21.53,2.283,4.893,0.467,0.0,180.0,712015.46,5141493.42,712008.61,5141493.42,711993.93,5141493.42,2087.62,,0,
kprcnn-nojitter-v1,Yakima-Toppenish_03_20260614,Yakima (arid),trained,1,1,6270,4860,0,0.21568,6288.22,4860.63,6301.74,4860.7,13.52,0.07,0.97,6298.94,4860.79,6296.3,4860.79,6291.68,4860.79,-4.2624,-0.5659,-0.445,-1.7578,7.257,21.77,2.639,4.618,0.571,0.0,180.0,712016.82,5141493.62,712008.9,5141493.62,711995.05,5141493.62,2087.82,,0,
kprcnn-nojitter-v1,Yakima-Toppenish_03_20260614,Yakima (arid),trained,1,1,6270,4860,0,0.18612,6293.26,4860.0,6301.59,4864.94,8.33,4.94,41.13,6298.87,4863.13,6296.62,4862.8,6293.42,4861.81,0.369,0.0472,-6.7029,-2.0956,5.606,16.82,2.268,3.354,0.676,0.207,166.4,712016.6,5141486.62,712009.87,5141487.61,712000.25,5141490.57,2090.92,,0,
kprcnn-nojitter-v1,Yakima-Toppenish_03_20260614,Yakima (arid),trained,1,1,6270,4860,0,0.16976,6280.76,4879.78,6292.05,4889.96,11.29,10.19,114.98,6282.59,4881.91,6286.24,4884.54,6290.22,4887.83,-0.6825,1.2489,-5.7232,-1.7189,9.659,28.98,4.5,5.164,0.871,0.158,322.2,711967.76,5141430.26,711978.72,5141422.37,711990.67,5141412.52,2087.35,,0,
kprcnn-nojitter-v1,Yakima-Toppenish_03_20260614,Yakima (arid),trained,1,1,6270,4860,0,0.1462,6296.05,4861.46,6301.18,4862.2,5.12,0.74,3.79,6298.78,4862.08,6296.85,4862.08,6299.1,4862.08,-0.253,-2.4037,-8.7366,-3.7978,0.32,0.96,1.922,2.242,0.857,0.0,0.0,712016.33,5141489.76,712010.56,5141489.76,712017.29,5141489.76,2090.78,,0,
kprcnn-nojitter-v1,Yakima-Toppenish_03_20260614,Yakima (arid),trained,1,1,6270,4860,0,0.11019,6270.12,4873.37,6275.61,4882.77,5.49,9.4,51.63,6271.25,4875.48,6272.87,4879.36,6273.19,4876.45,-8.1447,-10.0321,2.3319,-5.2816,2.169,6.51,4.211,2.934,1.435,2.752,333.4,711933.75,5141449.57,711938.6,5141437.91,711939.57,5141446.66,2044.38,,0,
kprcnn-nojitter-v1,Yakima-Toppenish_03_20260614,Yakima (arid),trained,1,1,6270,4860,0,0.09014,6270.14,4860.11,6274.67,4867.71,4.54,7.6,34.49,6271.92,4863.58,6273.21,4863.58,6270.95,4863.91,-0.5177,-5.9977,-4.3416,-3.619,1.027,3.08,1.296,2.292,0.565,0.417,198.8,711935.75,5141485.26,711939.64,5141485.26,711932.84,5141484.27,2026.74,,0,
kprcnn-nojitter-v1,Yakima-Toppenish_03_20260614,Yakima (arid),trained,1,1,6270,4860,0,0.06617,6270.04,4873.14,6283.61,4882.69,13.57,9.56,129.65,6281.13,4880.88,6278.15,4877.92,6272.53,4876.93,-2.0925,-7.9987,3.6741,-2.139,9.469,28.41,4.203,5.712,0.736,1.451,155.3,711963.39,5141433.36,711954.45,5141442.25,711937.58,5141445.22,2057.16,,0,
kprcnn-nojitter-v1,Yakima-Toppenish_03_20260614,Yakima (arid),trained,1,1,6270,4860,0,0.05342,6270.31,4860.29,6280.32,4868.84,10.01,8.55,85.53,6272.09,4863.42,6273.7,4864.4,6278.22,4867.36,-0.7944,-2.7312,-3.1805,-2.2354,7.293,21.88,1.892,5.402,0.35,0.044,327.3,711936.27,5141485.75,711941.11,5141482.79,711954.67,5141473.92,2029.04,,0,
kprcnn-nojitter-v1,Yakima-Toppenish_03_20260614,Yakima (arid),trained,1,1,6270,4860,0,0.05309,6284.11,4860.0,6301.59,4862.82,17.49,2.82,49.24,6298.46,4862.03,6295.82,4862.03,6291.2,4861.72,-0.3185,-0.1735,-0.1862,-0.2261,7.265,21.8,2.639,4.629,0.57,0.114,177.5,712015.38,5141489.9,712007.46,5141489.9,711993.6,5141490.84,2087.84,,0,
kprcnn-nojitter-v1,Yakima-Toppenish_03_20260614,Yakima (arid),trained,1,1,3030,4890,1,0.05308,3066.92,4894.31,3077.34,4908.01,10.42,13.7,142.73,3070.99,4905.24,3071.97,4901.98,3070.01,4905.57,-4.2168,2.6562,-5.3242,-2.2949,1.03,3.09,3.405,4.086,0.834,2.785,198.5,702332.97,5141360.28,702335.9,5141370.07,702330.04,5141359.3,3866.16,,0,
kprcnn-nojitter-v1,Yakima-Toppenish_03_20260614,Yakima (arid),trained,1,1,3060,4890,1,0.05698,3066.7,4894.87,3076.29,4907.72,9.58,12.85,123.15,3071.5,4905.25,3071.83,4902.29,3070.17,4905.58,-4.7516,1.5333,-4.097,-2.4384,1.362,4.09,2.984,3.686,0.81,2.798,194.0,702334.49,5141360.25,702335.48,5141369.14,702330.52,5141359.26,3867.15,,0,
kprcnn-nojitter-v1,Yakima-Toppenish_03_20260614,Yakima (arid),trained,1,1,3090,4890,1,0.11391,3116.91,4932.44,3133.73,4938.0,16.82,5.56,93.5,3132.58,4935.55,3126.97,4936.2,3119.71,4935.22,-2.1514,-3.628,-1.2094,-2.3296,12.87,38.61,5.646,7.323,0.771,0.796,178.5,702517.73,5141269.36,702500.9,5141267.39,702479.13,5141270.34,3850.01,,0,
kprcnn-nojitter-v1,Yakima-Toppenish_03_20260614,Yakima (arid),trained,1,1,3090,4890,0,0.09414,3103.84,4916.06,3119.17,4926.96,15.34,10.9,167.19,3106.28,4923.16,3113.13,4922.5,3109.87,4926.13,-0.2985,-2.4456,-3.4792,-2.0745,4.661,13.98,6.884,4.884,1.409,4.88,320.4,702438.85,5141306.52,702459.4,5141308.51,702449.62,5141297.6,3840.79,,0,
kprcnn-nojitter-v1,Yakima-Toppenish_03_20260614,Yakima (arid),trained,1,1,3090,4920,1,0.05945,3101.19,4920.24,3121.98,4923.41,20.79,3.18,66.03,3105.64,4922.62,3113.23,4921.98,3105.64,4922.94,-2.1961,-2.7703,-4.2679,-3.0781,0.318,0.95,7.616,7.649,0.996,7.589,270.0,702436.93,5141308.14,702459.7,5141310.05,702436.93,5141307.19,3839.37,,0,
kprcnn-nojitter-v1,Yakima-Toppenish_03_20260614,Yakima (arid),trained,1,1,3090,4920,0,0.05116,3130.45,4920.18,3138.0,4934.34,7.55,14.16,106.99,3131.92,4931.21,3135.87,4925.94,3131.92,4931.21,-6.7437,-2.3714,-7.3558,-5.4903,0.0,0.0,6.581,6.581,1.0,0.0,0.0,702515.77,5141282.36,702527.6,5141298.17,702515.77,5141282.36,3809.48,,0,
kprcnn-nojitter-v1,Yakima-Toppenish_03_20260614,Yakima (arid),trained,1,1,3120,4920,1,0.09526,3143.27,4962.88,3168.0,4968.0,24.73,5.12,126.64,3163.88,4965.28,3157.94,4965.92,3147.39,4964.0,0.3452,-1.4816,-1.1973,-0.7779,16.534,49.6,5.969,10.723,0.557,1.098,175.6,702611.64,5141180.16,702593.83,5141178.24,702562.18,5141184.0,3871.34,,0,
kprcnn-nojitter-v1,Yakima-Toppenish_03_20260614,Yakima (arid),trained,1,1,3150,4920,1,0.0616,3150.0,4962.89,3165.58,4968.0,15.58,5.11,79.63,3163.09,4965.28,3157.79,4966.24,3151.49,4966.24,-0.6823,-2.8328,-2.4788,-1.998,11.64,34.92,5.389,6.297,0.856,0.519,184.7,702609.28,5141180.15,702593.37,5141177.27,702574.47,5141177.27,3872.41,,0,
kprcnn-nojitter-v1,Yakima-Toppenish_03_20260614,Yakima (arid),trained,1,1,6300,4920,1,0.19346,6332.15,4932.56,6339.67,4944.9,7.52,12.33,92.7,6336.89,4936.62,6336.56,4938.57,6336.89,4941.81,-0.0907,-3.5997,-4.3938,-2.6947,5.194,15.58,1.975,3.262,0.605,0.327,270.0,712130.67,5141266.14,712129.69,5141260.3,712130.67,5141250.56,2292.39,,0,
kprcnn-nojitter-v1,Yakima-Toppenish_03_20260614,Yakima (arid),trained,1,1,6330,4920,1,0.66422,6349.5,4940.86,6364.5,4951.9,15.0,11.04,165.59,6352.92,4942.97,6356.51,4946.22,6362.06,4950.76,1.5882,1.3688,-0.9669,0.6634,12.004,36.01,4.838,7.169,0.675,0.141,319.5,712178.77,5141247.09,712189.54,5141237.35,712206.17,5141223.72,2356.26,,0,
kprcnn-nojitter-v1,Yakima-Toppenish_03_20260614,Yakima (arid),trained,1,1,6330,4920,0,0.50278,6354.33,4961.53,6363.77,4967.82,9.44,6.29,59.35,6355.8,4964.01,6357.43,4965.01,6361.98,4966.33,0.4899,-0.201,-0.7051,-0.1387,6.603,19.81,1.906,4.745,0.402,0.359,339.5,712187.4,5141183.96,712192.28,5141180.98,712205.95,5141177.01,2383.73,,0,
kprcnn-nojitter-v1,Yakima-Toppenish_03_20260614,Yakima (arid),trained,1,1,6330,4920,0,0.06594,6334.4,4920.0,6349.07,4921.74,14.67,1.74,25.54,6344.99,4920.44,6341.08,4920.73,6336.84,4921.02,-3.1832,-4.1928,0.504,-2.2906,8.172,24.51,3.923,4.248,0.923,0.012,184.1,712154.97,5141314.69,712143.24,5141313.82,712130.52,5141312.95,2281.86,,0,
kprcnn-nojitter-v1,Yakima-Toppenish_03_20260614,Yakima (arid),trained,1,1,6330,4920,0,0.05737,6363.96,4952.24,6378.0,4965.92,14.04,13.69,192.14,6366.41,4954.35,6369.67,4957.29,6375.55,4961.85,-0.1067,-0.963,0.0881,-0.3272,11.821,35.46,4.389,7.44,0.59,0.198,320.7,712219.23,5141212.94,712229.02,5141204.14,712246.65,5141190.46,2406.28,,0,
kprcnn-nojitter-v1,Yakima-Toppenish_03_20260614,Yakima (arid),trained,1,1,6360,4920,1,0.10548,6360.7,4932.45,6370.88,4943.18,10.18,10.73,109.24,6367.76,4941.07,6364.15,4937.81,6361.19,4935.21,2.5916,-0.6058,-2.3793,-0.1312,8.798,26.39,4.86,3.937,1.234,0.024,138.3,712223.29,5141252.8,712212.45,5141262.56,712203.58,5141270.36,2366.18,,0,
kprcnn-nojitter-v1,Yakima-Toppenish_03_20260614,Yakima (arid),trained,1,1,6360,4920,0,0.05512,6360.25,4947.59,6368.65,4957.03,8.41,9.43,79.31,6365.9,4953.29,6364.61,4951.99,6361.7,4950.68,2.0573,-6.6643,0.9121,-1.2316,4.944,14.83,1.835,3.188,0.576,0.426,148.2,712217.71,5141216.14,712213.83,5141220.04,712205.1,5141223.95,2385.66,,0,
kprcnn-nojitter-v1,Yakima-Toppenish_03_20260614,Yakima (arid),trained,1,1,3120,4950,1,0.07934,3150.69,4972.71,3160.13,4981.47,9.44,8.76,82.63,3158.66,4975.79,3157.04,4976.12,3153.78,4979.36,-8.0064,-1.8825,-0.0119,-3.3002,6.045,18.14,1.659,4.594,0.361,0.698,216.2,702595.99,5141148.62,702591.11,5141147.65,702581.35,5141137.92,3898.43,,0,
kprcnn-nojitter-v1,Yakima-Toppenish_03_20260614,Yakima (arid),trained,1,1,3150,4950,1,0.27729,3150.01,4973.61,3159.46,4983.65,9.45,10.04,94.85,3159.29,4975.72,3157.01,4977.01,3152.78,4978.31,-8.4171,-5.7688,0.0326,-4.7178,7.012,21.03,2.623,4.429,0.592,0.361,201.7,702597.88,5141148.85,702591.04,5141144.97,702578.33,5141141.08,3900.71,,0,
kprcnn-nojitter-v1,Yakima-Toppenish_03_20260614,Yakima (arid),trained,1,1,3150,4950,0,0.05985,3150.16,4974.87,3154.74,4983.69,4.58,8.82,40.39,3154.25,4980.26,3150.98,4981.57,3153.27,4978.96,-8.6463,-9.1538,-0.4555,-6.0852,1.634,4.9,3.521,3.475,1.013,3.4,126.9,702582.75,5141135.21,702572.94,5141131.29,702579.81,5141139.13,3922.06,,0,
kprcnn-nojitter-v1,Yakima-Toppenish_03_20260614,Yakima (arid),trained,1,1,6330,4950,1,0.89787,6352.85,4960.75,6363.07,4969.61,10.22,8.86,90.5,6354.99,4963.87,6357.63,4964.85,6361.26,4966.17,1.0322,0.6927,-0.4551,0.4233,6.671,20.01,2.815,3.856,0.73,0.016,339.9,712184.98,5141184.39,712192.89,5141181.44,712203.77,5141177.5,2384.07,,0,
kprcnn-nojitter-v1,Yakima-Toppenish_03_20260614,Yakima (arid),trained,1,1,6330,4950,0,0.15176,6358.01,4950.07,6367.54,4953.76,9.54,3.69,35.24,6365.73,4952.99,6364.42,4952.69,6362.12,4950.84,0.351,-7.2716,0.2957,-2.2083,4.211,12.63,1.351,2.952,0.458,0.409,149.2,712217.2,5141217.02,712213.26,5141217.94,712206.35,5141223.48,2386.06,,0,
kprcnn-nojitter-v1,Yakima-Toppenish_03_20260614,Yakima (arid),trained,1,1,6330,4950,0,0.1446,6357.77,4950.0,6370.76,4957.03,12.99,7.03,91.24,6365.93,4953.67,6365.27,4952.08,6361.94,4951.12,0.7299,-6.7222,-0.0868,-2.0264,4.743,14.23,1.73,3.465,0.499,0.987,147.4,712217.8,5141214.98,712215.8,5141219.77,712205.81,5141222.65,2387.56,,0,
kprcnn-nojitter-v1,Yakima-Toppenish_03_20260614,Yakima (arid),trained,1,1,6330,4950,0,0.06869,6362.55,4950.67,6378.0,4966.53,15.45,15.87,245.13,6366.0,4953.81,6369.62,4957.11,6375.21,4961.74,0.4308,-2.0905,-0.2533,-0.6377,12.151,36.45,4.899,7.255,0.675,0.143,319.2,712218.01,5141214.58,712228.85,5141204.66,712245.62,5141190.78,2405.9,,0,
kprcnn-nojitter-v1,Yakima-Toppenish_03_20260614,Yakima (arid),trained,1,1,6360,4950,1,0.11664,6360.15,4950.0,6364.66,4953.15,4.52,3.15,14.23,6364.5,4952.68,6364.5,4952.99,6361.92,4950.79,-2.5437,-8.5685,-0.5672,-3.8931,3.199,9.6,0.315,3.395,0.093,0.254,143.8,712213.51,5141217.96,712213.51,5141217.02,712205.76,5141223.64,2386.69,,0,
kprcnn-nojitter-v1,Yakima-Toppenish_03_20260614,Yakima (arid),trained,1,1,6360,4950,0,0.09646,6360.09,4950.0,6368.67,4953.55,8.58,3.55,30.51,6365.87,4953.07,6365.21,4951.45,6361.58,4950.81,0.3574,-6.9205,0.5229,-2.0134,4.852,14.55,1.745,3.689,0.473,1.121,152.2,712217.6,5141216.79,712215.62,5141221.64,712204.73,5141223.58,2386.58,,0,
kprcnn-nojitter-v1,Yakima-Toppenish_03_20260614,Yakima (arid),trained,1,1,6360,4950,0,0.08936,6360.94,4950.0,6373.53,4963.79,12.59,13.79,173.72,6366.07,4953.45,6369.06,4956.73,6362.1,4950.82,1.0828,-5.3058,-1.3485,-1.8572,4.767,14.3,4.437,9.132,0.486,1.096,146.6,712218.22,5141215.66,712227.17,5141205.8,712206.29,5141223.54,2403.89,,0,
kprcnn-nojitter-v1,Yakima-Toppenish_03_20260614,Yakima (arid),trained,1,1,6360,4950,0,0.07892,6360.37,4950.0,6370.72,4957.84,10.35,7.84,81.17,6366.03,4953.43,6365.06,4952.12,6362.47,4951.47,1.4355,-7.7705,-0.2137,-2.1829,4.063,12.19,1.628,2.669,0.61,0.676,151.1,712218.09,5141215.71,712215.18,5141219.63,712207.42,5141221.59,2387.06,,0,
kprcnn-nojitter-v1,Yakima-Toppenish_03_20260614,Yakima (arid),trained,1,1,6360,4950,0,0.06972,6360.22,4950.05,6366.59,4951.59,6.37,1.54,9.83,6365.47,4951.44,6364.83,4950.82,6361.33,4951.13,-5.6164,-9.922,-0.7029,-5.4138,4.149,12.45,0.887,3.515,0.252,0.569,175.7,712216.41,5141221.69,712214.5,5141223.54,712204.0,5141222.62,2384.75,,0,
kprcnn-nojitter-v1,Yakima-Toppenish_03_20260614,Yakima (arid),trained,1,1,6390,4950,1,0.12777,6390.06,4995.01,6392.82,4998.0,2.76,2.99,8.25,6390.52,4996.17,6391.74,4996.17,6391.13,4997.17,0.1824,-6.7474,-6.2753,-4.2801,1.171,3.51,1.225,1.171,1.046,1.044,301.5,712291.56,5141087.49,712295.23,5141087.49,712293.39,5141084.49,2518.13,,0,
kprcnn-nojitter-v1,Yakima-Toppenish_03_20260614,Yakima (arid),trained,1,1,3150,4980,1,0.07548,3150.33,4980.0,3158.37,4982.05,8.04,2.05,16.48,3152.1,4981.61,3151.13,4981.32,3154.35,4980.44,-6.3091,-3.7071,-3.1406,-4.3856,2.537,7.61,1.008,3.333,0.302,0.705,27.5,702576.29,5141131.17,702573.4,5141132.05,702583.04,5141134.68,3921.18,,0,
kprcnn-nojitter-v1,Yakima-Toppenish_03_20260614,Yakima (arid),trained,1,1,3180,4980,1,0.05199,3193.28,5024.0,3201.58,5027.94,8.3,3.94,32.72,3199.09,5025.8,3197.1,5026.13,3193.44,5025.8,0.3726,-5.695,-4.7676,-3.3634,5.647,16.94,2.02,3.669,0.551,0.328,180.0,702717.28,5140998.59,702711.3,5140997.6,702700.33,5140998.59,3962.64,,0,
kprcnn-nojitter-v1,Yakima-Toppenish_03_20260614,Yakima (arid),trained,1,1,3240,4980,1,0.06401,3240.06,5011.12,3253.9,5026.81,13.84,15.68,217.0,3248.13,5026.64,3247.15,5018.48,3253.08,5022.07,-5.3055,0.4216,-3.5271,-2.8037,6.734,20.2,8.228,6.934,1.187,6.666,42.8,702864.4,5140996.07,702861.44,5141020.57,702879.23,5141009.79,3868.48,,0,
kprcnn-nojitter-v1,Yakima-Toppenish_03_20260614,Yakima (arid),trained,1,1,6330,4980,1,0.07362,6339.38,4980.0,6355.26,4984.77,15.87,4.77,75.67,6343.19,4982.7,6348.15,4982.7,6353.77,4981.43,-3.7535,-4.0138,-5.5383,-4.4352,10.659,31.98,4.961,5.764,0.861,0.592,6.8,712149.56,5141127.9,712164.45,5141127.9,712181.31,5141131.71,2383.71,,0,
kprcnn-nojitter-v1,Yakima-Toppenish_03_20260614,Yakima (arid),trained,1,1,6480,4980,1,0.0737,6492.22,5022.87,6506.53,5028.0,14.31,5.13,73.42,6495.38,5023.99,6502.37,5025.27,6494.71,5025.92,-9.3357,-5.4939,0.5795,-4.75,2.036,6.11,7.106,7.682,0.925,7.025,250.9,712606.14,5141004.02,712627.11,5141000.18,712604.14,5140998.25,2853.51,,0,
kprcnn-nojitter-v1,Yakima-Toppenish_03_20260614,Yakima (arid),trained,1,1,3210,5010,1,0.36754,3246.33,5035.41,3258.0,5046.86,11.67,11.45,133.63,3255.89,5037.86,3252.98,5040.81,3256.87,5044.08,-0.4999,1.6609,-3.7622,-0.8671,6.293,18.88,4.145,5.083,0.816,3.337,278.9,702887.68,5140962.42,702878.93,5140953.58,702890.6,5140943.76,3919.1,,0,
kprcnn-nojitter-v1,Yakima-Toppenish_03_20260614,Yakima (arid),trained,1,1,3210,5010,0,0.07837,3238.66,5012.78,3255.6,5024.66,16.94,11.87,201.09,3254.1,5020.86,3247.13,5018.56,3255.43,5021.85,-5.5203,0.5553,-3.0656,-2.6769,1.656,4.97,7.346,8.933,0.822,2.314,323.3,702882.3,5141013.41,702861.38,5141020.33,702886.29,5141010.44,3868.72,,0,
kprcnn-nojitter-v1,Yakima-Toppenish_03_20260614,Yakima (arid),trained,1,1,3240,5010,1,0.25255,3245.92,5037.42,3259.34,5046.41,13.42,8.99,120.69,3256.89,5038.92,3253.29,5041.25,3257.21,5043.58,-6.0331,1.1283,-5.0464,-3.3171,4.673,14.02,4.29,4.568,0.939,3.756,274.0,702890.66,5140959.25,702879.86,5140952.26,702891.64,5140945.26,3919.83,,0,
kprcnn-nojitter-v1,Yakima-Toppenish_03_20260614,Yakima (arid),trained,1,1,3240,5010,0,0.11194,3257.02,5029.21,3268.3,5043.15,11.29,13.94,157.37,3259.17,5038.34,3261.83,5035.68,3265.48,5032.03,-3.5208,1.6803,0.3063,-0.5114,8.92,26.76,3.756,5.164,0.727,0.0,45.0,702897.52,5140960.98,702905.49,5140968.95,702916.45,5140979.9,3893.09,,0,
kprcnn-nojitter-v1,Yakima-Toppenish_03_20260614,Yakima (arid),trained,1,1,3240,5010,0,0.07222,3240.0,5012.78,3254.41,5024.2,14.41,11.41,164.46,3252.94,5021.75,3247.7,5018.82,3252.28,5021.75,-6.3842,-0.24,-3.8745,-3.4995,0.655,1.96,6.006,5.444,1.103,2.935,180.0,702878.81,5141010.74,702863.09,5141019.55,702876.84,5141010.74,3868.59,,0,
kprcnn-nojitter-v1,Yakima-Toppenish_03_20260614,Yakima (arid),trained,1,1,3240,5010,0,0.05213,3257.51,5037.92,3264.6,5053.12,7.09,15.21,107.85,3260.9,5040.73,3260.9,5045.35,3259.61,5041.06,-4.7392,0.3013,-2.3119,-2.2499,1.331,3.99,4.628,4.487,1.031,4.483,194.4,702902.69,5140953.82,702902.69,5140939.94,702898.82,5140952.83,3920.07,,0,
kprcnn-nojitter-v1,Yakima-Toppenish_03_20260614,Yakima (arid),trained,1,1,6450,5010,1,0.0597,6489.96,5046.56,6498.0,5056.74,8.04,10.18,81.83,6491.41,5050.99,6495.91,5049.68,6494.95,5054.93,-0.1426,-2.1656,-1.0196,-1.1093,5.295,15.89,4.689,5.342,0.878,4.227,311.9,712594.23,5140923.02,712607.73,5140926.96,712604.84,5140911.2,2869.43,,0,
kprcnn-nojitter-v1,Yakima-Toppenish_03_20260614,Yakima (arid),trained,1,1,6480,5010,1,0.07047,6480.09,5054.65,6483.03,5058.0,2.94,3.35,9.83,6480.91,5055.72,6480.91,5056.02,6481.56,5056.63,-3.9957,-9.6515,-3.8494,-5.8322,1.122,3.37,0.304,0.892,0.341,0.177,305.5,712562.73,5140908.85,712562.73,5140907.93,712564.69,5140906.11,2838.68,,0,
kprcnn-nojitter-v1,Yakima-Toppenish_03_20260614,Yakima (arid),trained,1,1,3210,5040,1,0.19961,3249.12,5077.51,3257.16,5088.0,8.04,10.49,84.35,3253.78,5079.31,3252.82,5083.9,3252.5,5079.31,-4.9765,-3.129,-0.1612,-2.7556,1.286,3.86,4.691,4.602,1.019,4.591,180.0,702881.35,5140838.07,702878.46,5140824.3,702877.5,5140838.07,3977.89,,0,
kprcnn-nojitter-v1,Yakima-Toppenish_03_20260614,Yakima (arid),trained,1,1,3210,5040,0,0.13683,3245.71,5040.0,3258.0,5045.12,12.29,5.12,62.9,3256.17,5043.36,3252.52,5040.8,3256.84,5044.0,-3.6126,0.3951,-4.7339,-2.6504,0.922,2.77,4.461,5.374,0.83,0.691,316.1,702888.52,5140945.92,702877.56,5140953.6,702890.51,5140944.0,3919.73,,0,
kprcnn-nojitter-v1,Yakima-Toppenish_03_20260614,Yakima (arid),trained,1,1,3240,5040,1,0.20569,3248.8,5076.99,3257.3,5088.0,8.5,11.01,93.6,3253.54,5078.77,3252.88,5083.95,3252.23,5079.09,-2.3641,-3.6452,-0.4999,-2.1697,1.347,4.04,5.224,4.902,1.066,4.873,193.9,702880.61,5140839.69,702878.65,5140824.15,702876.69,5140838.72,3977.65,,0,
kprcnn-nojitter-v1,Yakima-Toppenish_03_20260614,Yakima (arid),trained,1,1,3240,5040,0,0.17627,3244.46,5040.0,3261.33,5044.6,16.87,4.6,77.63,3259.51,5042.47,3252.9,5041.15,3259.84,5041.15,-7.7697,0.8027,-1.4357,-2.8009,1.356,4.07,6.745,6.947,0.971,6.737,75.9,702898.54,5140948.6,702878.69,5140952.55,702899.53,5140952.55,3920.12,,0,
kprcnn-nojitter-v1,Yakima-Toppenish_03_20260614,Yakima (arid),trained,1,1,3240,5040,0,0.13933,3257.0,5040.0,3265.66,5051.58,8.67,11.58,100.31,3261.5,5041.82,3260.83,5045.46,3260.16,5041.82,-7.8274,-0.4317,-0.8482,-3.0358,1.333,4.0,3.699,3.699,1.0,3.638,180.0,702904.49,5140950.54,702902.49,5140939.63,702900.49,5140950.54,3920.43,,0,
kprcnn-nojitter-v1,Yakima-Toppenish_03_20260614,Yakima (arid),trained,1,1,3240,5040,0,0.06475,3241.97,5040.01,3260.49,5042.28,18.52,2.28,42.17,3258.01,5040.82,3253.38,5041.15,3260.33,5041.15,-7.4674,0.9671,-2.4402,-2.9802,2.338,7.01,4.642,6.946,0.668,0.966,352.0,702894.03,5140953.54,702880.14,5140952.56,702900.98,5140952.56,3919.43,,0,
kprcnn-nojitter-v1,Yakima-Toppenish_03_20260614,Yakima (arid),trained,1,1,3240,5040,0,0.05774,3241.41,5072.43,3250.27,5081.06,8.86,8.63,76.43,3248.46,5074.25,3244.53,5076.24,3241.57,5076.58,-1.2294,-0.1616,-2.3711,-1.254,7.271,21.81,4.412,2.971,1.485,0.629,198.6,702865.39,5140853.24,702853.58,5140847.27,702844.72,5140846.27,4011.49,,0,
kprcnn-nojitter-v1,Yakima-Toppenish_03_20260614,Yakima (arid),trained,1,1,3240,5040,0,0.05667,3250.02,5040.0,3264.44,5043.7,14.42,3.7,53.36,3250.18,5041.08,3253.13,5041.08,3260.34,5041.08,-6.9968,-0.2915,-0.9691,-2.7524,10.157,30.47,2.949,7.208,0.409,0.0,0.0,702870.55,5140952.76,702879.4,5140952.76,702901.02,5140952.76,3919.6,,0,
kprcnn-nojitter-v1,Yakima-Toppenish_03_20260614,Yakima (arid),trained,1,1,6450,5040,1,0.0767,6491.7,5047.15,6498.0,5056.6,6.3,9.45,59.58,6491.86,5051.22,6495.84,5049.6,6493.52,5053.83,-2.6148,-1.99,-1.2234,-1.9427,3.09,9.27,4.302,4.831,0.89,4.234,302.5,712595.59,5140922.33,712607.53,5140927.21,712600.56,5140914.5,2869.14,,0,
kprcnn-nojitter-v1,Yakima-Toppenish_03_20260614,Yakima (arid),trained,1,1,6450,5040,0,0.06309,6470.38,5045.81,6482.39,5057.96,12.01,12.15,145.85,6472.49,5048.6,6475.74,5051.88,6480.61,5056.15,1.3227,0.3846,-6.6926,-1.6618,11.083,33.25,4.616,6.474,0.713,0.192,317.1,712537.48,5140930.2,712547.21,5140920.35,712561.82,5140907.54,2819.13,,0,
kprcnn-nojitter-v1,Yakima-Toppenish_03_20260614,Yakima (arid),trained,1,1,6450,5040,0,0.05555,6450.58,5040.0,6467.6,5043.26,17.02,3.26,55.46,6463.51,5042.12,6455.33,5042.12,6463.51,5040.81,-1.0265,-4.508,-4.5124,-3.349,1.304,3.91,8.181,8.284,0.988,8.181,90.0,712510.53,5140949.65,712485.99,5140949.65,712510.53,5140953.56,2751.33,,0,
kprcnn-nojitter-v1,Yakima-Toppenish_03_20260614,Yakima (arid),trained,1,1,3210,5070,1,0.30123,3250.29,5076.53,3256.17,5089.68,5.87,13.15,77.26,3253.39,5078.67,3253.07,5083.93,3255.03,5087.22,-0.898,0.2821,-0.7937,-0.4699,8.703,26.11,5.271,3.827,1.377,1.307,280.8,702880.18,5140840.0,702879.2,5140824.22,702885.08,5140814.35,3977.24,,0,
kprcnn-nojitter-v1,Yakima-Toppenish_03_20260614,Yakima (arid),trained,1,1,3240,5070,1,0.13226,3249.33,5076.99,3256.13,5087.78,6.8,10.79,73.32,3253.38,5078.79,3253.38,5084.02,3252.08,5078.79,-1.3744,-2.9937,-1.0518,-1.8066,1.295,3.88,5.231,5.388,0.971,5.231,180.0,702880.13,5140839.64,702880.13,5140823.95,702876.25,5140839.64,3976.33,,0,
kprcnn-nojitter-v1,Yakima-Toppenish_03_20260614,Yakima (arid),trained,1,1,3240,5070,0,0.09405,3240.15,5071.42,3251.88,5080.89,11.73,9.46,111.0,3251.72,5079.09,3244.55,5075.83,3241.29,5076.81,-3.3197,0.7707,-2.6754,-1.7415,10.675,32.03,7.877,3.403,2.315,1.653,167.6,702875.15,5140838.72,702853.64,5140848.51,702843.87,5140845.58,4012.17,,0,
kprcnn-nojitter-v1,Yakima-Toppenish_03_20260614,Yakima (arid),trained,1,1,3270,5070,1,0.12525,3311.65,5100.56,3318.0,5113.25,6.35,12.7,80.58,3313.4,5100.72,3315.62,5105.6,3315.3,5100.72,-7.1194,1.6311,-6.6971,-4.0618,1.904,5.71,5.365,4.893,1.096,4.883,0.0,703060.19,5140773.84,703066.86,5140759.2,703065.91,5140773.84,3787.23,,0,
kprcnn-nojitter-v1,Yakima-Toppenish_03_20260614,Yakima (arid),trained,1,1,3270,5070,0,0.10363,3307.73,5097.12,3318.0,5111.71,10.27,14.59,149.81,3315.18,5100.27,3315.52,5105.24,3315.18,5099.94,-5.9016,0.4223,-7.6849,-4.3881,0.332,0.99,4.984,5.314,0.938,0.331,90.0,703065.55,5140775.19,703066.55,5140760.28,703065.55,5140776.19,3788.13,,0,
kprcnn-nojitter-v1,Yakima-Toppenish_03_20260614,Yakima (arid),trained,1,1,3270,5070,0,0.05531,3270.4,5103.14,3274.59,5109.37,4.19,6.23,26.09,3272.17,5104.61,3273.46,5106.58,3271.2,5106.25,-8.4687,-9.8443,-0.3434,-6.2188,1.903,5.71,2.351,2.279,1.032,2.109,239.5,702936.51,5140762.16,702940.38,5140756.26,702933.61,5140757.24,3887.98,,0,
kprcnn-nojitter-v1,Yakima-Toppenish_03_20260614,Yakima (arid),trained,1,1,3270,5070,0,0.05163,3303.27,5094.87,3317.34,5107.35,14.07,12.49,175.69,3314.56,5099.3,3309.98,5100.62,3314.56,5099.3,-6.1084,-1.4035,-7.2681,-4.9267,0.0,0.0,4.766,4.766,1.0,0.0,0.0,703063.68,5140778.1,703049.94,5140774.15,703063.68,5140778.1,3809.73,,0,
kprcnn-nojitter-v1,Yakima-Toppenish_03_20260614,Yakima (arid),trained,1,1,3300,5070,1,0.12233,3318.93,5108.55,3333.89,5117.51,14.96,8.96,133.98,3319.1,5108.72,3326.08,5112.7,3319.1,5108.72,-7.3523,-0.0303,-8.418,-5.2669,0.0,0.0,8.036,8.036,1.0,0.0,0.0,703077.29,5140749.85,703098.24,5140737.91,703077.29,5140749.85,3749.35,,0,
kprcnn-nojitter-v1,Yakima-Toppenish_03_20260614,Yakima (arid),trained,1,1,3300,5070,0,0.11538,3308.21,5102.09,3325.49,5112.83,17.28,10.74,185.6,3321.67,5104.53,3317.68,5107.14,3319.68,5112.67,-0.0188,-0.4933,-9.0062,-3.1728,8.377,25.13,4.763,5.881,0.81,3.254,256.2,703085.02,5140762.4,703073.05,5140754.59,703079.03,5140737.99,3779.52,,0,
kprcnn-nojitter-v1,Yakima-Toppenish_03_20260614,Yakima (arid),trained,1,1,3300,5070,0,0.09588,3305.83,5097.01,3316.35,5107.73,10.52,10.72,112.85,3314.21,5107.57,3310.92,5101.39,3316.19,5101.72,-7.4578,-1.3493,-7.2246,-5.3439,6.172,18.52,6.995,5.272,1.327,5.09,71.4,703062.64,5140753.3,703052.77,5140771.82,703068.56,5140770.85,3806.07,,0,
kprcnn-nojitter-v1,Yakima-Toppenish_03_20260614,Yakima (arid),trained,1,1,3300,5070,0,0.07494,3316.93,5104.13,3327.1,5116.21,10.17,12.08,122.9,3321.68,5105.27,3319.72,5108.54,3321.36,5104.29,-0.5973,-0.0489,-7.6154,-2.7539,1.033,3.1,3.813,4.55,0.838,2.905,108.5,703085.05,5140760.18,703079.15,5140750.39,703084.07,5140763.12,3772.12,,0,
kprcnn-nojitter-v1,Yakima-Toppenish_03_20260614,Yakima (arid),trained,1,1,3300,5070,0,0.05968,3301.29,5094.08,3309.36,5101.5,8.07,7.42,59.87,3308.55,5098.76,3305.65,5096.82,3309.2,5096.5,-8.4971,-2.9699,-8.8293,-6.7654,2.348,7.04,3.491,3.566,0.979,3.326,74.0,703045.66,5140779.73,703036.94,5140785.54,703047.6,5140786.51,3826.95,,0,
kprcnn-nojitter-v1,Yakima-Toppenish_03_20260614,Yakima (arid),trained,1,1,3330,5070,1,0.08714,3330.3,5111.68,3343.8,5118.0,13.5,6.32,85.29,3340.34,5115.51,3337.05,5116.17,3342.97,5113.18,-0.9278,-0.8115,-2.322,-1.3537,3.515,10.55,3.359,6.639,0.506,1.682,41.5,703141.02,5140729.48,703131.14,5140727.49,703148.92,5140736.47,3716.72,,0,
kprcnn-nojitter-v1,Yakima-Toppenish_03_20260614,Yakima (arid),trained,1,1,6540,5070,1,0.084,6540.07,5094.08,6542.79,5099.89,2.72,5.82,15.84,6540.83,5096.82,6540.83,5096.18,6542.64,5098.11,-0.8666,-6.2705,-4.7045,-3.9472,2.228,6.68,0.646,2.656,0.243,0.526,324.5,712742.48,5140785.53,712742.48,5140787.47,712747.92,5140781.66,3054.18,,0,
kprcnn-nojitter-v1,Yakima-Toppenish_03_20260614,Yakima (arid),trained,1,1,3270,5100,1,0.23345,3303.85,5100.0,3318.0,5110.16,14.15,10.16,143.85,3317.84,5105.74,3310.59,5101.15,3315.53,5100.16,-5.6697,-0.02,-7.5044,-4.398,6.031,18.09,8.573,5.034,1.703,4.938,112.5,703073.51,5140758.79,703051.78,5140772.56,703066.59,5140775.51,3807.3,,0,
kprcnn-nojitter-v1,Yakima-Toppenish_03_20260614,Yakima (arid),trained,1,1,3270,5100,0,0.14759,3310.86,5100.04,3318.0,5113.6,7.14,13.56,96.79,3311.03,5100.2,3315.57,5105.83,3315.57,5100.54,-6.3687,1.0812,-7.215,-4.1675,4.553,13.66,7.229,5.293,1.366,5.279,355.8,703053.08,5140775.39,703066.7,5140758.51,703066.7,5140774.39,3786.96,,0,
kprcnn-nojitter-v1,Yakima-Toppenish_03_20260614,Yakima (arid),trained,1,1,3270,5100,0,0.08803,3270.16,5103.19,3276.09,5111.04,5.94,7.85,46.61,3270.32,5110.88,3270.32,5110.88,3271.31,5106.3,-6.1835,-8.4507,-0.3619,-4.9987,4.684,14.05,0.0,4.684,0.0,0.0,77.8,702930.96,5140743.36,702930.96,5140743.36,702933.93,5140757.1,3888.24,,0,
kprcnn-nojitter-v1,Yakima-Toppenish_03_20260614,Yakima (arid),trained,1,1,3270,5100,0,0.08065,3270.14,5103.28,3274.26,5108.32,4.12,5.04,20.75,3271.89,5104.38,3271.89,5103.75,3270.93,5106.27,-8.4251,-9.3319,-1.3247,-6.3605,2.114,6.34,0.629,2.691,0.234,0.283,243.3,702935.66,5140762.85,702935.66,5140764.74,702932.8,5140757.19,3896.74,,0,
kprcnn-nojitter-v1,Yakima-Toppenish_03_20260614,Yakima (arid),trained,1,1,3270,5100,0,0.07923,3270.26,5100.0,3275.69,5108.27,5.43,8.27,44.91,3272.02,5100.17,3271.7,5101.16,3271.38,5106.45,-5.3983,-0.3482,-0.47,-2.0722,6.316,18.95,1.042,5.301,0.197,0.217,264.2,702936.05,5140775.5,702935.09,5140772.53,702934.13,5140756.65,3901.71,,0,
kprcnn-nojitter-v1,Yakima-Toppenish_03_20260614,Yakima (arid),trained,1,1,3300,5100,1,0.17904,3305.15,5100.0,3316.48,5106.72,11.33,6.72,76.13,3310.65,5100.16,3310.65,5100.8,3316.31,5102.08,-6.4224,0.5944,-7.9138,-4.5806,5.98,17.94,0.64,5.806,0.11,0.606,341.3,703051.94,5140775.52,703051.94,5140773.6,703068.93,5140769.76,3807.79,,0,
kprcnn-nojitter-v1,Yakima-Toppenish_03_20260614,Yakima (arid),trained,1,1,3300,5100,0,0.11303,3319.42,5106.74,3331.67,5117.61,12.25,10.86,133.14,3322.23,5106.91,3325.55,5112.51,3326.54,5108.88,-5.6638,0.4904,-7.4097,-4.1944,4.737,14.21,6.503,3.755,1.732,3.706,335.4,703086.7,5140755.27,703096.64,5140738.48,703099.62,5140749.35,3750.98,,0,
kprcnn-nojitter-v1,Yakima-Toppenish_03_20260614,Yakima (arid),trained,1,1,3300,5100,0,0.10733,3310.41,5101.75,3326.27,5113.29,15.86,11.54,183.04,3321.15,5104.22,3317.51,5107.19,3320.49,5113.12,-0.167,-0.4198,-7.9522,-2.8463,8.926,26.78,4.692,6.638,0.707,3.406,265.8,703083.45,5140763.33,703072.54,5140754.43,703081.46,5140736.63,3779.83,,0,
kprcnn-nojitter-v1,Yakima-Toppenish_03_20260614,Yakima (arid),trained,1,1,3300,5100,0,0.08039,3319.32,5126.86,3330.24,5136.68,10.92,9.82,107.19,3327.76,5133.24,3325.78,5132.91,3321.47,5130.3,0.3791,-6.3403,-0.6405,-2.2006,6.942,20.83,2.012,5.035,0.4,0.546,154.9,703103.28,5140676.28,703097.33,5140677.26,703084.42,5140685.11,3714.34,,0,
kprcnn-nojitter-v1,Yakima-Toppenish_03_20260614,Yakima (arid),trained,1,1,3300,5100,0,0.06993,3316.15,5102.39,3323.61,5111.86,7.47,9.47,70.75,3321.18,5104.51,3318.58,5107.78,3318.91,5111.7,0.0633,-1.2401,-7.4298,-2.8689,7.537,22.61,4.174,3.933,1.061,1.492,252.4,703083.54,5140762.46,703075.74,5140752.66,703076.72,5140740.9,3776.2,,0,
kprcnn-nojitter-v1,Yakima-Toppenish_03_20260614,Yakima (arid),trained,1,1,3300,5100,0,0.05847,3310.58,5100.95,3324.17,5108.48,13.59,7.52,102.26,3321.69,5104.72,3316.72,5106.02,3310.75,5101.12,0.1754,-0.7538,-7.5111,-2.6965,11.516,34.55,5.142,7.725,0.666,2.797,161.8,703085.07,5140761.85,703070.15,5140757.93,703052.25,5140772.65,3783.84,,0,
kprcnn-nojitter-v1,Yakima-Toppenish_03_20260614,Yakima (arid),trained,1,1,3300,5100,0,0.05429,3333.98,5110.91,3340.33,5123.25,6.34,12.34,78.27,3336.68,5121.14,3337.31,5117.89,3335.41,5121.14,2.0661,0.4159,-7.931,-1.8163,1.268,3.81,3.309,3.764,0.879,3.248,180.0,703130.04,5140712.59,703131.94,5140722.33,703126.23,5140712.59,3712.99,,0,
kprcnn-nojitter-v1,Yakima-Toppenish_03_20260614,Yakima (arid),trained,1,1,3330,5100,1,0.14164,3365.36,5141.08,3378.0,5148.0,12.64,6.92,87.49,3370.18,5145.86,3375.5,5145.86,3367.85,5146.19,-1.8821,-0.8918,-5.4594,-2.7444,2.352,7.06,5.324,7.66,0.695,0.746,188.1,703230.54,5140638.42,703246.51,5140638.42,703223.55,5140637.44,3570.99,,0,
kprcnn-nojitter-v1,Yakima-Toppenish_03_20260614,Yakima (arid),trained,1,1,3330,5100,0,0.05545,3364.84,5134.75,3371.3,5147.36,6.46,12.62,81.57,3369.53,5145.2,3366.62,5138.56,3368.23,5145.2,-3.3981,-0.5961,-6.5544,-3.5162,1.293,3.88,7.25,6.835,1.061,6.641,180.0,703228.58,5140640.39,703219.85,5140660.31,703224.7,5140640.39,3605.44,,0,
kprcnn-nojitter-v1,Yakima-Toppenish_03_20260614,Yakima (arid),trained,1,1,3330,5100,0,0.05238,3331.24,5110.53,3341.13,5125.12,9.89,14.59,144.33,3336.68,5122.3,3337.01,5117.66,3333.38,5124.96,0.7955,-0.4079,-5.7541,-1.7888,4.232,12.7,4.655,8.148,0.571,3.411,218.8,703130.04,5140709.09,703131.03,5140723.02,703120.15,5140701.13,3714.14,,0,
kprcnn-nojitter-v1,Yakima-Toppenish_03_20260614,Yakima (arid),trained,1,1,3330,5100,0,0.05156,3362.97,5136.14,3378.0,5147.96,15.03,11.83,177.79,3375.22,5138.93,3366.07,5138.6,3368.36,5145.83,-0.6596,-1.6075,-6.6966,-2.9879,9.731,29.19,9.157,7.581,1.208,6.719,225.1,703245.67,5140659.21,703218.21,5140660.2,703225.08,5140638.52,3606.69,,0,
kprcnn-nojitter-v1,Yakima-Toppenish_03_20260614,Yakima (arid),trained,1,1,3360,5100,1,0.27143,3366.9,5140.19,3383.09,5148.0,16.18,7.81,126.36,3370.04,5145.89,3375.99,5145.89,3382.92,5145.56,-1.9095,-1.0351,-6.5563,-3.167,12.886,38.66,5.945,6.944,0.856,0.15,1.4,703230.13,5140638.34,703247.96,5140638.34,703268.77,5140639.32,3569.78,,0,
kprcnn-nojitter-v1,Yakima-Toppenish_03_20260614,Yakima (arid),trained,1,1,3360,5100,0,0.14829,3360.03,5130.94,3373.48,5146.02,13.45,15.08,202.75,3362.16,5139.63,3366.76,5138.97,3361.18,5145.86,-6.156,-1.3608,-4.9323,-4.1497,6.305,18.92,4.638,8.858,0.524,4.433,261.0,703206.49,5140657.11,703220.27,5140659.08,703203.54,5140638.43,3604.37,,0,
kprcnn-nojitter-v1,Yakima-Toppenish_03_20260614,Yakima (arid),trained,1,1,3360,5100,0,0.09714,3363.37,5136.12,3372.94,5145.95,9.58,9.83,94.14,3370.47,5145.78,3368.15,5139.89,3369.48,5145.78,-6.3669,-1.6205,-7.0505,-5.0126,0.991,2.97,6.335,6.045,1.048,5.899,180.0,703231.4,5140638.65,703224.46,5140656.34,703228.43,5140638.65,3599.37,,0,
kprcnn-nojitter-v1,Yakima-Toppenish_03_20260614,Yakima (arid),trained,1,1,3360,5100,0,0.06798,3362.84,5137.69,3378.56,5147.93,15.73,10.24,161.04,3369.88,5145.78,3373.16,5144.13,3368.57,5145.78,-2.2896,-2.5333,-7.2378,-4.0202,1.311,3.93,3.669,4.876,0.753,1.651,180.0,703229.64,5140638.65,703239.47,5140643.61,703225.71,5140638.65,3579.73,,0,
kprcnn-nojitter-v1,Yakima-Toppenish_03_20260614,Yakima (arid),trained,1,1,3360,5100,0,0.05255,3360.0,5129.62,3368.07,5142.75,8.07,13.13,105.92,3361.77,5132.08,3360.81,5135.03,3361.45,5139.63,-4.2592,-0.8447,-6.6948,-3.9329,7.556,22.67,3.108,4.64,0.67,0.841,267.6,703205.32,5140679.76,703202.42,5140670.9,703204.36,5140657.12,3625.75,,0,
kprcnn-nojitter-v1,Yakima-Toppenish_03_20260614,Yakima (arid),trained,1,1,3360,5100,0,0.05209,3360.78,5134.77,3369.76,5142.71,8.98,7.94,71.3,3360.95,5138.25,3365.94,5138.25,3366.6,5142.55,-5.3254,-1.7618,-6.8156,-4.6343,7.104,21.31,4.989,4.352,1.147,3.02,322.7,703202.85,5140661.26,703217.82,5140661.26,703219.81,5140648.35,3607.64,,0,
kprcnn-nojitter-v1,Yakima-Toppenish_03_20260614,Yakima (arid),trained,1,1,6540,5100,1,0.55233,6561.14,5115.21,6575.48,5127.19,14.34,11.98,171.79,6572.71,5124.37,6569.12,5121.7,6564.56,5117.38,2.1247,2.2289,-0.7915,1.1874,10.734,32.2,4.465,6.287,0.71,0.313,139.4,712838.12,5140702.9,712827.37,5140710.89,712813.68,5140723.87,3165.59,,0,
kprcnn-nojitter-v1,Yakima-Toppenish_03_20260614,Yakima (arid),trained,1,1,3300,5130,1,0.17087,3320.91,5130.0,3330.76,5134.74,9.85,4.74,46.65,3327.64,5133.0,3326.66,5131.42,3323.04,5130.79,-0.6919,-5.2284,-1.0301,-2.3168,5.101,15.3,1.861,3.667,0.507,0.996,154.3,703102.92,5140677.0,703099.97,5140681.74,703089.13,5140683.63,3714.82,,0,
kprcnn-nojitter-v1,Yakima-Toppenish_03_20260614,Yakima (arid),trained,1,1,3330,5130,1,0.20532,3371.27,5139.51,3378.0,5152.26,6.73,12.75,85.76,3375.92,5139.68,3375.6,5145.89,3374.64,5139.68,-3.4201,0.5266,-5.6311,-2.8415,1.281,3.84,6.219,6.284,0.99,6.211,180.0,703247.75,5140656.97,703246.79,5140638.33,703243.91,5140656.97,3570.71,,0,
kprcnn-nojitter-v1,Yakima-Toppenish_03_20260614,Yakima (arid),trained,1,1,3330,5130,0,0.1072,3330.35,5130.0,3342.6,5135.18,12.25,5.18,63.46,3334.82,5132.43,3339.12,5132.75,3334.49,5130.81,-2.6165,-0.6785,-1.9279,-1.741,1.653,4.96,4.315,5.025,0.859,4.151,101.5,703124.46,5140678.71,703137.37,5140677.74,703123.47,5140683.57,3682.19,,0,
kprcnn-nojitter-v1,Yakima-Toppenish_03_20260614,Yakima (arid),trained,1,1,3330,5130,0,0.10313,3365.47,5135.04,3377.27,5148.75,11.8,13.71,161.73,3375.14,5138.14,3371.86,5142.71,3375.14,5138.79,-3.9346,-1.3644,-6.2541,-3.851,0.653,1.96,5.623,5.107,1.101,3.277,270.0,703245.42,5140661.58,703235.59,5140647.87,703245.42,5140659.62,3585.39,,0,
kprcnn-nojitter-v1,Yakima-Toppenish_03_20260614,Yakima (arid),trained,1,1,3330,5130,0,0.07094,3361.38,5132.13,3372.86,5145.65,11.48,13.52,155.3,3370.4,5145.49,3364.49,5137.57,3370.07,5134.6,-6.1443,-1.3923,-7.9266,-5.1544,10.888,32.66,9.876,6.319,1.563,5.665,91.7,703231.2,5140639.54,703213.48,5140663.29,703230.22,5140672.19,3612.33,,0,
kprcnn-nojitter-v1,Yakima-Toppenish_03_20260614,Yakima (arid),trained,1,1,3330,5130,0,0.05884,3372.3,5130.02,3378.0,5134.62,5.7,4.6,26.24,3375.94,5131.17,3375.31,5132.16,3374.99,5130.84,0.2996,-6.9356,-7.786,-4.8073,1.005,3.02,1.172,1.353,0.867,1.139,160.9,703247.82,5140682.49,703245.92,5140679.53,703244.97,5140683.47,3596.13,,0,
kprcnn-nojitter-v1,Yakima-Toppenish_03_20260614,Yakima (arid),trained,1,1,3330,5130,0,0.05027,3358.33,5131.2,3368.9,5142.51,10.57,11.31,119.56,3366.42,5138.69,3363.78,5136.69,3368.73,5135.36,-8.3492,-0.2025,-6.8686,-5.1401,4.052,12.15,3.311,5.129,0.646,3.309,55.2,703219.26,5140659.94,703211.33,5140665.93,703226.19,5140669.92,3615.63,,0,
kprcnn-nojitter-v1,Yakima-Toppenish_03_20260614,Yakima (arid),trained,1,1,3360,5130,1,0.44583,3374.16,5145.38,3390.2,5156.71,16.04,11.33,181.83,3377.6,5147.49,3383.49,5152.02,3383.16,5145.54,-7.8585,-0.2979,-7.3398,-5.1654,5.895,17.69,7.435,6.485,1.147,6.222,19.2,703252.79,5140633.54,703270.47,5140619.94,703269.49,5140639.37,3540.74,,0,
kprcnn-nojitter-v1,Yakima-Toppenish_03_20260614,Yakima (arid),trained,1,1,3360,5130,0,0.16387,3361.52,5136.47,3371.94,5143.36,10.41,6.9,71.82,3369.82,5143.2,3365.92,5138.6,3371.78,5139.26,-6.5061,-1.3219,-7.571,-5.133,4.398,13.19,6.032,5.895,1.023,5.54,63.6,703229.47,5140646.41,703217.75,5140660.2,703235.33,5140658.23,3607.06,,0,
kprcnn-nojitter-v1,Yakima-Toppenish_03_20260614,Yakima (arid),trained,1,1,3360,5130,0,0.14989,3362.49,5135.97,3376.55,5147.02,14.06,11.06,155.44,3370.83,5146.86,3366.25,5138.73,3370.83,5146.86,-6.9378,-1.8708,-7.7436,-5.5174,0.0,0.0,9.33,9.33,1.0,0.0,0.0,703232.49,5140635.42,703218.76,5140659.81,703232.49,5140635.42,3606.02,,0,
kprcnn-nojitter-v1,Yakima-Toppenish_03_20260614,Yakima (arid),trained,1,1,3360,5130,0,0.13099,3367.82,5141.73,3383.73,5150.15,15.9,8.42,133.89,3370.64,5146.75,3376.6,5146.75,3370.97,5146.75,-6.372,-1.0987,-6.7364,-4.7357,0.331,0.99,5.964,5.633,1.059,0.0,0.0,703231.92,5140635.74,703249.81,5140635.74,703232.92,5140635.74,3566.74,,0,
kprcnn-nojitter-v1,Yakima-Toppenish_03_20260614,Yakima (arid),trained,1,1,3360,5130,0,0.12725,3368.14,5139.19,3378.78,5149.03,10.64,9.85,104.78,3377.95,5146.57,3373.29,5143.94,3373.96,5139.35,-7.638,-1.6343,-7.6087,-5.627,8.25,24.75,5.345,4.643,1.151,2.805,118.9,703253.85,5140636.29,703239.88,5140644.17,703241.88,5140657.95,3579.74,,0,
kprcnn-nojitter-v1,Yakima-Toppenish_03_20260614,Yakima (arid),trained,1,1,3360,5130,0,0.12106,3365.78,5137.63,3374.56,5146.38,8.78,8.76,76.9,3371.47,5146.22,3371.15,5142.33,3370.82,5146.22,-6.9662,-2.1533,-7.1032,-5.4076,0.651,1.95,3.905,3.905,1.0,3.892,180.0,703234.42,5140637.34,703233.45,5140649.01,703232.47,5140637.34,3587.79,,0,
kprcnn-nojitter-v1,Yakima-Toppenish_03_20260614,Yakima (arid),trained,1,1,3360,5130,0,0.11341,3360.07,5131.71,3373.28,5145.3,13.2,13.59,179.46,3361.23,5131.88,3365.52,5138.18,3360.24,5145.14,-3.8037,-0.5024,-6.7249,-3.677,13.297,39.89,7.621,8.738,0.872,4.749,265.7,703203.69,5140680.37,703216.56,5140661.47,703200.72,5140640.59,3608.77,,0,
kprcnn-nojitter-v1,Yakima-Toppenish_03_20260614,Yakima (arid),trained,1,1,3360,5130,0,0.10441,3360.0,5130.62,3370.36,5140.38,10.36,9.76,101.16,3361.46,5131.43,3365.67,5138.27,3361.46,5131.76,-3.3572,-1.1002,-7.7518,-4.0698,0.325,0.98,8.027,7.751,1.036,4.209,270.0,703204.37,5140681.7,703217.0,5140661.2,703204.37,5140680.72,3608.26,,0,
kprcnn-nojitter-v1,Yakima-Toppenish_03_20260614,Yakima (arid),trained,1,1,3360,5130,0,0.0577,3360.0,5130.0,3361.4,5142.19,1.4,12.19,17.02,3360.7,5132.14,3360.42,5135.11,3360.42,5139.39,-1.311,0.1017,-6.5427,-2.584,7.253,21.76,2.978,4.283,0.695,0.165,267.8,703202.1,5140679.58,703201.27,5140670.68,703201.27,5140657.83,3626.55,,0,
kprcnn-nojitter-v1,Yakima-Toppenish_03_20260614,Yakima (arid),trained,1,1,3360,5130,0,0.05526,3360.63,5130.81,3365.66,5141.67,5.04,10.87,54.72,3361.41,5131.63,3361.1,5135.25,3361.73,5132.29,-3.2673,-1.9584,-7.6685,-4.2981,0.73,2.19,3.636,3.03,1.2,1.846,295.5,703204.24,5140681.11,703203.3,5140670.25,703205.19,5140679.14,3624.65,,0,
kprcnn-nojitter-v1,Yakima-Toppenish_03_20260614,Yakima (arid),trained,1,1,6570,5130,1,0.19598,6600.92,5165.02,6616.15,5178.0,15.23,12.98,197.56,6604.39,5167.85,6607.7,5170.51,6613.33,5175.17,1.1146,0.7724,-0.0925,0.5982,11.552,34.66,4.247,7.305,0.581,0.038,320.7,712933.18,5140572.44,712943.11,5140564.46,712959.99,5140550.48,3338.96,,0,
kprcnn-nojitter-v1,Yakima-Toppenish_03_20260614,Yakima (arid),trained,1,1,6600,5130,1,0.38717,6601.61,5164.55,6616.85,5178.0,15.24,13.45,205.03,6604.43,5167.67,6608.07,5170.62,6613.7,5175.54,0.9402,1.1061,0.1687,0.7383,12.169,36.51,4.691,7.48,0.627,0.107,319.7,712933.28,5140573.0,712944.21,5140564.15,712961.11,5140549.38,3340.07,,0,
kprcnn-nojitter-v1,Yakima-Toppenish_03_20260614,Yakima (arid),trained,1,1,3450,5160,1,0.26867,3473.16,5186.56,3485.41,5199.75,12.25,13.2,161.62,3482.92,5186.72,3478.95,5193.98,3482.92,5195.63,-3.2802,0.3665,-3.6494,-2.1877,8.907,26.72,8.274,4.301,1.924,3.972,270.0,703568.77,5140515.83,703556.85,5140494.06,703568.77,5140489.11,3236.53,,0,
kprcnn-nojitter-v1,Yakima-Toppenish_03_20260614,Yakima (arid),trained,1,1,6570,5160,1,0.3064,6602.42,5165.61,6614.95,5176.38,12.53,10.77,134.91,6604.9,5168.06,6607.87,5170.67,6612.81,5174.59,1.1756,0.6929,-1.2595,0.203,10.257,30.77,3.952,6.308,0.627,0.126,320.5,712934.69,5140571.82,712943.6,5140563.99,712958.43,5140552.24,3339.61,,0,
kprcnn-nojitter-v1,Yakima-Toppenish_03_20260614,Yakima (arid),trained,1,1,6600,5160,1,0.6286,6602.98,5165.75,6616.33,5177.58,13.35,11.83,157.89,6605.43,5168.22,6608.36,5170.84,6613.57,5175.12,0.1405,0.6037,-0.0476,0.2322,10.671,32.01,3.936,6.737,0.584,0.11,319.7,712936.28,5140571.35,712945.07,5140563.47,712960.7,5140550.65,3341.15,,0,
kprcnn-nojitter-v1,Yakima-Toppenish_03_20260614,Yakima (arid),trained,1,1,6600,5160,0,0.19748,6618.13,5178.35,6630.69,5191.74,12.56,13.39,168.24,6620.61,5181.45,6623.91,5184.72,6629.53,5189.29,0.8223,1.2659,-1.5393,0.183,11.88,35.64,4.647,7.245,0.641,0.273,318.7,712981.82,5140531.64,712991.74,5140521.84,713008.6,5140508.12,3402.52,,0,
kprcnn-nojitter-v1,Yakima-Toppenish_03_20260614,Yakima (arid),trained,1,1,6600,5160,0,0.0653,6601.79,5163.25,6610.73,5176.04,8.95,12.79,114.44,6604.6,5167.67,6607.58,5170.63,6610.57,5173.25,1.4077,0.0542,-7.4559,-1.998,8.165,24.49,4.196,3.972,1.056,0.12,316.9,712933.81,5140572.98,712942.75,5140564.12,712951.7,5140556.25,3338.82,,0,
kprcnn-nojitter-v1,Yakima-Toppenish_03_20260614,Yakima (arid),trained,1,1,6630,5160,1,0.07392,6648.29,5164.21,6657.64,5173.3,9.35,9.09,84.94,6655.86,5164.38,6652.96,5166.0,6651.67,5170.54,-8.2788,-4.3598,-0.5723,-4.4037,7.456,22.37,3.324,4.724,0.704,1.487,235.8,713087.59,5140582.87,713078.89,5140578.0,713075.02,5140564.37,3449.98,,0,
kprcnn-nojitter-v1,Yakima-Toppenish_03_20260614,Yakima (arid),trained,1,1,6630,5160,0,0.05925,6671.92,5172.42,6678.0,5186.81,6.08,14.39,87.49,6676.88,5178.47,6676.24,5179.12,6674.0,5184.36,-7.3873,-0.08,-3.3846,-3.6173,6.553,19.66,0.915,5.692,0.161,0.287,243.9,713150.64,5140540.59,713148.72,5140538.63,713142.0,5140522.93,3530.14,,0,
kprcnn-nojitter-v1,Yakima-Toppenish_03_20260614,Yakima (arid),trained,1,1,3420,5190,1,0.10977,3460.22,5204.83,3468.0,5223.34,7.78,18.51,144.03,3463.62,5208.63,3465.57,5212.6,3464.6,5220.2,1.207,-0.8247,1.8784,0.7536,11.612,34.84,4.418,7.666,0.576,1.606,274.8,703510.87,5140450.11,703516.71,5140438.21,703513.79,5140415.4,3234.7,,0,
kprcnn-nojitter-v1,Yakima-Toppenish_03_20260614,Yakima (arid),trained,1,1,3450,5190,1,0.09975,3472.51,5190.07,3486.12,5197.7,13.61,7.63,103.8,3472.67,5191.23,3478.32,5193.89,3483.96,5191.9,-5.4454,0.6136,-3.8597,-2.8972,11.303,33.91,6.235,5.982,1.042,2.318,356.6,703538.02,5140502.3,703554.95,5140494.34,703571.87,5140500.31,3238.21,,0,
kprcnn-nojitter-v1,Yakima-Toppenish_03_20260614,Yakima (arid),trained,1,1,3450,5190,0,0.07993,3450.23,5190.0,3454.66,5192.99,4.43,2.99,13.24,3451.02,5191.16,3453.55,5191.83,3452.92,5190.83,-3.1204,-8.953,-5.6032,-5.8922,1.928,5.78,2.618,1.18,2.219,1.09,9.9,703473.06,5140502.52,703480.66,5140500.52,703478.76,5140503.51,3300.93,,0,
kprcnn-nojitter-v1,Yakima-Toppenish_03_20260614,Yakima (arid),trained,1,1,6630,5190,1,0.07016,6639.51,5200.56,6652.61,5210.74,13.09,10.19,133.4,6642.62,5202.04,6645.9,5205.32,6650.48,5208.61,-1.1282,0.3575,-5.6491,-2.1399,10.243,30.73,4.639,5.64,0.823,0.42,320.1,713047.87,5140469.89,713057.69,5140460.03,713071.44,5140450.18,3490.84,,0,
kprcnn-nojitter-v1,Yakima-Toppenish_03_20260614,Yakima (arid),trained,1,1,6690,5190,1,0.0666,6690.02,5233.51,6702.64,5238.0,12.61,4.49,56.63,6697.82,5236.24,6691.19,5235.91,6690.19,5236.24,0.9807,-2.2808,-8.1933,-3.1645,7.632,22.9,6.645,1.046,6.353,0.321,180.0,713213.47,5140367.29,713193.56,5140368.26,713190.57,5140367.29,3654.59,,0,
kprcnn-nojitter-v1,Yakima-Toppenish_03_20260614,Yakima (arid),trained,1,1,3480,5220,1,0.40664,3506.74,5236.29,3517.98,5246.07,11.23,9.78,109.87,3510.21,5239.06,3512.2,5241.02,3517.48,5244.6,-0.4407,0.5965,-2.8892,-0.9111,9.141,27.42,2.785,6.388,0.436,0.354,322.7,703650.64,5140358.82,703656.59,5140352.95,703672.45,5140342.19,3071.61,,0,
kprcnn-nojitter-v1,Yakima-Toppenish_03_20260614,Yakima (arid),trained,1,1,3510,5220,1,0.07746,3510.0,5237.52,3520.41,5245.23,10.41,7.71,80.24,3510.81,5239.29,3512.44,5241.22,3517.97,5244.43,-0.4448,-0.7388,-2.4446,-1.2094,8.811,26.43,2.522,6.396,0.394,0.617,324.3,703652.44,5140358.13,703657.32,5140352.35,703673.91,5140342.72,3070.67,,0,
kprcnn-nojitter-v1,Yakima-Toppenish_03_20260614,Yakima (arid),trained,1,1,3540,5220,1,0.0533,3542.77,5249.59,3556.07,5262.22,13.29,12.63,167.91,3551.25,5262.06,3549.59,5255.74,3550.25,5262.06,-6.0586,-0.4078,-6.6179,-4.3614,0.997,2.99,6.531,6.351,1.028,6.316,180.0,703773.75,5140289.83,703768.76,5140308.77,703770.76,5140289.83,2955.56,,0,
kprcnn-nojitter-v1,Yakima-Toppenish_03_20260614,Yakima (arid),trained,1,1,6690,5220,1,0.05895,6690.35,5232.92,6702.03,5240.06,11.69,7.14,83.46,6699.27,5237.62,6695.05,5234.7,6692.78,5233.08,2.2057,-2.2561,-8.8328,-2.9611,7.925,23.77,5.133,2.792,1.838,0.027,145.0,713217.82,5140363.13,713205.16,5140371.89,713198.34,5140376.76,3662.65,,0,
kprcnn-nojitter-v1,Yakima-Toppenish_03_20260614,Yakima (arid),trained,1,1,6720,5220,1,0.10046,6757.92,5262.09,6766.74,5268.0,8.82,5.91,52.12,6761.68,5265.54,6764.29,5265.54,6760.7,5266.85,2.7623,-6.2428,-8.712,-4.0642,1.639,4.92,2.613,3.826,0.683,2.094,233.3,713405.04,5140279.39,713412.88,5140279.39,713402.1,5140275.45,3888.42,,0,
kprcnn-nojitter-v1,Yakima-Toppenish_03_20260614,Yakima (arid),trained,1,1,6750,5220,1,0.06295,6751.16,5259.55,6765.14,5267.21,13.98,7.66,107.07,6761.31,5265.05,6761.31,5267.05,6761.31,5262.72,1.5414,-8.5459,-8.9751,-5.3265,2.331,6.99,1.998,4.33,0.462,0.0,90.0,713403.94,5140280.85,713403.94,5140274.86,713403.94,5140287.85,3883.05,,0,
kprcnn-nojitter-v1,Yakima-Toppenish_03_20260614,Yakima (arid),trained,1,1,3540,5250,1,0.08092,3540.89,5251.83,3564.55,5261.51,23.66,9.68,229.11,3541.06,5255.87,3549.72,5256.19,3560.72,5255.22,-4.2317,-2.3553,-6.6135,-4.4002,19.672,59.02,8.671,11.04,0.785,0.607,1.9,703743.17,5140308.4,703769.16,5140307.43,703802.15,5140310.34,2954.43,,0,
kprcnn-nojitter-v1,Yakima-Toppenish_03_20260614,Yakima (arid),trained,1,1,3570,5250,1,0.0501,3575.33,5252.66,3583.19,5261.76,7.87,9.1,71.57,3579.75,5258.67,3581.06,5257.05,3578.11,5259.0,-9.5751,-8.2843,0.7734,-5.6953,1.671,5.01,2.088,3.536,0.59,1.339,191.2,703859.26,5140299.98,703863.19,5140304.85,703854.34,5140299.0,2878.8,,0,
kprcnn-nojitter-v1,Yakima-Toppenish_03_20260614,Yakima (arid),trained,1,1,6660,5250,1,0.0781,6701.49,5250.0,6708.0,5258.98,6.51,8.98,58.46,6706.21,5258.15,6705.89,5251.16,6704.26,5256.82,-2.8546,-1.3692,-4.1191,-2.781,2.363,7.09,6.996,5.886,1.188,5.59,145.7,713238.63,5140301.54,713237.66,5140322.51,713232.78,5140305.54,3716.04,,0,
kprcnn-nojitter-v1,Yakima-Toppenish_03_20260614,Yakima (arid),trained,1,1,6690,5250,1,0.29703,6715.86,5252.9,6729.09,5265.51,13.23,12.61,166.89,6726.61,5261.36,6722.31,5259.04,6718.67,5255.39,-3.2008,1.6863,0.1171,-0.4658,9.935,29.81,4.887,5.155,0.948,0.729,143.0,713299.82,5140291.91,713286.93,5140298.88,713276.01,5140309.83,3770.41,,0,
kprcnn-nojitter-v1,Yakima-Toppenish_03_20260614,Yakima (arid),trained,1,1,6720,5250,1,0.07709,6720.04,5269.39,6732.47,5280.39,12.43,11.0,136.72,6722.17,5272.55,6724.46,5275.22,6730.67,5280.22,0.4121,-2.554,-3.4741,-1.872,11.45,34.35,3.515,7.976,0.441,0.448,318.0,713286.5,5140258.34,713293.37,5140250.34,713312.01,5140235.34,3801.36,,0,
kprcnn-nojitter-v1,Yakima-Toppenish_03_20260614,Yakima (arid),trained,1,1,6720,5250,0,0.06335,6753.19,5259.46,6765.24,5271.7,12.05,12.24,147.54,6761.5,5264.92,6759.22,5265.25,6761.17,5267.9,2.506,-7.7146,-9.6315,-4.9467,2.995,8.98,2.305,3.29,0.7,2.231,263.8,713404.49,5140281.23,713397.65,5140280.24,713403.51,5140272.3,3874.89,,0,
kprcnn-nojitter-v1,Yakima-Toppenish_03_20260614,Yakima (arid),trained,1,1,6750,5250,1,0.26792,6752.15,5262.6,6763.66,5269.74,11.51,7.14,82.11,6761.52,5265.68,6760.53,5267.95,6761.85,5267.95,1.9615,-8.2597,-7.4689,-4.589,2.294,6.88,2.475,1.315,1.882,1.302,278.2,713404.56,5140278.95,713401.6,5140272.14,713405.55,5140272.14,3882.43,,0,
kprcnn-nojitter-v1,Yakima-Toppenish_03_20260614,Yakima (arid),trained,1,1,6750,5250,0,0.0917,6757.27,5263.86,6765.79,5263.87,8.52,0.0,0.04,6761.37,5264.03,6762.68,5264.03,6760.38,5264.03,0.4661,-6.6353,-9.4098,-5.193,0.984,2.95,1.312,2.295,0.571,0.0,180.0,713404.1,5140283.91,713408.04,5140283.91,713401.15,5140283.91,3881.95,,0,
kprcnn-nojitter-v1,Yakima-Toppenish_03_20260614,Yakima (arid),trained,1,1,6750,5250,0,0.07043,6750.93,5260.55,6764.69,5273.8,13.77,13.25,182.44,6761.91,5265.35,6759.94,5267.67,6760.92,5268.0,1.7317,-7.6703,-9.0674,-5.002,2.827,8.48,3.041,1.038,2.93,1.037,249.6,713405.72,5140279.94,713399.82,5140272.98,713402.77,5140271.99,3880.46,,0,
kprcnn-nojitter-v1,Yakima-Toppenish_03_20260614,Yakima (arid),trained,1,1,6750,5250,0,0.05895,6752.29,5264.84,6765.47,5265.0,13.18,0.16,2.08,6761.35,5265.01,6759.05,5265.01,6761.03,5265.01,0.5943,-7.2897,-9.732,-5.4758,0.33,0.99,2.307,1.977,1.167,0.0,180.0,713404.06,5140280.98,713397.14,5140280.98,713403.08,5140280.98,3874.07,,0,
kprcnn-nojitter-v1,Yakima-Toppenish_03_20260614,Yakima (arid),trained,1,1,3570,5280,1,0.08289,3574.79,5280.0,3581.7,5283.4,6.91,3.4,23.5,3578.57,5281.7,3577.58,5282.01,3577.91,5282.94,0.0714,-7.2074,-8.2198,-5.1186,1.401,4.2,1.035,0.984,1.052,0.726,242.0,703855.71,5140230.9,703852.75,5140229.97,703853.74,5140227.19,2840.97,,0,
kprcnn-nojitter-v1,Yakima-Toppenish_03_20260614,Yakima (arid),trained,1,1,3570,5280,0,0.06516,3570.0,5280.06,3580.91,5281.76,10.91,1.71,18.61,3578.76,5281.34,3575.78,5281.05,3571.82,5281.05,0.0806,-5.0512,-3.31,-2.7602,6.948,20.84,2.989,3.967,0.753,0.162,177.7,703856.28,5140231.99,703847.35,5140232.84,703835.45,5140232.84,2847.0,,0,
kprcnn-nojitter-v1,Yakima-Toppenish_03_20260614,Yakima (arid),trained,1,1,6690,5280,1,0.09731,6733.71,5280.94,6738.0,5297.71,4.29,16.77,71.98,6737.17,5286.7,6736.18,5294.26,6735.52,5285.71,-7.8372,-3.583,-0.1144,-3.8449,1.923,5.77,7.628,8.575,0.89,7.0,149.1,713331.52,5140215.91,713328.55,5140193.22,713326.57,5140218.87,3861.54,,0,
kprcnn-nojitter-v1,Yakima-Toppenish_03_20260614,Yakima (arid),trained,1,1,6720,5280,1,0.44922,6740.06,5291.4,6753.58,5303.23,13.52,11.83,159.94,6743.19,5293.87,6746.16,5296.82,6751.11,5301.43,1.7379,1.6522,-0.5628,0.9424,10.943,32.83,4.19,6.755,0.62,0.089,316.3,713349.58,5140194.4,713358.48,5140185.53,713373.32,5140171.72,3890.95,,0,
kprcnn-nojitter-v1,Yakima-Toppenish_03_20260614,Yakima (arid),trained,1,1,6720,5280,0,0.09988,6733.82,5280.51,6749.49,5284.99,15.67,4.48,70.2,6733.98,5284.83,6738.55,5280.99,6746.72,5281.95,-7.338,-6.229,0.4005,-4.3888,13.056,39.17,5.97,8.219,0.726,2.737,12.7,713321.95,5140221.52,713335.66,5140233.03,713360.15,5140230.15,3846.41,,0,
kprcnn-nojitter-v1,Yakima-Toppenish_03_20260614,Yakima (arid),trained,1,1,6750,5280,1,0.98319,6763.46,5316.64,6777.01,5328.0,13.55,11.36,153.96,6766.6,5318.75,6769.24,5322.32,6774.2,5325.89,1.8388,2.8636,0.071,1.5911,10.43,31.29,4.443,6.109,0.727,0.792,316.8,713419.8,5140119.76,713427.73,5140109.05,713442.6,5140098.33,3990.42,,0,
kprcnn-nojitter-v1,Yakima-Toppenish_03_20260614,Yakima (arid),trained,1,1,6750,5280,0,0.08332,6765.27,5322.2,6777.36,5327.84,12.09,5.64,68.19,6770.01,5322.36,6769.36,5323.02,6774.26,5326.34,-6.7492,-1.5488,0.3173,-2.6603,5.822,17.47,0.931,5.918,0.157,0.931,316.8,713430.03,5140108.92,713428.07,5140106.93,713442.77,5140096.97,3991.85,,0,
kprcnn-nojitter-v1,Yakima-Toppenish_03_20260614,Yakima (arid),trained,1,1,6780,5280,1,0.12416,6793.78,5319.01,6805.06,5327.01,11.29,8.0,90.31,6796.6,5325.57,6798.92,5323.33,6804.89,5325.89,-3.0156,-1.5593,-5.3586,-3.3112,8.304,24.91,3.228,6.5,0.497,2.329,357.8,713509.79,5140099.29,713516.76,5140106.02,713534.68,5140098.33,4067.28,,0,
kprcnn-nojitter-v1,Yakima-Toppenish_03_20260614,Yakima (arid),trained,1,1,6720,5310,1,0.06251,6761.37,5327.14,6768.0,5339.03,6.63,11.89,78.87,6766.18,5331.93,6765.84,5331.93,6763.52,5336.88,-7.6063,-0.8783,-6.6205,-5.0351,5.62,16.86,0.332,5.471,0.061,0.292,241.8,713418.53,5140080.21,713417.53,5140080.21,713410.57,5140065.35,3997.49,,0,
kprcnn-nojitter-v1,Yakima-Toppenish_03_20260614,Yakima (arid),trained,1,1,6750,5310,1,0.88254,6763.02,5315.48,6776.09,5330.69,13.07,15.21,198.85,6766.78,5318.62,6769.39,5321.92,6773.97,5327.22,1.693,3.0989,-0.0282,1.5879,11.208,33.62,4.216,6.995,0.603,0.116,309.9,713420.33,5140120.15,713428.17,5140110.23,713441.9,5140094.35,3990.15,,0,
kprcnn-nojitter-v1,Yakima-Toppenish_03_20260614,Yakima (arid),trained,1,1,3720,5340,1,0.28266,3761.14,5369.98,3768.0,5384.09,6.86,14.1,96.71,3765.88,5381.3,3765.22,5375.39,3762.94,5381.63,-1.4019,1.8637,0.2701,0.244,2.957,8.87,5.94,6.638,0.895,5.94,186.4,704417.63,5139932.11,704415.67,5139949.82,704408.82,5139931.12,2226.56,,0,
kprcnn-nojitter-v1,Yakima-Toppenish_03_20260614,Yakima (arid),trained,1,1,3720,5340,0,0.16668,3762.15,5375.52,3768.0,5383.76,5.85,8.24,48.16,3765.56,5380.63,3765.24,5376.34,3764.26,5382.28,-0.9871,-2.0914,-0.9357,-1.3381,2.098,6.29,4.296,6.011,0.715,2.908,231.7,704416.69,5139934.12,704415.72,5139946.97,704412.79,5139929.17,2224.68,,0,
kprcnn-nojitter-v1,Yakima-Toppenish_03_20260614,Yakima (arid),trained,1,1,3720,5340,0,0.08622,3751.37,5379.92,3768.0,5388.0,16.63,8.08,134.27,3765.17,5381.38,3759.85,5385.25,3762.85,5381.38,-5.4519,-3.2964,-0.8659,-3.2047,2.328,6.98,6.583,4.897,1.344,3.877,180.0,704415.52,5139931.87,704399.56,5139920.24,704408.54,5139931.87,2219.93,,0,
kprcnn-nojitter-v1,Yakima-Toppenish_03_20260614,Yakima (arid),trained,1,1,3720,5340,0,0.07799,3760.94,5378.45,3767.05,5388.0,6.11,9.55,58.4,3765.92,5381.58,3765.92,5385.2,3763.03,5381.58,-1.3962,-1.7328,-1.163,-1.4306,2.896,8.69,3.624,4.639,0.781,3.624,180.0,704417.77,5139931.27,704417.77,5139920.4,704409.09,5139931.27,2206.01,,0,
kprcnn-nojitter-v1,Yakima-Toppenish_03_20260614,Yakima (arid),trained,1,1,3750,5340,1,0.19779,3751.91,5380.62,3769.6,5387.81,17.7,7.19,127.23,3767.47,5385.36,3759.28,5384.71,3763.21,5382.09,-5.3585,-4.1277,-1.1282,-3.5381,5.369,16.11,8.218,4.722,1.74,4.468,142.5,704422.42,5139919.92,704397.85,5139921.88,704409.64,5139929.72,2222.3,,0,
kprcnn-nojitter-v1,Yakima-Toppenish_03_20260614,Yakima (arid),trained,1,1,3750,5340,0,0.05765,3758.12,5369.55,3768.2,5383.24,10.08,13.69,137.95,3765.11,5381.12,3764.14,5375.58,3762.84,5380.8,-5.951,0.0934,-0.3756,-2.0777,2.299,6.9,5.626,5.374,1.047,5.346,171.8,704415.34,5139932.64,704412.41,5139949.26,704408.51,5139933.61,2228.68,,0,
kprcnn-nojitter-v1,Yakima-Toppenish_03_20260614,Yakima (arid),trained,1,1,3720,5370,1,0.25452,3760.68,5375.07,3768.0,5383.73,7.32,8.66,63.33,3765.84,5381.56,3765.17,5376.23,3763.18,5382.23,-3.9942,-1.0328,0.3244,-1.5676,2.743,8.23,5.368,6.316,0.85,5.329,194.0,704417.51,5139931.32,704415.52,5139947.3,704409.53,5139929.32,2225.05,,0,
kprcnn-nojitter-v1,Yakima-Toppenish_03_20260614,Yakima (arid),trained,1,1,3720,5370,0,0.06383,3759.91,5371.54,3768.0,5387.34,8.09,15.8,127.84,3765.9,5381.91,3764.93,5375.98,3763.31,5381.58,-3.2105,0.725,-0.2702,-0.9186,2.609,7.83,6.005,5.826,1.031,5.757,172.8,704417.69,5139930.28,704414.78,5139948.06,704409.93,5139931.27,2226.1,,0,
kprcnn-nojitter-v1,Yakima-Toppenish_03_20260614,Yakima (arid),trained,1,1,3750,5370,1,0.09165,3758.22,5370.0,3766.84,5383.88,8.62,13.88,119.6,3766.01,5382.39,3764.02,5375.78,3763.02,5381.4,-6.001,-1.2726,0.5005,-2.2577,3.144,9.43,6.901,5.704,1.21,5.644,161.6,704418.02,5139928.83,704412.05,5139948.65,704409.07,5139931.8,2228.57,,0,
kprcnn-nojitter-v1,Yakima-Toppenish_03_20260614,Yakima (arid),trained,1,1,6780,5370,1,0.05166,6818.86,5406.21,6828.0,5418.0,9.14,11.79,107.71,6820.98,5414.89,6825.88,5411.94,6820.66,5414.89,-5.2295,-2.0703,-5.4695,-4.2565,0.326,0.98,5.713,5.995,0.953,2.947,180.0,713582.95,5139831.33,713597.64,5139840.18,713581.98,5139831.33,4280.61,,0,
kprcnn-nojitter-v1,Yakima-Toppenish_03_20260614,Yakima (arid),trained,1,1,6810,5370,1,0.92381,6841.08,5395.56,6853.49,5410.31,12.41,14.75,183.12,6850.06,5406.87,6847.78,5403.59,6843.86,5398.67,-0.0717,3.9366,1.5941,1.8197,10.281,30.84,3.997,6.289,0.636,0.156,127.1,713670.19,5139855.39,713663.33,5139865.23,713651.57,5139879.98,4321.01,,0,
kprcnn-nojitter-v1,Yakima-Toppenish_03_20260614,Yakima (arid),trained,1,1,6810,5370,0,0.12176,6837.76,5389.95,6847.02,5401.99,9.26,12.05,111.52,6839.91,5392.06,6840.9,5394.34,6843.88,5398.57,-3.4131,-1.3176,1.7051,-1.0086,7.625,22.88,2.486,5.174,0.48,0.339,301.4,713639.72,5139899.81,713642.7,5139892.98,713651.63,5139880.28,4288.47,,0,
kprcnn-nojitter-v1,Yakima-Toppenish_03_20260614,Yakima (arid),trained,1,1,6840,5370,1,0.93883,6841.33,5395.7,6852.33,5408.83,11.0,13.13,144.38,6850.16,5406.7,6847.5,5403.74,6843.83,5398.49,-0.5483,2.6276,1.8027,1.294,10.365,31.1,3.979,6.405,0.621,0.306,127.6,713670.49,5139855.91,713662.49,5139864.78,713651.5,5139880.54,4320.56,,0,
kprcnn-nojitter-v1,Yakima-Toppenish_03_20260614,Yakima (arid),trained,1,1,6840,5370,0,0.15044,6840.01,5388.44,6846.04,5402.94,6.03,14.5,87.42,6841.13,5392.89,6841.13,5394.2,6843.66,5398.49,-2.8913,-3.8534,1.7554,-1.6631,6.152,18.45,1.319,4.98,0.265,0.544,294.4,713643.38,5139897.34,713643.38,5139893.39,713650.99,5139880.53,4288.81,,0,
kprcnn-nojitter-v1,Yakima-Toppenish_03_20260614,Yakima (arid),trained,1,1,6840,5370,0,0.12042,6841.64,5393.55,6854.76,5417.23,13.11,23.68,310.54,6850.99,5408.52,6848.04,5403.58,6844.1,5398.65,-0.6429,3.4501,0.6579,1.155,12.032,36.1,5.749,6.31,0.911,0.403,124.9,713672.96,5139850.45,713664.11,5139865.25,713652.31,5139880.05,4321.64,,0,
kprcnn-nojitter-v1,Yakima-Toppenish_03_20260614,Yakima (arid),trained,1,1,6840,5370,0,0.05781,6842.14,5401.44,6852.82,5411.5,10.68,10.06,107.44,6850.71,5407.77,6848.13,5404.2,6844.89,5401.6,0.359,2.0247,-7.8815,-1.8326,8.483,25.45,4.41,4.149,1.063,0.57,133.4,713672.14,5139852.7,713664.38,5139863.41,713654.67,5139871.2,4322.89,,0,
kprcnn-nojitter-v1,Yakima-Toppenish_03_20260614,Yakima (arid),trained,1,1,3690,5400,1,0.1026,3726.22,5412.18,3737.16,5425.73,10.93,13.55,148.17,3735.0,5423.25,3731.36,5419.62,3728.71,5425.57,-4.9736,0.3942,-5.5276,-3.369,6.707,20.12,5.148,6.513,0.79,4.67,200.2,704325.01,5139806.24,704314.08,5139817.15,704306.13,5139799.3,2224.37,,0,
kprcnn-nojitter-v1,Yakima-Toppenish_03_20260614,Yakima (arid),trained,1,1,3750,5400,1,0.07574,3774.78,5437.12,3794.22,5448.0,19.44,10.88,211.57,3777.91,5439.59,3784.5,5442.56,3777.91,5440.91,-0.7481,-0.2187,-6.9781,-2.6483,1.319,3.96,7.227,6.792,1.064,6.589,270.0,704453.74,5139757.23,704473.5,5139748.33,704453.74,5139753.27,2055.32,,0,
kprcnn-nojitter-v1,Yakima-Toppenish_03_20260614,Yakima (arid),trained,1,1,3750,5400,0,0.05241,3762.36,5424.66,3780.01,5438.58,17.65,13.92,245.71,3776.85,5436.75,3769.52,5431.12,3776.85,5436.42,-4.4055,-1.4013,-7.3558,-4.3875,0.331,0.99,9.243,9.045,1.022,7.327,90.0,704450.55,5139765.74,704428.57,5139782.64,704450.55,5139766.73,2111.86,,0,
kprcnn-nojitter-v1,Yakima-Toppenish_03_20260614,Yakima (arid),trained,1,1,3750,5400,0,0.0516,3771.9,5400.0,3787.53,5406.7,15.64,6.7,104.71,3774.72,5401.44,3779.71,5403.35,3774.72,5402.07,-1.046,-0.5286,-7.0289,-2.8678,0.638,1.91,5.344,5.151,1.038,4.99,270.0,704444.17,5139871.69,704459.14,5139865.95,704444.17,5139869.78,2139.44,,0,
kprcnn-nojitter-v1,Yakima-Toppenish_03_20260614,Yakima (arid),trained,1,1,6810,5400,1,0.58838,6842.65,5400.0,6853.11,5410.71,10.46,10.71,112.02,6850.01,5406.33,6847.72,5403.73,6845.1,5400.81,0.1586,2.8624,-1.0091,0.6706,7.381,22.14,3.461,3.92,0.883,0.014,131.6,713670.03,5139857.02,713663.16,5139864.8,713655.31,5139873.57,4321.1,,0,
kprcnn-nojitter-v1,Yakima-Toppenish_03_20260614,Yakima (arid),trained,1,1,6810,5400,0,0.35505,6842.36,5400.0,6850.57,5405.37,8.21,5.37,44.06,6849.42,5405.21,6847.45,5403.63,6845.15,5401.11,-1.8741,1.1735,-0.1408,-0.2805,5.922,17.76,2.524,3.415,0.739,0.228,136.1,713668.26,5139860.37,713662.35,5139865.11,713655.45,5139872.68,4320.26,,0,
kprcnn-nojitter-v1,Yakima-Toppenish_03_20260614,Yakima (arid),trained,1,1,6810,5400,0,0.19394,6839.13,5401.3,6851.94,5408.29,12.81,6.99,89.53,6849.8,5406.46,6847.51,5404.13,6844.88,5401.47,0.6036,1.1383,-1.8622,-0.0401,7.014,21.04,3.273,3.741,0.875,0.0,134.6,713669.41,5139856.62,713662.52,5139863.61,713654.63,5139871.6,4321.23,,0,
kprcnn-nojitter-v1,Yakima-Toppenish_03_20260614,Yakima (arid),trained,1,1,6840,5400,1,0.64587,6841.52,5400.0,6853.56,5410.61,12.04,10.61,127.75,6850.14,5407.13,6847.87,5404.15,6844.94,5401.16,-0.2619,2.4757,-1.0371,0.3922,7.92,23.76,3.754,4.181,0.898,0.245,131.1,713670.43,5139854.61,713663.6,5139863.56,713654.81,5139872.52,4322.16,,0,
kprcnn-nojitter-v1,Yakima-Toppenish_03_20260614,Yakima (arid),trained,1,1,6840,5400,0,0.17649,6843.27,5400.76,6850.24,5408.83,6.97,8.08,56.26,6849.74,5406.09,6847.75,5404.15,6845.09,5401.24,-1.1981,1.5219,-1.3738,-0.35,6.712,20.14,2.778,3.936,0.706,0.096,133.8,713669.22,5139857.74,713663.24,5139863.55,713655.28,5139872.28,4321.87,,0,
kprcnn-nojitter-v1,Yakima-Toppenish_03_20260614,Yakima (arid),trained,1,1,6840,5400,0,0.1433,6842.41,5400.0,6851.0,5404.26,8.59,4.26,36.55,6849.51,5404.09,6847.86,5403.44,6845.22,5400.82,-4.7121,-0.3042,-0.1167,-1.711,5.4,16.2,1.777,3.72,0.478,0.481,142.7,713668.53,5139863.72,713663.58,5139865.69,713655.65,5139873.54,4320.96,,0,
kprcnn-nojitter-v1,Yakima-Toppenish_03_20260614,Yakima (arid),trained,1,1,3750,5430,1,0.0618,3773.86,5433.14,3792.78,5450.89,18.92,17.74,335.81,3777.01,5439.88,3784.32,5442.51,3777.01,5445.46,-0.7958,-0.4173,-6.3756,-2.5296,5.586,16.76,7.763,7.88,0.985,7.304,270.0,704451.04,5139756.37,704472.96,5139748.48,704451.04,5139739.61,2055.85,,0,
kprcnn-nojitter-v1,Yakima-Toppenish_03_20260614,Yakima (arid),trained,1,1,3840,5430,1,0.15511,3882.71,5461.37,3888.0,5477.73,5.29,16.36,86.55,3885.52,5474.95,3886.18,5468.07,3884.2,5474.95,1.687,0.7889,-5.7242,-1.0827,1.323,3.97,6.903,7.152,0.965,6.871,180.0,704776.56,5139651.16,704778.54,5139671.78,704772.59,5139651.16,1770.14,,0,
kprcnn-nojitter-v1,Yakima-Toppenish_03_20260614,Yakima (arid),trained,1,1,3870,5430,1,0.71116,3883.15,5462.75,3898.85,5476.26,15.7,13.5,211.99,3884.62,5463.91,3890.84,5469.18,3886.58,5473.79,-2.0639,4.9726,-3.1735,-0.0883,10.074,30.22,8.148,6.272,1.299,5.068,281.2,704773.87,5139684.28,704792.51,5139668.47,704779.75,5139654.64,1757.46,,0,
kprcnn-nojitter-v1,Yakima-Toppenish_03_20260614,Yakima (arid),trained,1,1,3810,5460,1,0.09825,3821.45,5460.6,3830.15,5474.81,8.7,14.21,123.65,3828.37,5463.74,3825.47,5468.04,3827.41,5472.33,-6.2554,-0.891,-0.3649,-2.5038,8.648,25.94,5.184,4.712,1.1,2.402,263.6,704605.12,5139684.78,704596.42,5139671.89,704602.22,5139659.0,1911.22,,0,
kprcnn-nojitter-v1,Yakima-Toppenish_03_20260614,Yakima (arid),trained,1,1,3840,5460,1,0.10728,3857.59,5496.94,3878.17,5508.0,20.58,11.06,227.54,3873.69,5505.89,3868.38,5503.28,3862.73,5499.06,1.767,-2.9121,-1.74,-0.9617,12.908,38.72,5.914,7.051,0.839,0.602,148.1,704741.07,5139558.34,704725.13,5139566.15,704708.2,5139578.83,1744.75,,0,
kprcnn-nojitter-v1,Yakima-Toppenish_03_20260614,Yakima (arid),trained,1,1,3840,5460,0,0.09004,3882.41,5462.99,3888.0,5475.3,5.59,12.32,68.89,3885.86,5473.14,3886.19,5468.15,3885.2,5473.14,-0.9324,0.5401,-7.5817,-2.658,0.658,1.97,5.005,5.091,0.983,4.994,180.0,704777.59,5139656.58,704778.57,5139671.56,704775.61,5139656.58,1769.98,,0,
kprcnn-nojitter-v1,Yakima-Toppenish_03_20260614,Yakima (arid),trained,1,1,3870,5460,1,0.75146,3883.88,5464.18,3898.23,5475.45,14.35,11.27,161.84,3885.02,5464.34,3890.89,5468.99,3887.63,5475.29,-3.1773,4.6482,-4.0662,-0.8651,11.249,33.75,7.486,7.095,1.055,4.635,283.4,704775.05,5139682.97,704792.67,5139669.04,704782.88,5139650.14,1757.71,,0,
kprcnn-nojitter-v1,Yakima-Toppenish_03_20260614,Yakima (arid),trained,1,1,3870,5460,0,0.1076,3870.0,5496.86,3873.37,5508.0,3.37,11.14,37.56,3872.6,5506.2,3870.77,5502.59,3870.77,5498.0,1.5733,-1.3469,-2.125,-0.6329,8.397,25.19,4.047,4.589,0.882,1.004,102.6,704737.81,5139557.41,704732.3,5139568.22,704732.3,5139581.99,1740.32,,0,
kprcnn-nojitter-v1,Yakima-Toppenish_03_20260614,Yakima (arid),trained,1,1,3870,5460,0,0.05988,3870.0,5501.33,3877.82,5508.0,7.82,6.67,52.18,3874.08,5505.94,3870.82,5503.08,3871.79,5505.94,2.1358,-3.5047,-9.1276,-3.4989,2.282,6.85,4.336,3.021,1.435,2.858,180.0,704742.23,5139558.19,704732.45,5139566.77,704735.38,5139558.19,1739.31,,0,
kprcnn-nojitter-v1,Yakima-Toppenish_03_20260614,Yakima (arid),trained,1,1,3900,5460,1,0.05956,3900.0,5469.22,3911.39,5494.55,11.39,25.33,288.43,3904.07,5481.05,3905.04,5479.05,3904.72,5473.39,-4.1569,-6.6162,-4.4259,-5.0663,7.693,23.08,2.225,5.675,0.392,0.803,85.1,704832.2,5139632.84,704835.13,5139638.84,704834.15,5139655.83,1705.89,,0,
kprcnn-nojitter-v1,Yakima-Toppenish_03_20260614,Yakima (arid),trained,1,1,6870,5460,1,0.97587,6897.38,5495.66,6909.03,5508.0,11.65,12.34,143.83,6900.54,5498.42,6902.54,5502.31,6905.86,5505.89,1.8988,3.7952,-2.1583,1.1786,9.176,27.53,4.38,4.884,0.897,0.636,305.5,713821.62,5139580.75,713827.61,5139569.06,713837.59,5139558.33,4624.54,,0,
kprcnn-nojitter-v1,Yakima-Toppenish_03_20260614,Yakima (arid),trained,1,1,6870,5460,0,0.13565,6896.24,5501.24,6909.6,5507.72,13.36,6.48,86.64,6902.59,5501.4,6902.59,5503.02,6905.85,5506.26,-6.8335,1.9088,-1.5159,-2.1469,5.854,17.56,1.621,4.597,0.353,0.902,303.8,713827.78,5139571.79,713827.78,5139566.93,713837.56,5139557.21,4625.92,,0,
kprcnn-nojitter-v1,Yakima-Toppenish_03_20260614,Yakima (arid),trained,1,1,6870,5460,0,0.08877,6902.97,5502.66,6917.74,5508.0,14.77,5.34,78.95,6915.61,5503.44,6911.99,5505.64,6905.43,5506.27,-1.4949,-1.7404,-0.8846,-1.3733,10.562,31.69,4.229,6.595,0.641,1.153,195.5,713866.82,5139565.68,713855.98,5139559.07,713836.29,5139557.19,4653.43,,0,
kprcnn-nojitter-v1,Yakima-Toppenish_03_20260614,Yakima (arid),trained,1,1,6900,5460,1,0.78636,6900.0,5496.82,6908.75,5508.0,8.75,11.18,97.87,6900.81,5498.95,6902.75,5502.24,6906.0,5506.19,0.6342,2.1714,-1.2792,0.5088,8.903,26.71,3.821,5.107,0.748,0.335,305.6,713822.43,5139579.14,713828.26,5139569.27,713837.99,5139557.43,4624.95,,0,
kprcnn-nojitter-v1,Yakima-Toppenish_03_20260614,Yakima (arid),trained,1,1,6900,5460,0,0.13768,6901.04,5502.83,6913.36,5508.0,12.32,5.17,63.74,6905.2,5505.25,6902.87,5503.31,6905.87,5506.22,-6.6936,-2.5071,-1.5771,-3.5926,1.177,3.53,3.033,4.177,0.726,0.824,304.5,713835.61,5139560.25,713828.62,5139566.07,713837.61,5139557.34,4627.1,,0,
kprcnn-nojitter-v1,Yakima-Toppenish_03_20260614,Yakima (arid),trained,1,1,3840,5490,1,0.10582,3876.52,5521.51,3888.0,5521.75,11.48,0.25,2.81,3878.65,5521.68,3882.92,5521.68,3878.32,5521.68,0.6979,-4.3372,-8.9932,-4.2108,0.328,0.98,4.264,4.592,0.929,0.0,180.0,704755.96,5139510.97,704768.75,5139510.97,704754.97,5139510.97,1676.7,,0,
kprcnn-nojitter-v1,Yakima-Toppenish_03_20260614,Yakima (arid),trained,1,1,3840,5490,0,0.06212,3876.4,5515.85,3888.0,5525.79,11.6,9.94,115.3,3878.89,5521.98,3883.19,5520.99,3887.83,5525.63,1.4483,-5.2585,-6.9711,-3.5938,9.663,28.99,4.422,6.561,0.674,2.546,337.8,704756.66,5139510.06,704769.58,5139513.04,704783.5,5139499.12,1677.27,,0,
kprcnn-nojitter-v1,Yakima-Toppenish_03_20260614,Yakima (arid),trained,1,1,3840,5490,0,0.05789,3853.33,5510.69,3863.58,5521.82,10.25,11.13,114.1,3856.47,5514.45,3860.11,5517.07,3863.42,5521.66,1.9433,-2.4133,-6.9867,-2.4856,10.005,30.01,4.482,5.652,0.793,0.801,313.9,704689.42,5139532.64,704700.33,5139524.78,704710.25,5139511.03,1740.05,,0,
kprcnn-nojitter-v1,Yakima-Toppenish_03_20260614,Yakima (arid),trained,1,1,3870,5490,1,0.16002,3870.0,5496.69,3875.39,5509.38,5.39,12.69,68.43,3873.33,5506.94,3870.79,5503.03,3870.79,5497.83,1.9438,-0.7075,-2.5899,-0.4512,9.457,28.37,4.657,5.206,0.895,1.397,105.6,704739.99,5139555.19,704732.38,5139566.9,704732.38,5139582.52,1739.45,,0,
kprcnn-nojitter-v1,Yakima-Toppenish_03_20260614,Yakima (arid),trained,1,1,3870,5490,0,0.08093,3871.26,5502.28,3875.78,5508.65,4.52,6.37,28.76,3873.36,5506.58,3874.33,5505.62,3872.07,5506.58,0.4679,-7.0287,-8.1111,-4.8906,1.291,3.87,1.36,2.452,0.555,0.955,180.0,704740.08,5139556.26,704742.98,5139559.13,704736.2,5139556.26,1726.31,,0,
kprcnn-nojitter-v1,Yakima-Toppenish_03_20260614,Yakima (arid),trained,1,1,3900,5490,1,0.06949,3928.17,5513.81,3939.06,5525.67,10.89,11.86,129.24,3935.27,5525.51,3932.96,5519.91,3934.94,5513.97,-6.7606,-2.8257,-5.2313,-4.9392,11.54,34.62,6.061,6.254,0.969,2.149,91.6,704925.81,5139499.48,704918.87,5139516.28,704924.81,5139534.08,1562.38,,0,
kprcnn-nojitter-v1,Yakima-Toppenish_03_20260614,Yakima (arid),trained,1,1,3930,5490,1,0.37543,3965.72,5525.54,3978.0,5532.9,12.28,7.36,90.32,3975.84,5531.46,3971.86,5528.58,3975.84,5529.22,-10.7452,-8.4783,4.2843,-4.9797,2.239,6.72,4.914,4.034,1.218,3.983,90.0,705047.53,5139481.62,705035.58,5139490.26,705047.53,5139488.34,1457.47,,0,
kprcnn-nojitter-v1,Yakima-Toppenish_03_20260614,Yakima (arid),trained,1,1,3930,5490,0,0.35328,3972.13,5525.73,3978.0,5534.03,5.87,8.31,48.72,3976.53,5531.21,3975.56,5532.21,3974.58,5528.55,-9.7895,-9.021,2.8218,-5.3296,3.3,9.9,1.396,3.783,0.369,1.378,126.3,705049.6,5139482.37,705046.67,5139479.38,705043.73,5139490.34,1441.95,,0,
kprcnn-nojitter-v1,Yakima-Toppenish_03_20260614,Yakima (arid),trained,1,1,3930,5490,0,0.17424,3931.48,5516.43,3948.85,5528.12,17.38,11.69,203.15,3931.64,5525.04,3940.49,5523.09,3932.3,5525.36,-7.0993,-0.2785,-4.2936,-3.8904,0.732,2.2,9.064,8.506,1.066,5.675,333.7,704914.92,5139500.89,704941.48,5139506.74,704916.89,5139499.91,1538.97,,0,
kprcnn-nojitter-v1,Yakima-Toppenish_03_20260614,Yakima (arid),trained,1,1,3930,5490,0,0.10946,3946.93,5528.52,3958.99,5537.79,12.06,9.27,111.81,3952.64,5535.97,3950.68,5532.99,3957.2,5530.01,-0.7703,-5.7991,-2.9787,-3.1827,7.506,22.52,3.564,7.168,0.497,3.364,52.6,704977.91,5139468.08,704972.05,5139477.02,704991.6,5139485.96,1496.43,,0,
kprcnn-nojitter-v1,Yakima-Toppenish_03_20260614,Yakima (arid),trained,1,1,3930,5490,0,0.05174,3930.18,5514.13,3937.46,5526.82,7.28,12.69,92.36,3931.34,5522.75,3933.65,5520.15,3934.64,5514.29,-1.547,-5.5916,-4.2868,-3.8085,9.086,27.26,3.484,5.942,0.586,1.208,68.7,704914.01,5139507.74,704920.96,5139515.55,704923.93,5139533.13,1560.32,,0,
kprcnn-nojitter-v1,Yakima-Toppenish_03_20260614,Yakima (arid),trained,1,1,3960,5490,1,0.0548,3971.96,5525.97,3983.78,5537.78,11.82,11.81,139.66,3980.0,5531.38,3980.0,5532.37,3976.39,5529.74,-9.7572,-9.0682,3.9873,-4.946,3.967,11.9,0.985,4.465,0.22,0.896,155.6,705060.0,5139481.85,705060.0,5139478.9,705049.17,5139486.78,1431.8,,0,
kprcnn-nojitter-v1,Yakima-Toppenish_03_20260614,Yakima (arid),trained,1,1,6870,5490,1,0.80053,6896.77,5495.87,6909.22,5511.06,12.45,15.18,188.99,6900.54,5499.01,6902.83,5502.31,6906.76,5508.58,1.5043,4.1085,0.3382,1.9837,11.418,34.25,4.019,7.401,0.543,0.123,303.0,713821.61,5139578.97,713828.49,5139569.07,713840.28,5139550.26,4625.25,,0,
kprcnn-nojitter-v1,Yakima-Toppenish_03_20260614,Yakima (arid),trained,1,1,6870,5490,0,0.11471,6905.46,5506.72,6918.0,5515.35,12.54,8.63,108.2,6910.91,5513.85,6915.53,5511.53,6907.61,5509.87,-4.8343,-5.1763,2.7663,-2.4147,5.172,15.52,5.171,8.091,0.639,5.039,129.6,713852.72,5139534.44,713866.58,5139541.41,713842.82,5139546.39,4672.32,,0,
kprcnn-nojitter-v1,Yakima-Toppenish_03_20260614,Yakima (arid),trained,1,1,6900,5490,1,0.83212,6900.0,5496.04,6910.04,5512.62,10.04,16.58,166.51,6900.81,5499.19,6902.75,5502.51,6906.96,5509.8,-0.1099,2.4118,2.011,1.4376,12.268,36.8,3.844,8.424,0.456,0.018,300.1,713822.43,5139578.43,713828.26,5139568.48,713840.89,5139546.6,4625.4,,0,
kprcnn-nojitter-v1,Yakima-Toppenish_03_20260614,Yakima (arid),trained,1,1,6900,5490,0,0.57509,6915.35,5521.87,6928.38,5538.0,13.03,16.13,210.2,6919.43,5525.0,6920.73,5528.62,6925.61,5534.87,-2.869,3.0358,0.7732,0.3133,11.656,34.97,3.849,7.938,0.485,0.819,302.1,713878.28,5139501.01,713882.18,5139490.15,713896.84,5139471.38,4714.96,,0,
kprcnn-nojitter-v1,Yakima-Toppenish_03_20260614,Yakima (arid),trained,1,1,6900,5490,0,0.17498,6939.9,5517.34,6948.0,5532.69,8.1,15.35,124.43,6945.57,5529.92,6944.27,5525.02,6941.03,5520.44,0.3274,-0.0098,-2.5824,-0.7549,10.504,31.51,5.068,5.606,0.904,0.948,115.6,713956.71,5139486.25,713952.82,5139500.95,713943.09,5139514.67,4766.02,,0,
kprcnn-nojitter-v1,Yakima-Toppenish_03_20260614,Yakima (arid),trained,1,1,6900,5490,0,0.10818,6918.14,5527.03,6927.83,5537.82,9.69,10.79,104.55,6920.89,5527.19,6921.53,5529.81,6925.09,5534.39,-6.3868,0.5511,0.8115,-1.6747,8.329,24.99,2.694,5.795,0.465,0.761,300.3,713882.66,5139494.42,713884.6,5139486.57,713895.26,5139472.84,4719.01,,0,
kprcnn-nojitter-v1,Yakima-Toppenish_03_20260614,Yakima (arid),trained,1,1,6900,5490,0,0.07646,6900.0,5495.18,6905.49,5507.5,5.49,12.32,67.67,6901.13,5499.01,6902.42,5502.34,6905.33,5507.33,1.5476,1.9064,-3.8023,-0.1161,9.323,27.97,3.571,5.779,0.618,0.346,296.8,713823.39,5139578.98,713827.27,5139568.99,713835.99,5139554.01,4624.3,,0,
kprcnn-nojitter-v1,Yakima-Toppenish_03_20260614,Yakima (arid),trained,1,1,6900,5490,0,0.05878,6900.35,5505.25,6910.38,5511.18,10.04,5.93,59.51,6905.37,5507.06,6904.07,5508.05,6907.31,5509.37,-8.666,-7.3464,0.9291,-5.0278,3.015,9.04,1.629,3.495,0.466,1.627,310.1,713836.1,5139554.82,713832.21,5139551.85,713841.93,5139547.9,4638.31,,0,
kprcnn-nojitter-v1,Yakima-Toppenish_03_20260614,Yakima (arid),trained,1,1,6900,5490,0,0.05745,6920.13,5530.96,6928.18,5538.0,8.05,7.04,56.64,6924.16,5532.08,6921.9,5531.44,6925.12,5534.32,-9.0211,-7.2977,0.4472,-5.2905,2.439,7.32,2.342,4.319,0.542,1.815,293.3,713892.47,5139479.76,713885.71,5139481.68,713895.37,5139473.04,4722.79,,0,
kprcnn-nojitter-v1,Yakima-Toppenish_03_20260614,Yakima (arid),trained,1,1,6900,5490,0,0.05271,6900.08,5494.01,6902.98,5507.35,2.9,13.33,38.72,6900.88,5499.05,6901.85,5502.31,6901.53,5507.18,1.9012,0.8126,-6.6083,-1.2982,8.156,24.47,3.393,4.889,0.694,0.708,274.5,713822.65,5139578.84,713825.55,5139569.08,713824.59,5139554.45,4622.85,,0,
kprcnn-nojitter-v1,Yakima-Toppenish_03_20260614,Yakima (arid),trained,1,1,6930,5490,1,0.3038,6937.28,5517.5,6952.8,5530.37,15.52,12.87,199.82,6946.36,5530.21,6943.72,5524.93,6940.75,5520.3,-4.2958,-0.7452,-2.3097,-2.4503,11.384,34.15,5.906,5.495,1.075,0.306,119.5,713959.09,5139485.38,713951.17,5139501.22,713942.25,5139515.09,4764.52,,0,
kprcnn-nojitter-v1,Yakima-Toppenish_03_20260614,Yakima (arid),trained,1,1,6930,5490,0,0.18036,6943.56,5528.1,6957.84,5538.0,14.29,9.9,141.44,6955.02,5530.24,6950.37,5535.52,6957.67,5536.84,-1.6545,0.7609,-6.8637,-2.5858,7.116,21.35,7.037,7.427,0.947,6.287,291.9,713985.05,5139485.27,713971.1,5139469.43,713993.02,5139465.47,4799.21,,0,
kprcnn-nojitter-v1,Yakima-Toppenish_03_20260614,Yakima (arid),trained,1,1,3870,5520,1,0.14766,3876.32,5520.0,3885.38,5523.46,9.06,3.46,31.33,3879.39,5522.04,3881.01,5521.41,3884.57,5520.79,0.381,-6.6221,-5.95,-4.0637,5.328,15.99,1.736,3.615,0.48,0.229,13.6,704758.18,5139509.87,704763.04,5139511.76,704773.71,5139513.64,1681.75,,0,
kprcnn-nojitter-v1,Yakima-Toppenish_03_20260614,Yakima (arid),trained,1,1,3870,5520,0,0.06259,3876.47,5520.0,3885.97,5520.63,9.5,0.63,5.95,3879.26,5520.47,3880.89,5520.47,3884.5,5520.16,-0.2825,-7.3105,-5.0589,-4.2173,5.25,15.75,1.638,3.617,0.453,0.098,3.4,704757.77,5139514.59,704762.68,5139514.59,704773.49,5139515.53,1683.73,,0,
kprcnn-nojitter-v1,Yakima-Toppenish_03_20260614,Yakima (arid),trained,1,1,3930,5520,1,0.4974,3960.34,5542.6,3976.59,5553.29,16.26,10.69,173.77,3971.45,5550.54,3967.8,5548.59,3963.82,5545.68,0.8721,1.7701,-2.0677,0.1915,9.047,27.14,4.135,4.935,0.838,0.321,147.5,705034.35,5139424.39,705023.4,5139430.22,705011.46,5139438.96,1426.99,,0,
kprcnn-nojitter-v1,Yakima-Toppenish_03_20260614,Yakima (arid),trained,1,1,3930,5520,0,0.3564,3969.35,5525.0,3978.0,5534.69,8.65,9.69,83.77,3976.5,5531.29,3975.84,5531.94,3974.84,5529.03,-10.4468,-9.5674,3.8506,-5.3878,2.806,8.42,0.927,3.073,0.302,0.918,126.3,705049.51,5139482.12,705047.52,5139480.18,705044.52,5139488.9,1441.86,,0,
kprcnn-nojitter-v1,Yakima-Toppenish_03_20260614,Yakima (arid),trained,1,1,3930,5520,0,0.31721,3951.72,5564.44,3961.51,5567.96,9.79,3.52,34.47,3959.72,5565.88,3954.5,5565.88,3959.72,5566.84,0.2444,-0.8456,-4.9832,-1.8615,0.96,2.88,5.221,5.309,0.984,5.221,270.0,704999.15,5139378.35,704983.49,5139378.35,704999.15,5139375.47,1425.45,,0,
kprcnn-nojitter-v1,Yakima-Toppenish_03_20260614,Yakima (arid),trained,1,1,3930,5520,0,0.18425,3949.56,5561.21,3959.23,5568.0,9.67,6.79,65.64,3951.66,5565.57,3954.24,5565.9,3957.78,5566.54,-0.1127,-0.9169,-6.8493,-2.6263,6.199,18.6,2.598,3.603,0.721,0.084,351.0,704974.97,5139379.28,704982.71,5139378.31,704993.34,5139376.37,1426.04,,0,
kprcnn-nojitter-v1,Yakima-Toppenish_03_20260614,Yakima (arid),trained,1,1,3930,5520,0,0.16614,3973.01,5520.0,3978.0,5532.83,4.99,12.82,64.03,3976.83,5529.37,3975.84,5526.41,3974.84,5528.72,-10.184,-10.8708,3.3684,-5.8955,2.103,6.31,3.123,2.509,1.245,2.498,161.8,705050.5,5139487.88,705047.51,5139496.76,705044.51,5139489.85,1453.09,,0,
kprcnn-nojitter-v1,Yakima-Toppenish_03_20260614,Yakima (arid),trained,1,1,3930,5520,0,0.07617,3936.23,5520.0,3946.07,5531.88,9.84,11.88,116.91,3944.26,5531.72,3940.65,5523.47,3944.59,5520.17,-4.743,-1.3684,-5.3998,-3.8371,11.555,34.67,9.005,5.137,1.753,3.841,88.4,704952.78,5139480.85,704941.96,5139505.6,704953.77,5139515.5,1537.87,,0,
kprcnn-nojitter-v1,Yakima-Toppenish_03_20260614,Yakima (arid),trained,1,1,3960,5520,1,0.7388,3960.16,5543.17,3973.79,5553.97,13.63,10.8,147.21,3971.29,5550.53,3967.64,5548.57,3962.98,5545.95,1.2147,1.267,-0.9244,0.5191,9.491,28.47,4.151,5.34,0.777,0.046,151.1,705033.88,5139424.4,705022.91,5139430.29,705008.95,5139438.14,1427.41,,0,
kprcnn-nojitter-v1,Yakima-Toppenish_03_20260614,Yakima (arid),trained,1,1,3960,5520,0,0.12144,3972.51,5520.99,3981.31,5532.52,8.8,11.53,101.5,3981.15,5521.16,3981.15,5521.16,3976.59,5530.38,-7.7254,-8.354,3.4657,-4.2046,10.293,30.88,0.0,10.293,0.0,0.0,243.7,705063.45,5139512.53,705063.45,5139512.53,705049.76,5139484.85,1452.31,,0,
kprcnn-nojitter-v1,Yakima-Toppenish_03_20260614,Yakima (arid),trained,1,1,3960,5520,0,0.08767,3972.57,5526.9,3983.54,5535.83,10.97,8.93,97.89,3979.72,5532.03,3977.39,5533.68,3974.73,5528.72,-9.5588,-8.6722,3.4603,-4.9236,5.981,17.94,2.854,5.627,0.507,2.663,146.4,705059.15,5139479.92,705052.17,5139474.96,705044.19,5139489.84,1434.91,,0,
kprcnn-nojitter-v1,Yakima-Toppenish_03_20260614,Yakima (arid),trained,1,1,3960,5520,0,0.0551,3960.0,5545.29,3973.2,5548.89,13.2,3.59,47.44,3971.05,5548.72,3967.75,5548.07,3963.13,5546.11,-1.7121,-1.1215,-1.2473,-1.3603,8.34,25.02,3.364,5.018,0.67,0.414,161.7,705033.16,5139429.83,705023.26,5139431.79,705009.4,5139437.67,1428.11,,0,
kprcnn-nojitter-v1,Yakima-Toppenish_03_20260614,Yakima (arid),trained,1,1,3990,5520,1,0.08422,3990.07,5551.3,3996.19,5567.72,6.12,16.43,100.54,3991.52,5564.6,3994.09,5560.0,3992.8,5555.4,1.2699,-2.2395,-1.3813,-0.7836,9.289,27.87,5.272,4.777,1.104,1.914,82.0,705094.55,5139382.19,705102.28,5139395.99,705098.41,5139409.79,1344.9,,0,
kprcnn-nojitter-v1,Yakima-Toppenish_03_20260614,Yakima (arid),trained,1,1,3990,5520,0,0.08016,3990.21,5552.54,3994.16,5565.03,3.95,12.49,49.33,3991.36,5563.23,3990.7,5558.95,3992.68,5555.01,-1.5155,-3.3043,-1.2031,-2.0076,8.321,24.96,4.323,4.411,0.98,1.326,80.9,705094.09,5139386.32,705092.11,5139399.14,705098.04,5139410.97,1354.63,,0,
kprcnn-nojitter-v1,Yakima-Toppenish_03_20260614,Yakima (arid),trained,1,1,3990,5520,0,0.0581,3990.0,5556.41,4001.72,5567.6,11.71,11.19,131.12,3992.12,5564.47,3994.72,5560.19,3999.6,5561.18,0.1215,-1.941,-3.3939,-1.7378,8.175,24.53,5.009,4.979,1.006,2.869,23.7,705096.35,5139382.58,705104.16,5139395.42,705118.8,5139392.46,1343.11,,0,
kprcnn-nojitter-v1,Yakima-Toppenish_03_20260614,Yakima (arid),trained,1,1,6900,5520,1,0.66105,6915.28,5522.58,6927.22,5537.93,11.95,15.35,183.45,6917.1,5522.74,6921.08,5528.95,6925.07,5534.5,-5.6468,2.6537,0.1275,-0.9552,14.204,42.61,7.375,6.834,1.079,0.183,304.1,713871.3,5139507.78,713883.25,5139489.16,713895.2,5139472.5,4716.4,,0,
kprcnn-nojitter-v1,Yakima-Toppenish_03_20260614,Yakima (arid),trained,1,1,6900,5520,0,0.09443,6913.09,5520.0,6924.3,5535.26,11.21,15.26,171.07,6917.54,5522.82,6920.18,5528.46,6915.56,5521.83,-5.6193,1.4129,-1.2779,-1.8281,2.214,6.64,6.227,8.083,0.77,3.853,153.3,713872.62,5139507.54,713880.53,5139490.62,713866.68,5139510.52,4713.34,,0,
kprcnn-nojitter-v1,Yakima-Toppenish_03_20260614,Yakima (arid),trained,1,1,6900,5520,0,0.09197,6939.6,5520.0,6948.0,5531.9,8.4,11.9,99.92,6945.9,5529.75,6944.61,5525.12,6941.06,5520.83,-0.7875,-1.8135,-2.6864,-1.7625,10.154,30.46,4.804,5.575,0.862,1.072,118.5,713957.7,5139486.75,713953.82,5139500.63,713943.17,5139513.52,4767.03,,0,
kprcnn-nojitter-v1,Yakima-Toppenish_03_20260614,Yakima (arid),trained,1,1,6930,5520,1,0.33118,6939.55,5520.0,6947.33,5531.43,7.77,11.43,88.86,6946.52,5530.29,6943.93,5524.74,6941.01,5520.82,-3.3026,-3.3622,-2.1732,-2.946,10.955,32.87,6.127,4.884,1.254,0.55,120.2,713959.55,5139485.14,713951.78,5139501.79,713943.03,5139513.55,4764.69,,0,
kprcnn-nojitter-v1,Yakima-Toppenish_03_20260614,Yakima (arid),trained,1,1,6930,5520,0,0.1657,6952.23,5556.01,6961.95,5567.68,9.72,11.67,113.35,6957.25,5563.18,6955.96,5560.84,6959.84,5565.84,-0.5107,0.8305,-0.7945,-0.1582,3.718,11.15,2.669,6.333,0.421,0.697,314.2,713991.76,5139386.47,713987.87,5139393.47,713999.53,5139378.47,4857.31,,0,
kprcnn-nojitter-v1,Yakima-Toppenish_03_20260614,Yakima (arid),trained,1,1,6930,5520,0,0.08479,6934.9,5533.64,6945.07,5544.19,10.18,10.55,107.35,6943.27,5542.05,6940.64,5538.75,6937.36,5534.47,1.0013,0.5923,-2.0798,-0.1621,9.613,28.84,4.215,5.398,0.781,0.045,127.9,713949.8,5139449.85,713941.92,5139459.74,713932.07,5139472.59,4781.17,,0,
kprcnn-nojitter-v1,Yakima-Toppenish_03_20260614,Yakima (arid),trained,1,1,6960,5520,1,0.05885,6960.1,5564.57,6963.06,5568.0,2.96,3.43,10.14,6961.58,5565.66,6961.25,5567.53,6960.6,5566.6,-7.9737,-10.3843,-0.9603,-6.4394,1.359,4.08,1.898,1.143,1.661,1.131,223.5,714004.75,5139379.01,714003.76,5139373.4,714001.79,5139376.21,4881.98,,0,
kprcnn-nojitter-v1,Yakima-Toppenish_03_20260614,Yakima (arid),trained,1,1,3930,5550,1,0.26576,3948.32,5559.64,3957.93,5569.88,9.6,10.24,98.35,3952.13,5565.75,3955.11,5564.1,3957.76,5567.07,0.0118,0.323,-7.8572,-2.5075,5.783,17.35,3.408,3.982,0.856,2.289,346.8,704976.39,5139378.75,704985.33,5139383.7,704993.28,5139374.78,1427.27,,0,
kprcnn-nojitter-v1,Yakima-Toppenish_03_20260614,Yakima (arid),trained,1,1,3960,5550,1,0.63003,3995.73,5561.32,4007.07,5576.13,11.34,14.82,168.01,4004.64,5573.01,4001.4,5570.37,3997.51,5568.07,1.9432,0.9095,-1.8436,0.3364,8.671,26.01,4.175,4.52,0.924,0.32,145.3,705133.92,5139356.98,705124.2,5139364.89,705112.54,5139371.8,1307.93,,0,
kprcnn-nojitter-v1,Yakima-Toppenish_03_20260614,Yakima (arid),trained,1,1,3960,5550,0,0.08454,3999.68,5568.12,4007.57,5575.26,7.89,7.14,56.36,4004.77,5572.83,4001.81,5570.56,4003.79,5574.13,2.2745,-1.3651,-9.7816,-2.9574,1.631,4.89,3.731,4.08,0.914,3.731,232.8,705134.32,5139357.51,705125.44,5139364.33,705131.36,5139353.62,1306.63,,0,
kprcnn-nojitter-v1,Yakima-Toppenish_03_20260614,Yakima (arid),trained,1,1,3960,5550,0,0.05139,3966.22,5550.02,3976.52,5550.89,10.3,0.87,8.93,3970.71,5550.46,3969.38,5550.46,3970.71,5550.17,0.1521,-7.4422,-8.6701,-5.3201,0.289,0.87,1.33,1.361,0.977,1.33,90.0,705032.12,5139424.63,705028.13,5139424.63,705032.12,5139425.5,1419.78,,0,
kprcnn-nojitter-v1,Yakima-Toppenish_03_20260614,Yakima (arid),trained,1,1,3990,5550,1,0.22469,4000.96,5567.46,4020.15,5576.7,19.19,9.23,177.17,4004.44,5573.23,4010.72,5572.24,4011.72,5576.53,2.9549,-1.1168,-7.5646,-1.9088,7.99,23.97,6.363,4.4,1.446,3.495,335.6,705133.31,5139356.3,705152.17,5139359.27,705155.15,5139346.41,1283.19,,0,
kprcnn-nojitter-v1,Yakima-Toppenish_03_20260614,Yakima (arid),trained,1,1,3990,5550,0,0.20804,3995.68,5564.82,4007.0,5575.24,11.33,10.42,118.03,4004.5,5573.13,4001.51,5570.52,3997.51,5567.91,1.6069,0.9335,-1.6986,0.2806,8.723,26.17,3.972,4.771,0.832,0.298,143.3,705133.51,5139356.62,705124.52,5139364.44,705112.52,5139372.26,1307.4,,0,
kprcnn-nojitter-v1,Yakima-Toppenish_03_20260614,Yakima (arid),trained,1,1,3990,5550,0,0.10776,3992.11,5570.8,4007.17,5571.21,15.06,0.41,6.16,4004.39,5571.11,4001.11,5570.9,4004.72,5571.11,-0.1168,-2.6717,-9.2686,-4.019,0.327,0.98,3.28,3.607,0.909,0.204,0.0,705133.16,5139362.68,705123.34,5139363.3,705134.15,5139362.68,1307.54,,0,
kprcnn-nojitter-v1,Yakima-Toppenish_03_20260614,Yakima (arid),trained,1,1,3990,5550,0,0.08561,3992.4,5567.99,4007.88,5572.57,15.48,4.58,70.95,4004.75,5572.41,4001.46,5570.45,3997.17,5568.15,0.3805,-0.9466,-2.8135,-1.1265,8.69,26.07,3.835,4.857,0.79,0.099,150.7,705134.25,5139358.77,705124.37,5139364.66,705111.52,5139371.54,1307.66,,0,
kprcnn-nojitter-v1,Yakima-Toppenish_03_20260614,Yakima (arid),trained,1,1,3990,5550,0,0.05022,4030.72,5583.09,4038.0,5596.73,7.28,13.65,99.4,4035.19,5594.24,4035.19,5588.91,4032.87,5594.24,0.2116,-1.7334,-5.5416,-2.3544,2.318,6.95,5.325,5.808,0.917,5.325,180.0,705225.56,5139293.29,705225.56,5139309.27,705218.6,5139293.29,1195.16,,0,
kprcnn-nojitter-v1,Yakima-Toppenish_03_20260614,Yakima (arid),trained,1,1,4020,5550,1,0.09402,4027.45,5583.14,4044.79,5597.05,17.34,13.91,241.33,4035.79,5594.57,4036.77,5589.6,4030.88,5592.58,0.5417,-0.21,-5.6076,-1.7586,5.296,15.89,5.065,6.602,0.767,4.974,158.0,705227.38,5139292.3,705230.32,5139307.21,705212.65,5139298.26,1190.24,,0,
kprcnn-nojitter-v1,Yakima-Toppenish_03_20260614,Yakima (arid),trained,1,1,4020,5550,0,0.069,4033.84,5580.01,4040.22,5598.0,6.38,17.99,114.79,4037.83,5594.83,4036.87,5589.5,4037.83,5581.17,1.19,-0.5821,-3.3356,-0.9092,13.66,40.98,5.416,8.384,0.646,0.957,90.0,705233.48,5139291.5,705230.61,5139307.49,705233.48,5139332.48,1190.22,,0,
kprcnn-nojitter-v1,Yakima-Toppenish_03_20260614,Yakima (arid),trained,1,1,6930,5550,1,0.8971,6951.44,5576.28,6963.93,5591.1,12.48,14.82,184.97,6955.22,5578.75,6957.52,5582.38,6961.46,5587.97,1.1312,3.2468,1.4899,1.956,11.134,33.4,4.29,6.847,0.627,0.126,304.1,713985.66,5139339.74,713992.56,5139328.87,714004.39,5139312.08,4899.47,,0,
kprcnn-nojitter-v1,Yakima-Toppenish_03_20260614,Yakima (arid),trained,1,1,6930,5550,0,0.19984,6951.06,5555.89,6960.98,5566.74,9.92,10.85,107.6,6953.54,5557.7,6955.86,5560.98,6960.16,5566.57,-0.1918,1.8502,-3.5632,-0.6349,11.068,33.2,4.02,7.05,0.57,0.108,306.7,713980.63,5139402.91,713987.58,5139393.05,714000.47,5139376.29,4857.32,,0,
kprcnn-nojitter-v1,Yakima-Toppenish_03_20260614,Yakima (arid),trained,1,1,6930,5550,0,0.07179,6957.26,5562.68,6968.88,5579.16,11.63,16.49,191.67,6966.72,5576.03,6964.07,5572.73,6960.74,5567.13,0.1608,-0.4251,-0.9316,-0.3986,10.724,32.17,4.235,6.516,0.65,0.368,123.9,714020.17,5139347.91,714012.2,5139357.8,714002.23,5139374.62,4898.02,,0,
kprcnn-nojitter-v1,Yakima-Toppenish_03_20260614,Yakima (arid),trained,1,1,6930,5550,0,0.06602,6972.24,5564.57,6978.0,5574.99,5.76,10.42,60.02,6976.56,5572.22,6976.24,5569.62,6977.2,5572.54,-2.2384,-0.9691,-6.8517,-3.3531,0.718,2.15,2.624,3.083,0.851,2.176,333.1,714049.68,5139359.34,714048.72,5139367.15,714051.6,5139358.37,4921.98,,0,
kprcnn-nojitter-v1,Yakima-Toppenish_03_20260614,Yakima (arid),trained,1,1,6960,5550,1,0.09197,6960.0,5584.67,6965.18,5596.65,5.18,11.98,62.01,6964.69,5592.49,6963.72,5591.49,6961.13,5587.17,-0.452,-7.3691,2.528,-1.7644,6.404,19.21,1.392,5.041,0.276,0.252,123.8,714014.07,5139298.52,714011.16,5139301.52,714003.4,5139314.5,4930.76,,0,
kprcnn-nojitter-v1,Yakima-Toppenish_03_20260614,Yakima (arid),trained,1,1,6960,5550,0,0.08847,6960.0,5584.12,6969.91,5594.46,9.91,10.33,102.44,6965.12,5592.36,6964.46,5590.74,6961.82,5587.84,-0.1875,-4.4693,2.829,-0.6093,5.6,16.8,1.745,3.929,0.444,0.419,126.2,714015.36,5139298.93,714013.38,5139303.77,714005.45,5139312.49,4931.18,,0,
kprcnn-nojitter-v1,Yakima-Toppenish_03_20260614,Yakima (arid),trained,1,1,6960,5550,0,0.06005,6960.0,5564.97,6969.72,5579.51,9.72,14.54,141.41,6967.29,5576.7,6964.7,5573.4,6961.13,5567.78,0.6452,-2.3238,-0.9144,-0.8643,10.843,32.53,4.201,6.654,0.631,0.257,124.6,714021.88,5139345.89,714014.1,5139355.8,714003.4,5139372.66,4900.74,,0,
kprcnn-nojitter-v1,Yakima-Toppenish_03_20260614,Yakima (arid),trained,1,1,4020,5580,1,0.09479,4027.62,5580.05,4042.57,5594.06,14.95,14.0,209.37,4035.1,5593.89,4036.43,5589.33,4037.76,5582.17,-4.82,-0.2259,-0.8971,-1.981,12.022,36.07,4.749,7.287,0.652,0.288,77.2,705225.3,5139294.32,705229.28,5139308.0,705233.27,5139329.5,1191.55,,0,
kprcnn-nojitter-v1,Yakima-Toppenish_03_20260614,Yakima (arid),trained,1,1,4050,5580,1,0.15004,4086.35,5623.93,4097.88,5627.99,11.53,4.07,46.89,4095.74,5625.96,4090.8,5625.96,4096.07,5626.59,0.4882,-5.2107,-7.0844,-3.9357,0.707,2.12,4.941,5.308,0.931,4.372,297.8,705407.21,5139198.12,705392.39,5139198.12,705408.2,5139196.24,997.27,,0,
kprcnn-nojitter-v1,Yakima-Toppenish_03_20260614,Yakima (arid),trained,1,1,4080,5580,1,0.10725,4085.73,5624.38,4095.83,5628.0,10.1,3.62,36.61,4087.52,5625.86,4091.1,5625.86,4095.66,5626.85,-0.9604,-6.3607,-6.5341,-4.6184,8.205,24.61,3.584,4.667,0.768,0.432,353.1,705382.56,5139198.43,705393.31,5139198.43,705406.99,5139195.46,996.83,,0,
kprcnn-nojitter-v1,Yakima-Toppenish_03_20260614,Yakima (arid),trained,1,1,4080,5580,0,0.10321,4118.49,5597.9,4128.0,5612.86,9.51,14.97,142.27,4126.2,5612.7,4123.9,5605.05,4122.92,5598.07,-5.9792,1.3507,-5.0218,-3.2168,14.996,44.99,7.986,7.053,1.132,0.567,102.6,705498.59,5139237.9,705491.71,5139260.85,705488.76,5139281.8,975.62,,0,
kprcnn-nojitter-v1,Yakima-Toppenish_03_20260614,Yakima (arid),trained,1,1,4080,5580,0,0.07855,4080.0,5622.93,4102.42,5628.0,22.42,5.07,113.72,4083.79,5625.62,4091.38,5625.62,4081.48,5623.72,0.5696,-5.2021,-6.3406,-3.6577,2.991,8.97,7.585,10.074,0.753,4.823,140.5,705371.38,5139199.13,705394.13,5139199.13,705364.45,5139204.84,996.72,,0,
kprcnn-nojitter-v1,Yakima-Toppenish_03_20260614,Yakima (arid),trained,1,1,4080,5580,0,0.05705,4120.42,5605.09,4128.0,5617.27,7.58,12.17,92.22,4125.53,5616.12,4125.86,5611.84,4123.22,5615.13,0.3749,0.2364,-5.0912,-1.4933,2.508,7.52,4.289,4.215,1.018,4.061,156.8,705496.59,5139227.65,705497.58,5139240.48,705489.67,5139230.61,956.21,,0,
kprcnn-nojitter-v1,Yakima-Toppenish_03_20260614,Yakima (arid),trained,1,1,4080,5580,0,0.05065,4080.0,5609.75,4090.95,5628.0,10.95,18.25,199.82,4082.82,5624.85,4082.82,5617.55,4086.14,5624.52,1.8329,-3.4682,-8.0334,-3.2229,3.334,10.0,7.301,7.719,0.946,7.265,5.7,705368.46,5139201.46,705368.46,5139223.36,705378.41,5139202.45,1032.02,,0,
kprcnn-nojitter-v1,Yakima-Toppenish_03_20260614,Yakima (arid),trained,1,1,4110,5580,1,0.16323,4117.14,5598.86,4131.93,5612.79,14.79,13.93,205.98,4129.14,5610.96,4124.53,5605.33,4128.81,5612.62,-1.474,2.9799,-7.258,-1.9173,1.69,5.07,7.276,8.454,0.861,5.61,258.8,705507.41,5139243.11,705493.6,5139260.02,705506.42,5139238.13,973.77,,0,
kprcnn-nojitter-v1,Yakima-Toppenish_03_20260614,Yakima (arid),trained,1,1,4110,5580,0,0.12668,4120.88,5607.0,4129.88,5616.82,9.0,9.83,88.46,4129.08,5611.09,4125.86,5612.4,4124.58,5615.35,-1.7717,0.2981,-4.3604,-1.9447,6.196,18.59,3.472,3.216,1.079,1.258,223.4,705507.24,5139242.73,705497.59,5139238.8,705493.74,5139229.95,954.91,,0,
kprcnn-nojitter-v1,Yakima-Toppenish_03_20260614,Yakima (arid),trained,1,1,6930,5580,1,0.18401,6952.58,5580.0,6963.84,5591.35,11.26,11.35,127.83,6955.06,5580.16,6957.38,5582.43,6962.02,5587.95,-3.2228,1.1499,1.7245,-0.1161,10.439,31.32,3.245,7.204,0.45,0.216,311.8,713985.18,5139335.51,713992.14,5139328.7,714006.05,5139312.16,4899.24,,0,
kprcnn-nojitter-v1,Yakima-Toppenish_03_20260614,Yakima (arid),trained,1,1,6930,5580,0,0.06158,6951.11,5580.0,6962.4,5586.19,11.3,6.19,69.91,6955.26,5580.16,6957.25,5582.12,6961.24,5586.03,-2.6979,1.2277,-2.6732,-1.3812,8.375,25.13,2.792,5.583,0.5,0.0,315.6,713985.78,5139335.51,713991.76,5139329.65,714003.72,5139317.92,4898.37,,0,
kprcnn-nojitter-v1,Yakima-Toppenish_03_20260614,Yakima (arid),trained,1,1,6960,5580,1,0.14914,6960.05,5580.0,6965.8,5591.12,5.75,11.12,63.97,6965.0,5590.96,6964.04,5580.82,6961.17,5587.69,-7.0826,-5.5276,3.0936,-3.1722,5.04,15.12,10.186,7.447,1.368,7.093,139.5,714015.01,5139303.12,714012.13,5139333.55,714003.5,5139312.94,4912.38,,0,
kprcnn-nojitter-v1,Yakima-Toppenish_03_20260614,Yakima (arid),trained,1,1,6960,5580,0,0.12593,6985.3,5603.64,6996.75,5619.05,11.45,15.42,176.54,6994.3,5615.94,6990.7,5611.34,6987.75,5606.42,1.293,1.2711,-1.3575,0.4022,11.545,34.64,5.834,5.734,1.018,0.363,124.5,714102.89,5139228.19,714092.1,5139241.97,714083.26,5139256.73,5031.23,,0,
kprcnn-nojitter-v1,Yakima-Toppenish_03_20260614,Yakima (arid),trained,1,1,6960,5580,0,0.06143,6960.0,5582.85,6969.13,5594.93,9.13,12.08,110.27,6965.38,5592.48,6964.08,5590.85,6961.47,5587.58,-0.1244,-4.6143,2.6899,-0.6829,6.268,18.8,2.089,4.179,0.5,0.0,128.6,714016.14,5139298.56,714012.23,5139303.46,714004.4,5139313.26,4930.44,,0,
kprcnn-nojitter-v1,Yakima-Toppenish_03_20260614,Yakima (arid),trained,1,1,6960,5580,0,0.05994,6960.03,5580.0,6961.46,5591.42,1.43,11.42,16.29,6960.75,5580.16,6960.75,5580.16,6961.03,5587.34,-8.8554,-6.5519,1.1879,-4.7398,7.185,21.56,0.0,7.185,0.0,0.0,272.3,714002.24,5139335.51,714002.24,5139335.51,714003.09,5139313.97,4903.27,,0,
kprcnn-nojitter-v1,Yakima-Toppenish_03_20260614,Yakima (arid),trained,1,1,6960,5580,0,0.05564,6960.16,5583.74,6964.13,5595.9,3.97,12.16,48.3,6963.97,5592.45,6962.98,5591.13,6960.99,5587.85,-2.1638,-7.7318,2.155,-2.5802,5.481,16.44,1.647,3.839,0.429,0.119,122.9,714011.91,5139298.66,714008.93,5139302.6,714002.97,5139312.46,4928.32,,0,
kprcnn-nojitter-v1,Yakima-Toppenish_03_20260614,Yakima (arid),trained,1,1,4050,5610,1,0.06432,4067.12,5610.25,4095.94,5621.55,28.82,11.3,325.57,4073.91,5619.05,4082.19,5617.39,4095.78,5611.41,-0.4467,-4.7253,-3.3591,-2.8437,23.163,69.49,8.448,14.841,0.569,1.164,19.3,705341.73,5139218.84,705366.58,5139223.82,705407.33,5139241.76,1033.69,,0,
kprcnn-nojitter-v1,Yakima-Toppenish_03_20260614,Yakima (arid),trained,1,1,4080,5610,1,0.12446,4116.01,5610.0,4128.0,5611.97,11.99,1.97,23.64,4127.83,5611.15,4125.83,5611.15,4118.5,5610.82,-5.3889,1.327,-4.8692,-2.977,9.335,28.0,1.999,7.337,0.272,0.07,178.0,705503.5,5139242.55,705497.5,5139242.55,705475.51,5139243.54,957.84,,0,
kprcnn-nojitter-v1,Yakima-Toppenish_03_20260614,Yakima (arid),trained,1,1,4080,5610,0,0.07263,4120.4,5610.0,4128.0,5618.46,7.6,8.46,64.26,4125.52,5616.99,4125.85,5611.79,4123.87,5616.99,0.5839,0.4376,-5.5966,-1.525,1.652,4.96,5.215,5.569,0.936,5.205,180.0,705496.57,5139225.02,705497.56,5139240.63,705491.61,5139225.02,956.34,,0,
kprcnn-nojitter-v1,Yakima-Toppenish_03_20260614,Yakima (arid),trained,1,1,4080,5610,0,0.05724,4115.39,5610.0,4128.0,5614.28,12.61,4.28,53.92,4125.18,5614.11,4125.84,5611.15,4119.21,5610.82,-2.7305,1.3225,-4.3187,-1.9089,6.818,20.45,3.035,6.643,0.457,2.914,151.1,705495.54,5139233.66,705497.53,5139242.55,705477.63,5139243.53,957.82,,0,
kprcnn-nojitter-v1,Yakima-Toppenish_03_20260614,Yakima (arid),trained,1,1,4110,5610,1,0.76139,4124.24,5631.8,4138.92,5644.0,14.68,12.2,179.13,4135.17,5643.17,4131.26,5637.9,4128.32,5643.83,0.1168,7.8638,-6.0075,0.6577,6.883,20.65,6.57,6.622,0.992,5.627,185.5,705525.51,5139146.48,705513.77,5139162.31,705504.96,5139144.5,886.75,,0,
kprcnn-nojitter-v1,Yakima-Toppenish_03_20260614,Yakima (arid),trained,1,1,4110,5610,0,0.5784,4127.13,5630.39,4134.03,5646.34,6.9,15.95,110.05,4132.55,5643.52,4130.91,5638.2,4128.93,5643.85,1.458,8.0012,-5.0045,1.4849,3.629,10.89,5.565,5.984,0.93,5.445,185.3,705517.64,5139145.45,705512.72,5139161.4,705506.8,5139144.45,886.79,,0,
kprcnn-nojitter-v1,Yakima-Toppenish_03_20260614,Yakima (arid),trained,1,1,4110,5610,0,0.2871,4117.07,5610.0,4130.66,5611.21,13.58,1.21,16.45,4128.5,5610.76,4125.19,5610.76,4119.56,5610.76,-3.2515,-0.9142,-2.8756,-2.3471,8.944,26.83,3.312,5.631,0.588,0.0,180.0,705505.51,5139243.73,705495.57,5139243.73,705478.68,5139243.73,959.99,,0,
kprcnn-nojitter-v1,Yakima-Toppenish_03_20260614,Yakima (arid),trained,1,1,4110,5610,0,0.2776,4117.84,5610.0,4130.59,5613.73,12.75,3.73,47.53,4128.79,5611.4,4125.19,5611.09,4119.96,5610.78,-3.0605,-0.6555,-2.9727,-2.2296,8.849,26.55,3.61,5.24,0.689,0.057,176.0,705506.37,5139241.81,705495.58,5139242.74,705479.89,5139243.67,959.22,,0,
kprcnn-nojitter-v1,Yakima-Toppenish_03_20260614,Yakima (arid),trained,1,1,4110,5610,0,0.18263,4118.8,5628.58,4139.31,5646.52,20.51,17.94,367.98,4133.85,5643.36,4131.21,5638.05,4128.89,5643.7,1.4966,5.7613,-6.0277,0.4101,4.973,14.92,5.939,6.105,0.973,5.481,183.8,705521.56,5139145.91,705513.62,5139161.86,705506.68,5139144.91,886.52,,0,
kprcnn-nojitter-v1,Yakima-Toppenish_03_20260614,Yakima (arid),trained,1,1,4110,5610,0,0.10558,4120.56,5610.0,4131.81,5616.65,11.24,6.65,74.7,4129.66,5611.16,4125.36,5611.83,4129.66,5611.83,-3.6709,-0.9142,-4.6515,-3.0789,0.665,1.99,4.349,4.298,1.012,4.298,270.0,705508.97,5139242.51,705496.08,5139240.52,705508.97,5139240.52,957.2,,0,
kprcnn-nojitter-v1,Yakima-Toppenish_03_20260614,Yakima (arid),trained,1,1,4110,5610,0,0.0511,4149.98,5631.79,4158.0,5648.45,8.02,16.66,133.57,4154.95,5636.62,4155.59,5640.95,4151.43,5638.62,0.5008,0.8143,-4.5144,-1.0664,4.055,12.16,4.379,4.777,0.917,4.085,209.5,705584.86,5139166.14,705586.78,5139153.14,705574.28,5139160.14,832.04,,0,
kprcnn-nojitter-v1,Yakima-Toppenish_03_20260614,Yakima (arid),trained,1,1,6960,5610,1,0.94554,6985.96,5624.31,6997.51,5638.57,11.55,14.26,164.81,6988.43,5627.13,6991.4,5631.11,6996.03,5638.4,-0.2283,1.3393,-4.1388,-1.0093,13.596,40.79,4.967,8.638,0.575,0.242,304.0,714085.3,5139194.62,714094.21,5139182.68,714108.08,5139160.79,5068.71,,0,
kprcnn-nojitter-v1,Yakima-Toppenish_03_20260614,Yakima (arid),trained,1,1,6990,5610,1,0.17956,6990.0,5626.59,6998.92,5641.33,8.91,14.74,131.36,6990.17,5630.36,6992.15,5632.0,6996.11,5637.56,-5.5608,-1.0998,-1.682,-2.7809,9.339,28.02,2.57,6.833,0.376,0.486,309.5,714090.5,5139184.92,714096.44,5139180.01,714108.33,5139163.31,5072.1,,0,
kprcnn-nojitter-v1,Yakima-Toppenish_03_20260614,Yakima (arid),trained,1,1,4110,5640,1,0.10866,4126.14,5640.0,4136.65,5645.87,10.51,5.87,61.65,4134.84,5644.4,4130.57,5640.81,4127.94,5644.07,-0.0383,-0.6085,-1.6025,-0.7498,6.903,20.71,5.575,4.186,1.332,3.38,177.3,705524.52,5139142.8,705511.72,5139153.56,705503.83,5139143.78,881.71,,0,
kprcnn-nojitter-v1,Yakima-Toppenish_03_20260614,Yakima (arid),trained,1,1,4110,5640,0,0.07208,4110.0,5640.01,4111.15,5640.7,1.15,0.69,0.79,4110.72,5640.58,4110.72,5640.58,4110.43,5640.58,-4.4435,-10.2919,-7.1219,-7.2858,0.288,0.86,0.0,0.288,0.0,0.0,180.0,705452.16,5139154.26,705452.16,5139154.26,705451.29,5139154.26,923.82,,0,
kprcnn-nojitter-v1,Yakima-Toppenish_03_20260614,Yakima (arid),trained,1,1,4110,5640,0,0.07054,4121.75,5640.0,4138.39,5643.62,16.64,3.62,60.23,4135.56,5641.81,4130.57,5640.82,4127.25,5642.8,-0.5857,0.1571,-2.8167,-1.0817,8.377,25.13,5.088,3.869,1.315,1.569,186.8,705526.69,5139150.57,705511.72,5139153.53,705501.74,5139147.61,881.69,,0,
kprcnn-nojitter-v1,Yakima-Toppenish_03_20260614,Yakima (arid),trained,1,1,6960,5640,1,0.05479,7000.35,5640.0,7008.0,5650.76,7.65,10.76,82.37,7000.85,5643.75,7005.84,5642.12,7005.17,5650.6,-3.8737,-1.4153,-6.921,-4.07,8.101,24.3,5.25,8.507,0.617,5.091,302.3,714122.54,5139144.75,714137.51,5139149.64,714135.52,5139124.2,5123.18,,0,
kprcnn-nojitter-v1,Yakima-Toppenish_03_20260614,Yakima (arid),trained,1,1,4110,5670,1,0.10843,4137.85,5670.0,4150.04,5671.33,12.19,1.33,16.15,4141.64,5670.83,4145.26,5670.5,4149.87,5670.5,-0.0482,-6.3738,-6.7329,-4.385,8.241,24.72,3.638,4.611,0.789,0.185,2.3,705544.92,5139063.51,705555.79,5139064.51,705569.62,5139064.51,787.03,,0,
kprcnn-nojitter-v1,Yakima-Toppenish_03_20260614,Yakima (arid),trained,1,1,4140,5670,1,0.28527,4140.0,5670.0,4145.22,5671.31,5.22,1.31,6.86,4141.79,5670.82,4141.79,5670.49,4141.47,5671.15,-0.5867,-6.72,-6.4148,-4.5738,0.463,1.39,0.329,0.734,0.448,0.232,225.2,705545.38,5139063.53,705545.38,5139064.52,705544.4,5139062.55,794.43,,0,
kprcnn-nojitter-v1,Yakima-Toppenish_03_20260614,Yakima (arid),trained,1,1,4140,5670,0,0.05521,4140.16,5670.0,4146.49,5672.34,6.33,2.34,14.8,4141.33,5671.02,4143.66,5670.73,4141.99,5672.19,0.3188,-6.8417,-7.5413,-4.688,1.346,4.04,2.351,2.216,1.061,2.171,299.7,705543.98,5139062.93,705550.98,5139063.81,705545.98,5139059.43,789.95,,0,
kprcnn-nojitter-v1,Yakima-Toppenish_03_20260614,Yakima (arid),trained,1,1,7020,5670,1,0.47069,7042.57,5689.07,7054.8,5702.63,12.23,13.56,165.85,7051.99,5700.15,7048.35,5695.52,7044.71,5689.9,2.0973,4.3903,0.0441,2.1772,12.569,37.71,5.887,6.695,0.879,0.287,125.4,714275.97,5138975.56,714265.06,5138989.45,714254.14,5139006.31,5322.02,,0,
kprcnn-nojitter-v1,Yakima-Toppenish_03_20260614,Yakima (arid),trained,1,1,7020,5670,0,0.06119,7033.93,5688.44,7047.06,5694.74,13.13,6.3,82.75,7044.92,5691.92,7039.34,5691.26,7044.92,5690.26,-9.3041,-3.7631,2.9454,-3.3739,1.659,4.98,5.618,5.667,0.991,5.579,90.0,714254.77,5139000.24,714238.03,5139002.23,714254.77,5139005.22,5292.85,,0,
kprcnn-nojitter-v1,Yakima-Toppenish_03_20260614,Yakima (arid),trained,1,1,7020,5670,0,0.05041,7044.8,5699.62,7053.66,5699.71,8.86,0.1,0.85,7052.18,5699.79,7050.54,5699.79,7052.18,5699.79,1.0542,-7.1057,-8.344,-4.7985,0.0,0.0,1.641,1.641,1.0,0.0,0.0,714276.55,5138976.64,714271.63,5138976.64,714276.55,5138976.64,5335.08,,0,
kprcnn-nojitter-v1,Yakima-Toppenish_03_20260614,Yakima (arid),trained,1,1,7050,5670,1,0.07382,7050.16,5697.48,7055.27,5706.99,5.11,9.51,48.6,7051.6,5700.26,7053.19,5700.92,7053.83,5702.56,2.9571,-7.7965,-9.3877,-4.7424,3.205,9.61,1.727,1.759,0.982,0.686,314.3,714274.79,5138975.21,714279.58,5138973.24,714281.5,5138968.32,5343.45,,0,
kprcnn-nojitter-v1,Yakima-Toppenish_03_20260614,Yakima (arid),trained,1,1,7050,5670,0,0.06129,7050.0,5694.21,7054.63,5704.45,4.63,10.24,47.46,7051.49,5700.32,7051.82,5698.67,7053.48,5701.64,3.2849,-6.7006,-9.5513,-4.3223,2.386,7.16,1.684,3.403,0.495,1.558,326.4,714274.47,5138975.04,714275.46,5138980.0,714280.43,5138971.08,5336.04,,0,
kprcnn-nojitter-v1,Yakima-Toppenish_03_20260614,Yakima (arid),trained,1,1,4260,5700,1,0.18537,4284.55,5729.6,4302.07,5737.64,17.52,8.04,140.87,4298.93,5731.37,4293.64,5733.62,4287.69,5732.98,-7.9804,0.9582,1.9267,-1.6985,11.353,34.06,5.748,5.984,0.96,1.48,188.1,706016.79,5138881.9,706000.92,5138875.14,705983.07,5138877.07,383.44,,0,
kprcnn-nojitter-v1,Yakima-Toppenish_03_20260614,Yakima (arid),trained,1,1,4260,5700,0,0.16009,4285.06,5743.53,4300.08,5748.0,15.02,4.47,67.09,4293.06,5746.25,4287.84,5745.93,4295.35,5743.69,1.0807,-0.0025,-5.2176,-1.3798,3.426,10.28,5.235,7.836,0.668,4.105,48.1,705999.19,5138837.26,705983.51,5138838.22,706006.05,5138844.92,354.26,,0,
kprcnn-nojitter-v1,Yakima-Toppenish_03_20260614,Yakima (arid),trained,1,1,4260,5700,0,0.08665,4261.65,5722.52,4272.72,5735.58,11.06,13.06,144.53,4265.4,5731.17,4267.67,5728.88,4263.77,5731.5,-7.0283,1.0214,-1.3024,-2.4364,1.659,4.98,3.227,4.698,0.687,1.793,191.4,705916.19,5138882.49,705923.02,5138889.35,705911.3,5138881.51,425.59,,0,
kprcnn-nojitter-v1,Yakima-Toppenish_03_20260614,Yakima (arid),trained,1,1,4260,5700,0,0.0771,4280.14,5743.11,4295.02,5748.0,14.87,4.89,72.72,4292.54,5746.21,4287.58,5745.56,4293.86,5743.27,1.428,1.0707,-6.8139,-1.4384,3.218,9.65,5.0,6.681,0.748,4.787,65.7,705997.61,5138837.38,705982.74,5138839.33,706001.58,5138846.18,355.58,,0,
kprcnn-nojitter-v1,Yakima-Toppenish_03_20260614,Yakima (arid),trained,1,1,4290,5700,1,0.15638,4290.72,5744.58,4295.13,5748.0,4.41,3.42,15.08,4291.51,5746.29,4293.71,5745.98,4291.82,5745.05,0.5779,-6.822,-6.7744,-4.3395,1.283,3.85,2.226,2.107,1.056,2.06,75.8,705994.52,5138837.13,706001.13,5138838.06,705995.46,5138840.86,348.07,,0,
kprcnn-nojitter-v1,Yakima-Toppenish_03_20260614,Yakima (arid),trained,1,1,4290,5700,0,0.12192,4290.11,5742.19,4297.15,5748.0,7.04,5.81,40.94,4292.19,5746.22,4290.59,5743.32,4296.03,5743.64,0.734,-4.0127,-5.5053,-2.928,4.629,13.89,3.319,5.451,0.609,3.305,33.9,705996.58,5138837.33,705991.78,5138846.05,706008.1,5138845.08,358.69,,0,
kprcnn-nojitter-v1,Yakima-Toppenish_03_20260614,Yakima (arid),trained,1,1,7020,5700,1,0.06766,7051.99,5721.76,7063.25,5732.46,11.26,10.7,120.5,7060.1,5730.35,7057.79,5727.11,7054.14,5721.92,-0.6473,1.5706,-7.5942,-2.2236,10.325,30.98,3.986,6.339,0.629,0.021,125.3,714300.31,5138884.95,714293.36,5138894.68,714282.43,5138910.24,5402.9,,0,
kprcnn-nojitter-v1,Yakima-Toppenish_03_20260614,Yakima (arid),trained,1,1,7050,5700,1,0.16324,7053.46,5720.89,7061.95,5732.68,8.49,11.79,100.12,7060.15,5730.55,7058.19,5727.27,7055.26,5724.0,-1.4026,-0.419,-5.9993,-2.607,8.18,24.54,3.817,4.401,0.867,0.392,126.8,714300.46,5138884.36,714294.58,5138894.18,714285.77,5138904.01,5404.17,,0,
kprcnn-nojitter-v1,Yakima-Toppenish_03_20260614,Yakima (arid),trained,1,1,7050,5700,0,0.09177,7050.11,5700.03,7054.41,5703.14,4.3,3.12,13.41,7051.93,5701.12,7051.93,5702.05,7051.27,5702.36,0.5069,-6.843,-8.1085,-4.8149,1.412,4.24,0.935,0.732,1.278,0.439,242.0,714275.78,5138972.65,714275.78,5138969.84,714273.8,5138968.91,5342.54,,0,
kprcnn-nojitter-v1,Yakima-Toppenish_03_20260614,Yakima (arid),trained,1,1,4260,5730,1,0.46354,4292.7,5749.09,4303.99,5760.94,11.29,11.85,133.74,4294.53,5750.9,4298.18,5754.85,4292.87,5749.25,0.427,2.114,-7.0396,-1.4995,2.337,7.01,5.379,7.715,0.697,0.234,135.2,706003.59,5138823.31,706014.54,5138811.46,705998.61,5138828.25,318.6,,0,
kprcnn-nojitter-v1,Yakima-Toppenish_03_20260614,Yakima (arid),trained,1,1,4260,5730,0,0.41559,4285.99,5730.36,4301.52,5735.39,15.53,5.03,78.15,4298.71,5731.46,4294.09,5733.35,4288.47,5733.03,-2.8717,0.1016,-0.6408,-1.1369,10.364,31.09,4.996,5.627,0.888,1.163,188.7,706016.14,5138881.63,706002.26,5138875.96,705985.41,5138876.91,383.84,,0,
kprcnn-nojitter-v1,Yakima-Toppenish_03_20260614,Yakima (arid),trained,1,1,4260,5730,0,0.22118,4279.28,5741.47,4294.78,5750.74,15.5,9.27,143.66,4291.97,5748.92,4288.02,5745.28,4281.75,5745.28,2.1101,-0.3758,-5.667,-1.3109,10.853,32.56,5.378,6.266,0.858,2.102,160.4,705995.92,5138829.23,705984.05,5138840.16,705965.25,5138840.16,355.87,,0,
kprcnn-nojitter-v1,Yakima-Toppenish_03_20260614,Yakima (arid),trained,1,1,4260,5730,0,0.16228,4284.84,5730.13,4301.37,5739.56,16.52,9.43,155.77,4298.89,5731.59,4293.6,5733.87,4287.65,5732.89,-3.6109,0.8611,1.1153,-0.5448,11.31,33.93,5.756,6.027,0.955,1.653,186.6,706016.67,5138881.23,706000.8,5138874.4,705982.96,5138877.33,382.77,,0,
kprcnn-nojitter-v1,Yakima-Toppenish_03_20260614,Yakima (arid),trained,1,1,4260,5730,0,0.11647,4291.73,5743.39,4307.02,5764.39,15.3,20.99,321.09,4294.22,5749.89,4298.21,5754.89,4303.2,5749.23,1.3561,2.9566,-6.382,-0.6898,9.003,27.01,6.395,7.547,0.847,5.28,4.2,706002.67,5138826.32,706014.64,5138811.33,706029.6,5138828.32,318.45,,0,
kprcnn-nojitter-v1,Yakima-Toppenish_03_20260614,Yakima (arid),trained,1,1,4260,5730,0,0.07164,4284.19,5730.08,4303.45,5732.98,19.26,2.9,55.94,4299.3,5731.53,4294.32,5732.5,4287.34,5732.18,-2.8369,-3.8788,0.5966,-2.0397,11.974,35.92,5.075,6.982,0.727,0.698,183.1,706017.9,5138881.41,706002.95,5138878.5,705982.03,5138879.47,386.08,,0,
kprcnn-nojitter-v1,Yakima-Toppenish_03_20260614,Yakima (arid),trained,1,1,4290,5730,1,0.94365,4326.04,5755.27,4336.13,5769.92,10.09,14.65,147.74,4330.76,5758.43,4330.11,5761.43,4333.03,5767.42,-2.5104,1.307,4.0443,0.947,9.272,27.82,3.066,6.669,0.46,1.367,284.2,706112.27,5138800.7,706110.32,5138791.71,706119.1,5138773.74,283.39,,0,
kprcnn-nojitter-v1,Yakima-Toppenish_03_20260614,Yakima (arid),trained,1,1,4290,5730,0,0.27573,4293.02,5749.75,4302.92,5760.33,9.9,10.57,104.72,4301.43,5752.56,4298.46,5754.87,4293.18,5749.92,-0.6969,1.8274,-6.7935,-1.8876,8.666,26.0,3.765,7.243,0.52,3.109,162.2,706024.3,5138818.32,706015.38,5138811.38,705999.54,5138826.25,318.27,,0,
kprcnn-nojitter-v1,Yakima-Toppenish_03_20260614,Yakima (arid),trained,1,1,4290,5730,0,0.20188,4290.0,5745.21,4302.51,5763.11,12.51,17.89,223.83,4292.14,5752.01,4298.39,5754.66,4290.16,5752.67,0.9374,2.5195,-8.0139,-1.519,2.083,6.25,6.793,8.466,0.802,4.503,198.6,705996.42,5138819.98,706015.18,5138812.03,705990.49,5138817.99,318.95,,0,
kprcnn-nojitter-v1,Yakima-Toppenish_03_20260614,Yakima (arid),trained,1,1,4290,5730,0,0.06437,4290.0,5730.11,4303.34,5738.53,13.34,8.42,112.32,4299.27,5731.24,4294.07,5733.51,4298.95,5731.24,-5.3817,-1.8891,-6.1078,-4.4595,0.325,0.98,5.678,5.382,1.055,2.267,180.0,706017.82,5138882.27,706002.2,5138875.47,706016.85,5138882.27,383.38,,0,
kprcnn-nojitter-v1,Yakima-Toppenish_03_20260614,Yakima (arid),trained,1,1,4290,5730,0,0.06136,4330.3,5764.36,4338.0,5771.61,7.7,7.25,55.88,4334.95,5765.51,4333.99,5769.8,4333.02,5766.83,-8.562,-7.9982,2.1161,-4.8147,2.334,7.0,4.393,3.119,1.408,2.992,214.4,706124.85,5138779.47,706121.96,5138766.61,706119.07,5138775.51,258.44,,0,
kprcnn-nojitter-v1,Yakima-Toppenish_03_20260614,Yakima (arid),trained,1,1,4290,5730,0,0.05308,4290.0,5732.37,4296.08,5739.77,6.08,7.4,45.01,4290.16,5733.82,4290.8,5733.82,4290.16,5733.82,-6.5133,-2.2447,-8.8216,-5.8599,0.0,0.0,0.64,0.64,1.0,0.0,0.0,705990.48,5138874.55,705992.4,5138874.55,705990.48,5138874.55,385.44,,0,
kprcnn-nojitter-v1,Yakima-Toppenish_03_20260614,Yakima (arid),trained,1,1,4320,5730,1,0.92165,4325.62,5754.94,4335.73,5769.51,10.11,14.57,147.34,4330.68,5759.08,4329.7,5761.07,4332.96,5767.03,-3.135,1.0235,2.0032,-0.0361,8.27,24.81,2.215,6.796,0.326,1.489,286.0,706112.03,5138798.76,706109.1,5138792.8,706118.88,5138774.92,284.49,,0,
kprcnn-nojitter-v1,Yakima-Toppenish_03_20260614,Yakima (arid),trained,1,1,7050,5730,1,0.06008,7064.62,5740.78,7075.5,5750.84,10.88,10.06,109.37,7073.36,5749.05,7070.06,5745.16,7073.03,5748.73,-3.2937,-0.1586,-6.1651,-3.2058,0.462,1.39,5.101,4.64,1.099,0.462,135.5,714340.07,5138828.84,714330.19,5138840.52,714339.09,5138829.82,5465.48,,0,
kprcnn-nojitter-v1,Yakima-Toppenish_03_20260614,Yakima (arid),trained,1,1,7080,5730,1,0.0683,7080.03,5756.74,7088.94,5771.49,8.9,14.75,131.34,7081.52,5760.84,7084.49,5764.77,7081.52,5760.84,-1.5903,-2.6664,-5.3625,-3.2064,0.0,0.0,4.928,4.928,1.0,0.0,0.0,714364.56,5138793.48,714373.46,5138781.68,714364.56,5138793.48,5536.1,,0,
kprcnn-nojitter-v1,Yakima-Toppenish_03_20260614,Yakima (arid),trained,1,1,4290,5760,1,0.14791,4324.92,5760.0,4336.05,5769.61,11.12,9.61,106.87,4329.67,5760.17,4330.32,5762.82,4333.92,5766.46,-3.9312,-0.5864,2.0768,-0.8136,7.596,22.79,2.73,5.122,0.533,0.942,304.1,706109.0,5138795.5,706110.97,5138787.55,706121.77,5138776.62,279.22,,0,
kprcnn-nojitter-v1,Yakima-Toppenish_03_20260614,Yakima (arid),trained,1,1,4290,5760,0,0.07132,4330.62,5762.09,4336.87,5770.46,6.26,8.37,52.36,4330.78,5762.25,4331.11,5763.22,4333.09,5766.76,-9.2288,-6.8139,1.7269,-4.7719,5.062,15.19,1.02,4.055,0.252,0.147,297.1,706112.35,5138789.24,706113.33,5138786.34,706119.26,5138775.72,278.01,,0,
kprcnn-nojitter-v1,Yakima-Toppenish_03_20260614,Yakima (arid),trained,1,1,4290,5760,0,0.06702,4327.46,5760.0,4335.29,5766.3,7.83,6.3,49.34,4329.25,5761.16,4330.56,5762.82,4333.17,5765.81,-2.7069,-1.0588,-0.0971,-1.2876,6.074,18.22,2.11,3.965,0.532,0.071,310.1,706107.76,5138792.52,706111.67,5138787.54,706119.5,5138778.58,279.21,,0,
kprcnn-nojitter-v1,Yakima-Toppenish_03_20260614,Yakima (arid),trained,1,1,4320,5760,1,0.13235,4326.06,5760.79,4336.02,5769.08,9.96,8.29,82.61,4330.21,5760.95,4330.21,5762.61,4332.87,5766.59,-4.6063,-1.3405,1.1138,-1.611,6.233,18.7,1.658,4.785,0.347,0.707,295.2,706110.63,5138793.15,706110.63,5138788.17,706118.6,5138776.23,279.84,,0,
kprcnn-nojitter-v1,Yakima-Toppenish_03_20260614,Yakima (arid),trained,1,1,4290,5790,1,0.60514,4325.01,5814.23,4334.14,5824.84,9.13,10.61,96.83,4331.04,5817.71,4329.08,5818.71,4331.04,5817.05,0.3302,-1.1955,-9.6196,-3.495,0.663,1.99,2.194,2.564,0.856,1.956,90.0,706113.12,5138622.87,706107.25,5138619.88,706113.12,5138624.86,111.68,,0,
kprcnn-nojitter-v1,Yakima-Toppenish_03_20260614,Yakima (arid),trained,1,1,4320,5790,1,0.17353,4320.06,5790.0,4324.64,5795.09,4.58,5.09,23.3,4320.88,5790.8,4320.55,5791.11,4322.84,5792.7,-1.1942,-7.6402,-2.9854,-3.9399,2.737,8.21,0.456,2.787,0.164,0.456,315.8,706082.64,5138703.61,706081.66,5138702.66,706088.52,5138697.89,196.78,,0,
kprcnn-nojitter-v1,Yakima-Toppenish_03_20260614,Yakima (arid),trained,1,1,4320,5790,0,0.08637,4323.84,5814.39,4333.59,5823.34,9.75,8.95,87.27,4331.48,5817.87,4329.2,5818.53,4325.63,5818.53,0.556,-1.0255,-8.5806,-3.0167,5.889,17.67,2.37,3.576,0.663,0.402,186.5,706114.44,5138622.39,706107.61,5138620.41,706096.88,5138620.41,112.18,,0,
kprcnn-nojitter-v1,Yakima-Toppenish_03_20260614,Yakima (arid),trained,1,1,4320,5790,0,0.07848,4320.0,5790.0,4325.2,5791.64,5.2,1.64,8.51,4320.81,5790.49,4321.46,5790.49,4323.41,5791.15,-1.2334,-7.3671,-7.1896,-5.2634,2.68,8.04,0.65,2.056,0.316,0.159,345.8,706082.44,5138704.53,706084.38,5138704.53,706090.23,5138702.56,198.21,,0,
kprcnn-nojitter-v1,Yakima-Toppenish_03_20260614,Yakima (arid),trained,1,1,4350,5790,1,0.22929,4365.79,5819.15,4376.43,5828.51,10.64,9.36,99.6,4369.28,5821.24,4371.61,5823.83,4374.94,5826.09,0.1075,2.2128,-4.2533,-0.6443,7.443,22.33,3.476,4.02,0.865,0.447,319.4,706227.85,5138612.27,706234.83,5138604.52,706244.81,5138597.74,155.51,,0,
kprcnn-nojitter-v1,Yakima-Toppenish_03_20260614,Yakima (arid),trained,1,1,4350,5790,0,0.07504,4387.24,5824.44,4397.71,5837.08,10.46,12.64,132.27,4391.33,5834.92,4391.66,5829.6,4395.91,5827.93,-0.0214,-3.1366,-2.0058,-1.7213,8.352,25.06,5.333,4.565,1.168,2.644,56.8,706293.99,5138571.24,706294.97,5138587.21,706307.72,5138592.2,198.66,,0,
kprcnn-nojitter-v1,Yakima-Toppenish_03_20260614,Yakima (arid),trained,1,1,4380,5790,1,0.26323,4403.41,5819.78,4414.2,5832.47,10.8,12.7,137.06,4412.08,5823.85,4409.46,5825.8,4405.86,5830.03,-5.6796,2.1229,0.8049,-0.9173,8.769,26.31,3.266,5.555,0.588,0.462,224.9,706356.23,5138604.46,706348.38,5138598.6,706337.58,5138585.91,252.43,,0,
kprcnn-nojitter-v1,Yakima-Toppenish_03_20260614,Yakima (arid),trained,1,1,4380,5790,0,0.10753,4403.53,5828.66,4417.28,5838.0,13.75,9.34,128.43,4412.21,5833.65,4409.26,5833.65,4405.99,5830.75,-3.9037,0.2959,-0.9413,-1.5164,6.863,20.59,2.947,4.373,0.674,1.244,155.0,706356.62,5138575.04,706347.78,5138575.04,706337.96,5138583.74,244.42,,0,
kprcnn-nojitter-v1,Yakima-Toppenish_03_20260614,Yakima (arid),trained,1,1,7110,5790,1,0.19356,7120.67,5817.15,7132.13,5828.91,11.45,11.76,134.73,7124.44,5819.27,7126.73,5822.21,7131.31,5827.77,0.8432,1.4578,-2.5713,-0.0901,10.927,32.78,3.728,7.2,0.518,0.069,309.0,714493.31,5138618.19,714500.18,5138609.37,714513.93,5138592.7,5743.21,,0,
kprcnn-nojitter-v1,Yakima-Toppenish_03_20260614,Yakima (arid),trained,1,1,7110,5790,0,0.17943,7152.06,5810.87,7158.0,5818.48,5.94,7.6,45.16,7156.19,5812.36,7155.86,5813.35,7154.21,5811.04,-7.0624,0.1414,-5.0138,-3.9783,2.381,7.14,1.045,2.842,0.368,1.008,146.3,714588.56,5138638.92,714587.57,5138635.95,714582.62,5138642.89,5794.26,,0,
kprcnn-nojitter-v1,Yakima-Toppenish_03_20260614,Yakima (arid),trained,1,1,7140,5790,1,0.35943,7151.68,5809.59,7163.63,5818.25,11.94,8.65,103.37,7158.15,5811.43,7157.49,5813.09,7154.17,5809.76,-7.0288,0.5302,-4.4471,-3.6486,4.315,12.95,1.792,4.7,0.381,1.792,157.3,714594.46,5138641.72,714592.47,5138636.73,714582.51,5138646.72,5797.59,,0,
kprcnn-nojitter-v1,Yakima-Toppenish_03_20260614,Yakima (arid),trained,1,1,7140,5790,0,0.14721,7166.57,5817.07,7180.96,5830.46,14.39,13.39,192.65,7178.18,5825.07,7174.58,5824.42,7169.68,5827.68,-8.067,-1.4835,1.8026,-2.5826,8.896,26.69,3.656,5.893,0.62,1.681,197.1,714654.54,5138600.79,714643.75,5138602.75,714629.03,5138592.95,5858.87,,0,
kprcnn-nojitter-v1,Yakima-Toppenish_03_20260614,Yakima (arid),trained,1,1,7170,5790,1,0.10427,7170.0,5820.19,7178.12,5830.14,8.12,9.96,80.89,7171.46,5826.66,7174.39,5824.34,7171.14,5827.32,-5.4622,-1.8493,-1.8826,-3.0647,0.739,2.22,3.735,4.414,0.846,1.605,243.9,714634.39,5138596.02,714643.16,5138602.99,714633.41,5138594.03,5858.26,,0,
kprcnn-nojitter-v1,Yakima-Toppenish_03_20260614,Yakima (arid),trained,1,1,4260,5820,1,0.08504,4300.55,5847.82,4308.0,5857.42,7.45,9.6,71.57,4306.54,5849.97,4305.89,5852.62,4305.57,5857.25,-4.1894,1.7607,-8.3125,-3.5804,7.35,22.05,2.728,4.648,0.587,0.292,262.4,706039.63,5138526.1,706037.68,5138518.15,706036.71,5138504.24,75.6,,0,
kprcnn-nojitter-v1,Yakima-Toppenish_03_20260614,Yakima (arid),trained,1,1,4290,5820,1,0.89898,4326.42,5848.99,4334.32,5863.33,7.9,14.34,113.25,4330.21,5851.43,4330.21,5855.02,4330.86,5860.88,2.4534,6.1653,1.7377,3.4521,9.474,28.42,3.585,5.903,0.607,0.249,274.0,706110.62,5138521.71,706110.62,5138510.95,706112.59,5138493.35,3.31,5,1,0.959
kprcnn-nojitter-v1,Yakima-Toppenish_03_20260614,Yakima (arid),trained,1,1,4290,5820,0,0.243,4302.33,5861.48,4320.78,5867.88,18.44,6.41,118.14,4305.46,5865.16,4312.38,5864.2,4317.65,5863.56,0.9795,-1.1743,-5.8017,-1.9988,12.29,36.87,6.983,5.308,1.315,0.051,7.5,706036.38,5138480.52,706057.13,5138483.4,706072.94,5138485.32,60.85,,0,
kprcnn-nojitter-v1,Yakima-Toppenish_03_20260614,Yakima (arid),trained,1,1,4290,5820,0,0.05945,4329.48,5847.86,4335.1,5862.32,5.62,14.46,81.24,4330.64,5851.97,4330.97,5854.93,4330.97,5859.86,0.8624,4.9777,1.6415,2.4939,7.893,23.68,2.976,4.929,0.604,0.206,272.4,706111.91,5138520.09,706112.9,5138511.22,706112.9,5138496.43,2.9,5,1,0.704
kprcnn-nojitter-v1,Yakima-Toppenish_03_20260614,Yakima (arid),trained,1,1,4320,5820,1,0.71397,4327.57,5849.14,4333.86,5862.43,6.29,13.29,83.63,4330.38,5851.63,4330.72,5855.29,4330.72,5860.27,1.5968,5.3087,2.4117,3.1057,8.643,25.93,3.669,4.983,0.736,0.191,272.2,706111.15,5138521.1,706112.15,5138510.14,706112.15,5138495.19,1.87,5,1,0.683
kprcnn-nojitter-v1,Yakima-Toppenish_03_20260614,Yakima (arid),trained,1,1,4320,5820,0,0.69242,4347.92,5835.91,4364.63,5847.53,16.71,11.62,194.11,4363.16,5846.37,4356.28,5842.39,4353.0,5836.08,-1.2101,5.1122,-6.4012,-0.8331,14.458,43.37,7.95,7.107,1.119,2.099,134.6,706209.47,5138536.89,706188.83,5138548.84,706179.0,5138567.76,86.29,,0,
kprcnn-nojitter-v1,Yakima-Toppenish_03_20260614,Yakima (arid),trained,1,1,4320,5820,0,0.0873,4350.93,5826.2,4361.11,5852.69,10.18,26.49,269.77,4358.98,5848.22,4356.68,5842.59,4351.09,5852.53,0.362,5.4091,-4.6178,0.3845,8.983,26.95,6.081,11.396,0.534,6.043,208.6,706196.93,5138531.34,706190.03,5138548.23,706173.28,5138518.42,87.07,,0,
kprcnn-nojitter-v1,Yakima-Toppenish_03_20260614,Yakima (arid),trained,1,1,4320,5820,0,0.07697,4324.91,5846.94,4336.27,5862.43,11.37,15.49,176.04,4330.26,5851.39,4330.91,5855.01,4330.59,5859.95,0.1739,5.3109,1.2319,2.2389,8.575,25.72,3.683,4.954,0.743,0.512,272.2,706110.79,5138521.84,706112.74,5138510.97,706111.77,5138496.14,2.63,5,1,0.944
kprcnn-nojitter-v1,Yakima-Toppenish_03_20260614,Yakima (arid),trained,1,1,4320,5820,0,0.06625,4340.89,5832.82,4366.57,5851.41,25.68,18.58,477.24,4362.12,5846.6,4356.52,5842.94,4348.95,5848.59,0.1102,3.7771,-3.6454,0.0806,13.319,39.96,6.682,9.443,0.708,4.446,188.6,706206.36,5138536.21,706189.57,5138547.17,706166.85,5138530.24,86.18,,0,
kprcnn-nojitter-v1,Yakima-Toppenish_03_20260614,Yakima (arid),trained,1,1,4350,5820,1,0.73913,4350.08,5833.67,4362.97,5848.61,12.89,14.95,192.65,4361.82,5846.12,4356.53,5842.47,4352.23,5836.49,-1.1921,4.8221,-4.9435,-0.4378,13.588,40.76,6.427,7.362,0.873,1.171,134.9,706205.45,5138537.63,706189.58,5138548.59,706176.69,5138566.52,86.84,,0,
kprcnn-nojitter-v1,Yakima-Toppenish_03_20260614,Yakima (arid),trained,1,1,4350,5820,0,0.36889,4350.04,5838.22,4361.53,5845.87,11.49,7.66,87.97,4351.85,5843.38,4356.44,5842.38,4351.85,5838.38,-2.4169,3.6857,-5.4774,-1.4029,4.995,14.98,4.702,6.089,0.772,4.594,90.0,706175.55,5138545.87,706189.33,5138548.87,706175.55,5138560.85,86.74,,0,
kprcnn-nojitter-v1,Yakima-Toppenish_03_20260614,Yakima (arid),trained,1,1,4350,5820,0,0.30335,4366.5,5820.0,4375.95,5827.61,9.45,7.61,71.97,4369.27,5821.49,4371.55,5823.81,4375.79,5826.12,0.5473,1.5514,-6.0729,-1.3247,7.999,24.0,3.252,4.83,0.673,0.567,324.6,706227.81,5138611.53,706234.66,5138604.58,706247.37,5138597.63,155.41,,0,
kprcnn-nojitter-v1,Yakima-Toppenish_03_20260614,Yakima (arid),trained,1,1,4350,5820,0,0.25032,4350.24,5842.86,4362.03,5849.84,11.79,6.98,82.31,4359.9,5848.01,4356.63,5843.69,4352.37,5847.01,-0.2888,-0.2,-5.0643,-1.851,7.595,22.79,5.423,5.401,1.004,3.856,172.5,706199.7,5138531.97,706189.88,5138544.94,706177.11,5138534.96,85.47,,0,
kprcnn-nojitter-v1,Yakima-Toppenish_03_20260614,Yakima (arid),trained,1,1,4350,5820,0,0.20102,4365.58,5820.03,4374.09,5823.82,8.51,3.79,32.27,4369.02,5821.46,4371.31,5823.03,4368.69,5820.82,0.0868,-1.498,-8.4968,-3.3027,0.712,2.13,2.784,3.428,0.812,1.308,117.4,706227.06,5138611.63,706233.93,5138606.9,706226.07,5138613.53,156.29,,0,
kprcnn-nojitter-v1,Yakima-Toppenish_03_20260614,Yakima (arid),trained,1,1,4350,5820,0,0.16918,4350.56,5838.66,4362.47,5853.07,11.91,14.41,171.57,4360.32,5847.34,4356.35,5842.43,4351.39,5851.93,-0.129,3.757,-1.8764,0.5839,10.039,30.12,6.315,10.715,0.589,6.183,207.2,706200.97,5138533.97,706189.06,5138548.71,706174.17,5138520.22,86.43,,0,
kprcnn-nojitter-v1,Yakima-Toppenish_03_20260614,Yakima (arid),trained,1,1,4350,5820,0,0.0802,4391.62,5861.95,4398.0,5868.0,6.38,6.05,38.63,4395.93,5865.61,4394.97,5864.65,4392.74,5865.29,1.9258,-6.9532,-5.7414,-3.5896,3.206,9.62,1.353,2.322,0.583,0.856,174.3,706307.78,5138479.17,706304.91,5138482.04,706298.21,5138480.13,194.06,,0,
kprcnn-nojitter-v1,Yakima-Toppenish_03_20260614,Yakima (arid),trained,1,1,4350,5820,0,0.06878,4363.89,5820.02,4374.66,5821.04,10.77,1.02,10.98,4368.95,5820.92,4370.26,5820.66,4368.3,5820.41,-0.6123,-6.8939,-8.2312,-5.2458,0.828,2.48,1.33,1.975,0.674,1.004,142.0,706226.85,5138613.25,706230.77,5138614.02,706224.89,5138614.78,158.5,,0,
kprcnn-nojitter-v1,Yakima-Toppenish_03_20260614,Yakima (arid),trained,1,1,4380,5820,1,0.10069,4403.06,5820.53,4414.49,5833.26,11.43,12.73,145.44,4412.37,5823.63,4409.43,5825.91,4406.49,5829.83,-5.2409,0.876,-0.4336,-1.5995,8.543,25.63,3.722,4.896,0.76,0.561,226.5,706357.11,5138605.11,706348.29,5138598.26,706339.47,5138586.51,252.23,,0,
kprcnn-nojitter-v1,Yakima-Toppenish_03_20260614,Yakima (arid),trained,1,1,4380,5820,0,0.0581,4404.43,5821.73,4411.83,5830.26,7.4,8.53,63.1,4411.34,5824.52,4409.41,5825.5,4406.52,5828.79,-4.7065,0.2583,-0.4291,-1.6258,6.439,19.32,2.166,4.375,0.495,0.541,221.5,706354.03,5138602.44,706348.24,5138599.49,706339.56,5138589.64,252.62,,0,
kprcnn-nojitter-v1,Yakima-Toppenish_03_20260614,Yakima (arid),trained,1,1,4410,5820,1,0.10149,4410.02,5820.0,4414.39,5831.45,4.37,11.45,50.01,4411.43,5824.42,4410.49,5825.73,4411.43,5831.29,-2.3679,-1.1759,-5.4766,-3.0068,6.871,20.61,1.609,5.64,0.285,0.936,270.0,706354.28,5138602.75,706351.47,5138598.82,706354.28,5138582.14,255.4,,0,
kprcnn-nojitter-v1,Yakima-Toppenish_03_20260614,Yakima (arid),trained,1,1,4410,5820,0,0.07431,4410.0,5822.76,4414.02,5828.32,4.02,5.56,22.35,4411.08,5824.56,4410.46,5825.87,4412.63,5823.9,-2.1146,-1.4808,-7.8735,-3.823,1.679,5.04,1.446,2.921,0.495,0.963,22.9,706353.25,5138602.33,706351.39,5138598.4,706357.89,5138604.29,255.18,,0,
kprcnn-nojitter-v1,Yakima-Toppenish_03_20260614,Yakima (arid),trained,1,1,4410,5820,0,0.0671,4410.0,5847.98,4413.93,5855.12,3.93,7.14,28.07,4410.82,5850.42,4411.8,5852.04,4412.46,5850.09,1.9408,-7.1486,-9.6576,-4.9551,1.669,5.01,1.897,2.055,0.923,1.783,11.2,706352.46,5138524.75,706355.4,5138519.88,706357.37,5138525.73,243.04,,0,
kprcnn-nojitter-v1,Yakima-Toppenish_03_20260614,Yakima (arid),trained,1,1,7110,5820,1,0.12054,7123.09,5820.0,7133.87,5831.38,10.78,11.38,122.68,7125.54,5820.16,7127.17,5822.76,7131.75,5828.29,-2.2811,-0.9515,-0.2203,-1.151,10.227,30.68,3.071,7.174,0.428,0.28,307.4,714496.62,5138615.51,714501.52,5138607.71,714515.24,5138591.13,5745.3,,0,
kprcnn-nojitter-v1,Yakima-Toppenish_03_20260614,Yakima (arid),trained,1,1,7140,5820,1,0.25097,7165.81,5821.18,7180.9,5829.04,15.09,7.86,118.61,7176.8,5824.62,7174.83,5824.94,7168.93,5827.24,-7.5549,-1.5333,1.9821,-2.3687,8.297,24.89,1.995,6.333,0.315,0.311,198.4,714650.39,5138602.15,714644.49,5138601.17,714626.78,5138594.29,5860.43,,0,
kprcnn-nojitter-v1,Yakima-Toppenish_03_20260614,Yakima (arid),trained,1,1,7170,5820,1,0.18342,7170.0,5822.27,7176.92,5829.84,6.92,7.58,52.42,7171.15,5826.06,7174.12,5824.74,7171.15,5827.37,-6.0916,-3.5614,-0.7037,-3.4522,1.318,3.95,3.245,3.967,0.818,2.965,270.0,714633.46,5138597.83,714642.35,5138601.79,714633.46,5138593.88,5858.38,,0,
kprcnn-nojitter-v1,Yakima-Toppenish_03_20260614,Yakima (arid),trained,1,1,7170,5820,0,0.11243,7170.01,5820.0,7173.43,5829.56,3.42,9.56,32.72,7172.04,5826.76,7172.04,5826.43,7170.79,5827.75,-2.0996,-7.8594,-0.519,-3.4927,1.589,4.77,0.33,1.813,0.182,0.258,218.5,714636.11,5138595.72,714636.11,5138596.71,714632.37,5138592.75,5856.68,,0,
kprcnn-nojitter-v1,Yakima-Toppenish_03_20260614,Yakima (arid),trained,1,1,7170,5820,0,0.06699,7170.0,5820.12,7171.71,5830.52,1.71,10.41,17.8,7171.57,5826.78,7171.0,5825.48,7170.43,5827.43,-4.7611,-9.015,-1.2779,-5.018,1.313,3.94,1.42,2.033,0.699,1.412,209.7,714634.7,5138595.65,714632.99,5138599.55,714631.28,5138593.7,5852.47,,0,
kprcnn-nojitter-v1,Yakima-Toppenish_03_20260614,Yakima (arid),trained,1,1,4290,5850,1,0.66222,4326.55,5850.0,4333.41,5862.56,6.87,12.56,86.27,4330.31,5852.15,4330.31,5855.45,4330.63,5860.41,3.4335,5.1741,1.6059,3.4045,8.27,24.81,3.305,4.969,0.665,0.131,272.3,706110.92,5138519.55,706110.92,5138509.64,706111.9,5138494.76,2.16,5,1,0.598
kprcnn-nojitter-v1,Yakima-Toppenish_03_20260614,Yakima (arid),trained,1,1,4290,5850,0,0.14018,4326.55,5850.0,4335.08,5854.68,8.53,4.68,39.9,4329.99,5851.71,4330.65,5854.21,4330.65,5854.52,1.5149,-1.8988,-8.7707,-3.0515,2.882,8.65,2.579,0.312,8.272,0.071,283.2,706109.97,5138520.86,706111.94,5138513.37,706111.94,5138512.44,5.08,5,1,2.882
kprcnn-nojitter-v1,Yakima-Toppenish_03_20260614,Yakima (arid),trained,1,1,4290,5850,0,0.06868,4314.59,5893.25,4330.99,5898.0,16.39,4.75,77.89,4317.38,5895.62,4322.95,5896.26,4327.54,5896.26,1.6793,-1.8333,-3.054,-1.0693,10.183,30.55,5.609,4.59,1.222,0.286,356.4,706072.14,5138389.13,706088.86,5138387.23,706102.63,5138387.23,84.52,,0,
kprcnn-nojitter-v1,Yakima-Toppenish_03_20260614,Yakima (arid),trained,1,1,4320,5850,1,0.96631,4327.73,5850.0,4334.8,5862.87,7.07,12.87,90.99,4330.14,5852.15,4330.79,5855.45,4330.79,5860.73,3.1892,4.5752,2.4573,3.4072,8.605,25.82,3.363,5.281,0.637,0.394,274.3,706110.43,5138519.56,706112.36,5138509.66,706112.36,5138493.82,1.36,5,1,0.539
kprcnn-nojitter-v1,Yakima-Toppenish_03_20260614,Yakima (arid),trained,1,1,4320,5850,0,0.35216,4326.72,5850.0,4331.37,5863.75,4.64,13.75,63.84,4329.87,5852.13,4330.2,5855.4,4330.54,5860.31,2.7937,3.6833,0.8747,2.4506,8.212,24.64,3.291,4.922,0.669,0.066,274.6,706109.62,5138519.62,706110.61,5138509.79,706111.61,5138495.06,2.5,5,1,0.791
kprcnn-nojitter-v1,Yakima-Toppenish_03_20260614,Yakima (arid),trained,1,1,4320,5850,0,0.13535,4323.01,5850.0,4333.71,5864.71,10.69,14.71,157.33,4330.3,5852.45,4330.3,5855.07,4330.63,5860.3,1.6369,2.2171,1.2053,1.6864,7.855,23.56,2.616,5.242,0.499,0.108,272.4,706110.91,5138518.64,706110.91,5138510.79,706111.88,5138495.1,3.01,5,1,0.645
kprcnn-nojitter-v1,Yakima-Toppenish_03_20260614,Yakima (arid),trained,1,1,4320,5850,0,0.06983,4323.87,5850.0,4335.34,5853.68,11.47,3.68,42.25,4330.26,5851.38,4330.59,5853.22,4329.93,5852.61,1.4695,-7.3021,-9.0836,-4.9721,1.271,3.81,1.871,0.898,2.083,0.791,255.1,706110.77,5138521.86,706111.76,5138516.33,706109.79,5138518.17,8.04,5,1,3.928
kprcnn-nojitter-v1,Yakima-Toppenish_03_20260614,Yakima (arid),trained,1,1,4350,5850,1,0.13689,4350.11,5850.0,4363.66,5852.48,13.55,2.48,33.55,4358.2,5851.08,4354.57,5850.77,4361.18,5851.08,-5.2672,-2.9586,-0.1238,-2.7832,2.974,8.92,3.648,6.615,0.551,0.31,0.0,706194.61,5138522.75,706183.71,5138523.68,706203.53,5138522.75,72.71,,0,
kprcnn-nojitter-v1,Yakima-Toppenish_03_20260614,Yakima (arid),trained,1,1,4350,5850,0,0.05362,4350.0,5850.04,4359.94,5850.84,9.94,0.79,7.9,4357.78,5850.44,4354.14,5850.44,4351.49,5850.7,-4.3263,-3.6475,-1.2368,-3.0702,6.299,18.9,3.644,2.663,1.368,0.153,182.4,706193.35,5138524.68,706182.42,5138524.68,706174.47,5138523.89,71.67,,0,
kprcnn-nojitter-v1,Yakima-Toppenish_03_20260614,Yakima (arid),trained,1,1,4410,5850,1,0.07288,4410.01,5850.0,4413.94,5854.12,3.93,4.12,16.19,4411.15,5850.79,4412.46,5852.06,4410.83,5852.06,1.0189,-6.9877,-8.3237,-4.7642,1.31,3.93,1.823,1.637,1.114,1.585,255.5,706353.46,5138523.62,706357.39,5138519.82,706352.48,5138519.82,245.02,,0,
kprcnn-nojitter-v1,Yakima-Toppenish_03_20260614,Yakima (arid),trained,1,1,4260,5880,1,0.4928,4296.76,5894.96,4305.71,5911.84,8.95,16.88,151.11,4298.59,5907.37,4300.91,5903.07,4303.89,5906.71,-1.6022,4.8488,-6.9573,-1.2369,5.346,16.04,4.889,4.708,1.039,3.983,7.1,706015.76,5138353.89,706022.72,5138366.8,706031.67,5138355.88,114.55,,0,
kprcnn-nojitter-v1,Yakima-Toppenish_03_20260614,Yakima (arid),trained,1,1,4260,5880,0,0.39127,4297.11,5904.3,4305.5,5919.96,8.39,15.66,131.45,4298.56,5908.13,4301.14,5911.8,4303.08,5917.13,-1.6015,2.7552,-5.8244,-1.5569,10.069,30.21,4.484,5.673,0.79,0.662,296.7,706015.68,5138351.61,706023.43,5138340.61,706029.24,5138324.61,103.25,,0,
kprcnn-nojitter-v1,Yakima-Toppenish_03_20260614,Yakima (arid),trained,1,1,4260,5880,0,0.12899,4296.55,5886.3,4305.86,5927.47,9.3,41.17,382.91,4298.71,5909.04,4301.04,5906.06,4303.03,5886.47,-3.1411,4.4906,-6.132,-1.5942,22.984,68.95,3.786,19.688,0.192,1.723,79.2,706016.14,5138348.87,706023.11,5138357.83,706029.09,5138416.59,109.97,,0,
kprcnn-nojitter-v1,Yakima-Toppenish_03_20260614,Yakima (arid),trained,1,1,4260,5880,0,0.0619,4300.51,5896.63,4305.15,5909.41,4.64,12.77,59.29,4303.0,5906.29,4301.34,5902.69,4300.68,5909.24,-3.6312,1.4751,-6.9919,-3.0493,3.751,11.25,3.965,6.583,0.602,3.531,231.8,706028.99,5138357.12,706024.02,5138367.92,706022.03,5138348.27,113.99,,0,
kprcnn-nojitter-v1,Yakima-Toppenish_03_20260614,Yakima (arid),trained,1,1,4290,5880,1,0.79106,4296.92,5902.64,4305.62,5919.14,8.7,16.5,143.57,4298.7,5907.42,4300.95,5911.38,4304.17,5908.08,-2.8115,2.8891,-5.5271,-1.8165,5.517,16.55,4.558,4.613,0.988,3.663,353.1,706016.09,5138353.73,706022.85,5138341.85,706032.52,5138351.75,104.18,,0,
kprcnn-nojitter-v1,Yakima-Toppenish_03_20260614,Yakima (arid),trained,1,1,4290,5880,0,0.60239,4330.2,5915.71,4336.42,5928.0,6.23,12.29,76.56,4332.98,5917.87,4333.31,5922.19,4332.98,5926.84,2.4478,2.3139,-1.5589,1.0676,8.97,26.91,4.331,4.663,0.929,0.328,270.0,706118.95,5138322.4,706119.93,5138309.44,706118.95,5138295.49,1.92,6,1,1.463
kprcnn-nojitter-v1,Yakima-Toppenish_03_20260614,Yakima (arid),trained,1,1,4290,5880,0,0.30583,4297.0,5895.11,4305.75,5911.2,8.75,16.08,140.74,4298.46,5906.77,4301.05,5902.83,4304.29,5905.13,-2.6818,4.6572,-5.3965,-1.1404,6.06,18.18,4.716,3.973,1.187,3.09,15.7,706015.37,5138355.7,706023.14,5138367.51,706032.87,5138360.62,114.54,,0,
kprcnn-nojitter-v1,Yakima-Toppenish_03_20260614,Yakima (arid),trained,1,1,4290,5880,0,0.10938,4330.77,5924.19,4336.31,5928.0,5.54,3.81,21.09,4333.22,5927.52,4333.22,5924.35,4333.22,5926.89,-8.9349,-6.162,-1.0589,-5.3852,0.634,1.9,3.171,2.537,1.25,0.0,90.0,706119.65,5138293.43,706119.65,5138302.94,706119.65,5138295.33,6.83,6,1,4.906
kprcnn-nojitter-v1,Yakima-Toppenish_03_20260614,Yakima (arid),trained,1,1,4290,5880,0,0.10854,4313.74,5880.0,4335.33,5883.37,21.59,3.37,72.73,4332.18,5881.68,4325.2,5881.38,4317.89,5881.07,-3.734,-1.6523,-4.1532,-3.1798,14.297,42.89,6.982,7.314,0.955,0.007,177.5,706116.53,5138430.95,706095.6,5138431.87,706073.68,5138432.78,78.34,,0,
kprcnn-nojitter-v1,Yakima-Toppenish_03_20260614,Yakima (arid),trained,1,1,4320,5880,1,0.12767,4329.74,5915.73,4335.03,5928.0,5.29,12.27,64.92,4332.88,5917.89,4332.88,5922.2,4333.21,5926.18,2.4209,1.1703,-1.3804,0.7369,8.296,24.89,4.31,3.992,1.08,0.172,272.3,706118.63,5138322.34,706118.63,5138309.41,706119.62,5138297.47,3.22,6,1,1.828
kprcnn-nojitter-v1,Yakima-Toppenish_03_20260614,Yakima (arid),trained,1,1,4320,5880,0,0.06754,4320.0,5880.0,4336.1,5884.31,16.1,4.31,69.46,4321.48,5884.15,4325.42,5881.16,4320.16,5880.83,-5.2574,-2.8554,-4.9176,-4.3434,3.569,10.71,4.947,5.269,0.939,4.766,111.6,706084.44,5138423.56,706096.27,5138432.52,706080.49,5138433.51,77.57,,0,
kprcnn-nojitter-v1,Yakima-Toppenish_03_20260614,Yakima (arid),trained,1,1,7200,5880,1,0.05127,7230.54,5920.32,7241.79,5928.0,11.25,7.68,86.38,7232.69,5925.6,7236.99,5923.36,7232.36,5924.64,-0.3961,-3.2742,-7.6329,-3.7677,1.015,3.05,4.85,4.806,1.009,4.797,109.0,714818.06,5138299.2,714830.97,5138305.91,714817.07,5138302.08,6191.51,,0,
kprcnn-nojitter-v1,Yakima-Toppenish_03_20260614,Yakima (arid),trained,1,1,7230,5880,1,0.05199,7230.52,5921.41,7241.97,5927.91,11.45,6.5,74.46,7232.32,5925.47,7236.58,5923.52,7231.67,5924.17,-0.9364,-5.4812,-5.8749,-4.0975,1.456,4.37,4.679,4.95,0.945,4.676,116.7,714816.97,5138299.58,714829.73,5138305.43,714815.01,5138303.48,6190.86,,0,
kprcnn-nojitter-v1,Yakima-Toppenish_03_20260614,Yakima (arid),trained,1,1,4290,5910,1,0.53971,4330.46,5915.14,4336.31,5933.02,5.85,17.88,104.62,4333.22,5918.29,4333.22,5922.26,4333.22,5929.88,3.1255,3.0595,3.3266,3.1706,11.591,34.77,3.974,7.617,0.522,0.0,270.0,706119.66,5138321.14,706119.66,5138309.22,706119.66,5138286.37,2.2,6,1,0.722
kprcnn-nojitter-v1,Yakima-Toppenish_03_20260614,Yakima (arid),trained,1,1,4290,5910,0,0.32424,4330.84,5927.4,4337.42,5936.34,6.58,8.95,58.85,4333.63,5936.18,4335.61,5932.2,4333.3,5929.22,-9.4984,-8.7294,1.8994,-5.4428,6.966,20.9,4.439,3.767,1.178,2.159,92.7,706120.9,5138267.47,706126.82,5138279.4,706119.91,5138288.34,30.42,,0,
kprcnn-nojitter-v1,Yakima-Toppenish_03_20260614,Yakima (arid),trained,1,1,4290,5910,0,0.12257,4330.77,5921.9,4336.75,5930.22,5.98,8.32,49.73,4333.6,5922.07,4333.26,5923.06,4333.26,5928.72,-5.7655,-0.1835,1.354,-1.5317,6.66,19.98,1.052,5.654,0.186,0.282,267.1,706120.79,5138309.8,706119.79,5138306.81,706119.79,5138289.84,3.32,6,1,2.142
kprcnn-nojitter-v1,Yakima-Toppenish_03_20260614,Yakima (arid),trained,1,1,4320,5910,1,0.22612,4330.08,5916.57,4336.61,5931.97,6.53,15.4,100.51,4333.18,5918.05,4333.18,5921.98,4333.18,5929.52,0.8416,2.3675,3.5819,2.2637,11.466,34.4,3.931,7.535,0.522,0.0,270.0,706119.54,5138321.85,706119.54,5138310.06,706119.54,5138287.45,2.4,6,1,0.74
kprcnn-nojitter-v1,Yakima-Toppenish_03_20260614,Yakima (arid),trained,1,1,7200,5910,1,0.42793,7218.74,5935.98,7229.66,5947.54,10.92,11.56,126.32,7220.89,5938.46,7223.87,5941.76,7228.83,5947.38,1.1282,1.6425,-3.4006,-0.21,11.945,35.84,4.449,7.497,0.593,0.027,311.7,714782.66,5138260.62,714791.6,5138250.71,714806.5,5138233.86,6196.85,,0,
kprcnn-nojitter-v1,Yakima-Toppenish_03_20260614,Yakima (arid),trained,1,1,7230,5910,1,0.09271,7250.9,5916.4,7259.73,5932.1,8.83,15.7,138.68,7254.99,5917.87,7254.66,5925.07,7254.33,5917.87,-6.3012,-1.5053,-2.187,-3.3311,0.654,1.96,7.205,7.205,1.0,7.197,180.0,714884.96,5138322.39,714883.97,5138300.8,714882.99,5138322.39,6235.63,,0,
kprcnn-nojitter-v1,Yakima-Toppenish_03_20260614,Yakima (arid),trained,1,1,7230,5940,1,0.86956,7259.15,5966.71,7271.83,5982.11,12.68,15.4,195.36,7269.39,5979.0,7265.49,5975.39,7261.91,5970.81,2.0799,4.8913,1.8735,2.9482,11.094,33.28,5.313,5.818,0.913,0.452,132.4,714928.18,5138139.0,714916.47,5138149.82,714905.74,5138163.58,6357.34,,0,
kprcnn-nojitter-v1,Yakima-Toppenish_03_20260614,Yakima (arid),trained,1,1,7230,5940,0,0.14957,7248.11,5967.81,7265.04,5975.67,16.94,7.86,133.07,7250.93,5973.54,7254.91,5970.92,7262.22,5970.59,-5.8801,-5.343,3.8444,-2.4596,11.669,35.01,4.769,7.313,0.652,1.528,14.6,714872.78,5138155.39,714884.74,5138163.24,714906.66,5138164.23,6324.46,,0,
kprcnn-nojitter-v1,Yakima-Toppenish_03_20260614,Yakima (arid),trained,1,1,7230,5940,0,0.07027,7259.65,5967.74,7266.83,5980.04,7.18,12.3,88.38,7266.67,5977.55,7265.03,5975.22,7262.1,5969.9,-4.5397,1.2746,3.5762,0.1037,8.91,26.73,2.843,6.078,0.468,0.207,120.9,714920.0,5138143.36,714915.1,5138150.34,714906.29,5138166.3,6355.96,,0,
kprcnn-nojitter-v1,Yakima-Toppenish_03_20260614,Yakima (arid),trained,1,1,7230,5970,1,0.60683,7260.02,5970.15,7272.19,5982.02,12.17,11.88,144.53,7269.73,5979.55,7265.78,5975.92,7262.16,5970.97,2.5212,3.1326,-0.2369,1.8057,11.437,34.31,5.362,6.13,0.875,0.56,131.4,714929.18,5138137.36,714917.34,5138148.25,714906.49,5138163.09,6359.02,,0,
kprcnn-nojitter-v1,Yakima-Toppenish_03_20260614,Yakima (arid),trained,1,1,7230,5970,0,0.17149,7244.89,5970.0,7264.96,5973.18,20.07,3.18,63.92,7249.33,5972.39,7255.25,5971.11,7261.5,5971.11,-7.0783,0.9998,1.6537,-1.4749,12.241,36.72,6.058,6.252,0.969,0.651,6.0,714867.99,5138158.83,714885.75,5138162.66,714904.51,5138162.66,6325.61,,0,
kprcnn-nojitter-v1,Yakima-Toppenish_03_20260614,Yakima (arid),trained,1,1,7230,5970,0,0.15519,7248.98,5970.0,7275.2,5980.78,26.22,10.78,282.63,7269.06,5978.66,7265.74,5975.72,7262.09,5971.14,0.8146,0.7072,-1.1977,0.1081,10.248,30.74,4.434,5.852,0.758,0.434,132.9,714927.18,5138140.03,714917.22,5138148.85,714906.27,5138162.57,6358.53,,0,
kprcnn-nojitter-v1,Yakima-Toppenish_03_20260614,Yakima (arid),trained,1,1,7230,5970,0,0.10089,7255.3,5970.0,7265.3,5974.03,10.0,4.03,40.3,7255.47,5971.09,7256.13,5971.09,7262.13,5970.78,-7.6997,-5.8131,0.9661,-4.1822,6.673,20.02,0.667,6.007,0.111,0.031,2.7,714886.4,5138162.74,714888.4,5138162.74,714906.4,5138163.67,6327.57,,0,
kprcnn-nojitter-v1,Yakima-Toppenish_03_20260614,Yakima (arid),trained,1,1,7230,5970,0,0.0939,7270.98,5993.13,7278.0,6003.13,7.02,9.99,70.16,7274.97,6000.63,7276.24,5997.3,7273.05,6001.29,-8.4391,-5.1784,0.5725,-4.3483,2.027,6.08,3.567,5.115,0.697,2.727,199.2,714944.91,5138074.11,714948.73,5138084.11,714939.16,5138072.12,6424.51,,0,
kprcnn-nojitter-v1,Yakima-Toppenish_03_20260614,Yakima (arid),trained,1,1,7230,5970,0,0.05769,7257.64,5970.0,7268.08,5976.92,10.44,6.92,72.26,7267.59,5976.76,7265.31,5975.44,7262.04,5971.15,-3.6849,0.1398,1.0715,-0.8245,7.884,23.65,2.637,5.385,0.49,0.696,134.7,714922.77,5138145.73,714915.92,5138149.69,714906.13,5138162.54,6357.0,,0,
kprcnn-nojitter-v1,Yakima-Toppenish_03_20260614,Yakima (arid),trained,1,1,4320,6030,1,0.13713,4335.14,6030.0,4346.95,6035.55,11.81,5.55,65.53,4337.28,6032.77,4342.2,6031.14,4337.93,6034.41,0.2326,-1.3108,-7.5424,-2.8736,1.759,5.28,5.185,5.371,0.965,5.175,291.9,706131.83,5137977.68,706146.59,5137982.57,706133.79,5137972.78,327.77,,0,
kprcnn-nojitter-v1,Yakima-Toppenish_03_20260614,Yakima (arid),trained,1,1,4320,6030,0,0.12407,4336.07,6070.55,4342.62,6078.0,6.55,7.45,48.82,4339.18,6072.01,4339.51,6074.92,4338.52,6072.01,0.1285,-0.6462,-8.208,-2.9086,0.655,1.97,2.933,3.076,0.954,2.914,180.0,706137.54,5137859.97,706138.52,5137851.23,706135.57,5137859.97,458.48,,0,
kprcnn-nojitter-v1,Yakima-Toppenish_03_20260614,Yakima (arid),trained,1,1,4320,6030,0,0.08019,4337.65,6075.2,4342.65,6078.0,5.0,2.8,13.99,4340.3,6076.29,4339.05,6075.67,4339.99,6077.22,-0.712,-6.203,-8.3385,-5.0845,0.984,2.95,1.396,1.816,0.769,1.383,251.5,706140.91,5137847.13,706137.15,5137849.0,706139.97,5137844.33,460.67,,0,
kprcnn-nojitter-v1,Yakima-Toppenish_03_20260614,Yakima (arid),trained,1,1,4320,6060,1,0.07878,4334.63,6069.18,4342.28,6081.01,7.64,11.83,90.42,4339.12,6071.65,4339.12,6074.93,4340.12,6078.88,-0.1077,0.7141,-7.8059,-2.3998,7.299,21.9,3.286,4.068,0.808,0.449,277.9,706137.36,5137861.06,706137.36,5137851.2,706140.35,5137839.37,458.47,,0,
kprcnn-nojitter-v1,Yakima-Toppenish_03_20260614,Yakima (arid),trained,1,1,4320,6090,1,0.45728,4338.88,6117.99,4344.45,6137.68,5.58,19.69,109.78,4342.32,6131.94,4341.99,6128.66,4342.65,6121.44,-0.2111,4.2053,4.3662,2.7868,10.505,31.51,3.297,7.248,0.455,0.43,88.2,706146.96,5137680.19,706145.97,5137690.03,706147.94,5137711.68,619.85,,0,
kprcnn-nojitter-v1,Yakima-Toppenish_03_20260614,Yakima (arid),trained,1,1,4320,6090,0,0.30231,4338.16,6122.17,4347.62,6137.04,9.46,14.87,140.73,4342.24,6131.92,4342.56,6128.62,4342.89,6122.34,0.3975,3.9228,-1.0471,1.0911,9.604,28.81,3.32,6.286,0.528,0.101,86.1,706146.71,5137680.23,706147.69,5137690.15,706148.67,5137708.98,619.8,,0,
kprcnn-nojitter-v1,Yakima-Toppenish_03_20260614,Yakima (arid),trained,1,1,4320,6090,0,0.0865,4342.63,6117.14,4345.04,6138.0,2.41,20.86,50.27,4343.08,6131.87,4343.38,6128.89,4343.08,6121.28,-2.1434,2.5427,1.7196,0.7063,10.595,31.79,2.995,7.621,0.393,0.301,90.0,706149.23,5137680.38,706150.14,5137689.32,706149.23,5137712.16,620.74,,0,
kprcnn-nojitter-v1,Yakima-Toppenish_03_20260614,Yakima (arid),trained,1,1,4320,6120,1,0.4173,4340.25,6142.53,4358.6,6161.99,18.36,19.46,357.1,4343.36,6149.95,4348.93,6152.92,4355.16,6148.96,-1.0053,0.0555,-2.2209,-1.0569,11.841,35.52,6.313,7.378,0.856,3.423,4.8,706150.09,5137626.15,706166.8,5137617.25,706185.48,5137629.12,693.62,,0,
kprcnn-nojitter-v1,Yakima-Toppenish_03_20260614,Yakima (arid),trained,1,1,4320,6120,0,0.38186,4338.32,6121.6,4346.21,6137.03,7.88,15.43,121.69,4342.43,6132.27,4342.1,6128.99,4342.76,6122.09,0.5594,3.9124,-0.1588,1.4377,10.185,30.55,3.3,6.927,0.476,0.434,88.2,706147.29,5137679.19,706146.3,5137689.04,706148.27,5137709.73,620.85,,0,
kprcnn-nojitter-v1,Yakima-Toppenish_03_20260614,Yakima (arid),trained,1,1,4320,6120,0,0.24154,4360.43,6138.5,4368.0,6146.78,7.57,8.29,62.7,4365.86,6140.32,4363.56,6142.97,4365.86,6142.97,-10.1774,-9.0589,2.9848,-5.4172,2.651,7.95,3.512,2.303,1.525,2.303,270.0,706217.58,5137655.04,706210.67,5137647.08,706217.58,5137647.08,668.26,,0,
kprcnn-nojitter-v1,Yakima-Toppenish_03_20260614,Yakima (arid),trained,1,1,4320,6120,0,0.13986,4339.94,6134.38,4355.31,6147.19,15.37,12.8,196.73,4343.38,6141.77,4347.63,6140.79,4343.05,6141.44,-8.4726,0.1921,-3.5419,-3.9408,0.463,1.39,4.363,4.624,0.944,3.706,134.9,706150.13,5137650.69,706162.88,5137653.64,706149.15,5137651.67,657.05,,0,
kprcnn-nojitter-v1,Yakima-Toppenish_03_20260614,Yakima (arid),trained,1,1,4320,6120,0,0.09299,4340.46,6120.22,4346.45,6124.04,5.99,3.82,22.87,4344.29,6121.34,4344.62,6122.29,4342.62,6121.34,-9.3102,-9.851,1.167,-5.998,1.663,4.99,1.011,2.212,0.457,0.955,180.0,706152.86,5137711.99,706153.86,5137709.13,706147.87,5137711.99,601.14,,0,
kprcnn-nojitter-v1,Yakima-Toppenish_03_20260614,Yakima (arid),trained,1,1,4320,6150,1,0.08621,4325.62,6150.01,4345.59,6153.17,19.97,3.17,63.27,4342.1,6150.8,4337.44,6151.75,4330.78,6150.8,0.4693,-3.1634,-5.3598,-2.6847,11.319,33.96,4.757,6.726,0.707,0.95,180.0,706146.29,5137623.61,706132.31,5137620.76,706112.33,5137623.61,688.73,,0,
kprcnn-nojitter-v1,Yakima-Toppenish_03_20260614,Yakima (arid),trained,1,1,4320,6240,1,0.10542,4321.03,6279.84,4330.97,6287.68,9.95,7.84,77.99,4321.19,6285.56,4324.84,6285.23,4327.82,6281.31,-7.6541,-2.3009,-0.3513,-3.4354,7.874,23.62,3.661,4.927,0.743,1.692,32.6,706083.58,5137219.32,706094.52,5137220.3,706103.47,5137232.06,1089.45,,0,
kprcnn-nojitter-v1,Yakima-Toppenish_03_20260614,Yakima (arid),trained,1,1,4290,6330,1,0.07382,4317.03,6375.32,4324.47,6378.0,7.43,2.68,19.94,4319.78,6376.66,4321.4,6376.36,4318.17,6377.25,1.5127,-7.2573,-8.658,-4.8009,1.722,5.17,1.643,3.353,0.49,0.28,200.2,706079.35,5136946.02,706084.19,5136946.92,706074.5,5136944.24,1363.01,,0,
kprcnn-nojitter-v1,Yakima-Toppenish_03_20260614,Yakima (arid),trained,1,1,4290,6330,0,0.05878,4314.28,6374.33,4321.42,6378.0,7.13,3.67,26.15,4319.96,6376.62,4318.01,6376.93,4320.28,6375.71,1.9425,-7.2368,-9.1185,-4.8042,0.972,2.92,1.969,2.578,0.764,1.732,70.5,706079.87,5136946.13,706074.04,5136945.21,706080.84,5136948.88,1365.04,,0,
kprcnn-nojitter-v1,Yakima-Toppenish_03_20260614,Yakima (arid),trained,1,1,4320,6330,1,0.23669,4320.01,6375.03,4322.73,6378.0,2.72,2.97,8.08,4320.46,6376.52,4321.67,6376.19,4320.16,6377.18,0.8087,-6.8322,-8.1445,-4.7227,0.725,2.18,1.254,1.807,0.694,0.962,245.4,706081.39,5136946.45,706085.02,5136947.44,706080.48,5136944.47,1362.47,,0,
kprcnn-nojitter-v1,Yakima-Toppenish_03_20260614,Yakima (arid),trained,1,1,4320,6330,0,0.07689,4341.82,6330.0,4352.56,6339.82,10.74,9.82,105.42,4343.61,6336.38,4347.19,6334.42,4344.26,6338.02,-5.7178,-0.1656,-4.3297,-3.4044,1.761,5.28,4.083,4.64,0.88,4.052,291.7,706150.82,5137066.86,706161.56,5137072.75,706152.77,5137061.95,1237.3,,0,
kprcnn-nojitter-v1,Yakima-Toppenish_03_20260614,Yakima (arid),trained,1,1,4320,6330,0,0.05382,4320.0,6372.09,4322.23,6378.0,2.23,5.91,13.15,4320.79,6376.19,4321.11,6375.21,4320.16,6376.52,1.6955,-7.07,-9.4601,-4.9449,0.716,2.15,1.035,1.623,0.638,0.729,207.3,706082.38,5136947.42,706083.34,5136950.37,706080.48,5136946.43,1359.58,,0,
kprcnn-nojitter-v1,Yakima-Toppenish_03_20260614,Yakima (arid),trained,1,1,4350,6330,1,0.06371,4356.44,6330.04,4366.41,6333.59,9.97,3.55,35.35,4363.59,6333.1,4361.59,6331.49,4363.59,6331.17,-9.051,-9.0361,0.3653,-5.9073,1.934,5.8,2.564,2.02,1.269,1.994,90.0,706210.76,5137076.69,706204.78,5137081.53,706210.76,5137082.5,1230.68,,0,
kprcnn-nojitter-v1,Yakima-Toppenish_03_20260614,Yakima (arid),trained,1,1,4320,6360,1,0.13464,4338.89,6371.94,4346.14,6384.31,7.25,12.37,89.72,4343.34,6374.05,4343.01,6377.96,4344.0,6384.14,3.4763,-0.541,-0.8981,0.679,10.112,30.34,3.92,6.263,0.626,0.584,273.7,706150.02,5136953.84,706149.03,5136942.12,706152.0,5136923.57,1367.56,,0,
kprcnn-nojitter-v1,Yakima-Toppenish_03_20260614,Yakima (arid),trained,1,1,4320,6360,0,0.08742,4320.02,6372.36,4322.34,6381.98,2.32,9.62,22.37,4320.85,6377.17,4321.85,6376.51,4321.85,6376.84,3.0989,-7.7974,-9.635,-4.7778,1.05,3.15,1.197,0.332,3.607,0.315,18.4,706082.55,5136944.48,706085.54,5136946.47,706085.54,5136945.48,1363.42,,0,
kprcnn-nojitter-v1,Yakima-Toppenish_03_20260614,Yakima (arid),trained,1,1,4290,6420,1,0.28814,4327.6,6420.1,4337.81,6425.36,10.21,5.27,53.78,4335.34,6424.87,4332.71,6423.22,4334.68,6421.91,-9.1472,-8.4224,1.2989,-5.4236,3.035,9.11,3.107,2.375,1.308,2.215,102.5,706126.03,5136801.39,706118.12,5136806.33,706124.05,5136810.28,1503.09,,0,
kprcnn-nojitter-v1,Yakima-Toppenish_03_20260614,Yakima (arid),trained,1,1,4290,6420,0,0.08248,4331.43,6420.0,4338.0,6429.2,6.57,9.2,60.41,4336.19,6424.76,4333.9,6423.78,4334.55,6421.81,-8.8161,-9.7506,1.9565,-5.5367,3.382,10.15,2.501,2.078,1.204,1.531,119.0,706128.58,5136801.71,706121.69,5136804.66,706123.66,5136810.58,1504.74,,0,
kprcnn-nojitter-v1,Yakima-Toppenish_03_20260614,Yakima (arid),trained,1,1,4320,6480,1,0.0989,4337.25,6514.27,4348.98,6527.12,11.73,12.85,150.68,4346.86,6524.32,4342.95,6519.38,4346.86,6516.75,-1.139,0.2317,-5.68,-2.1958,7.576,22.73,6.301,4.715,1.336,3.91,90.0,706160.59,5136503.03,706148.86,5136517.86,706160.59,5136525.76,1791.76,,0,
kprcnn-nojitter-v1,Yakima-Toppenish_03_20260614,Yakima (arid),trained,1,1,4320,6510,1,0.09692,4337.86,6510.23,4347.92,6524.74,10.06,14.51,145.98,4347.11,6512.37,4342.89,6519.3,4347.76,6512.7,-4.3735,-0.5646,-5.5268,-3.4883,0.728,2.18,8.108,8.197,0.989,8.084,333.1,706161.34,5136538.88,706148.68,5136518.11,706163.29,5136537.89,1791.5,,0,
kprcnn-nojitter-v1,Yakima-Toppenish_03_20260614,Yakima (arid),trained,1,1,4320,6540,1,0.09658,4336.89,6561.12,4350.02,6574.85,13.13,13.74,180.35,4347.89,6564.22,4343.29,6567.82,4347.89,6564.88,-6.2369,0.5318,-6.196,-3.967,0.654,1.96,5.836,5.457,1.069,4.595,270.0,706163.66,5136383.33,706149.88,5136372.54,706163.66,5136381.37,1937.08,,0,
