model_id,scene,corridor,split,trained_on,labelled,window_x,window_y,is_window_top1,score,box_x0,box_y0,box_x1,box_y1,box_w_px,box_h_px,box_area_px,kp_blue_x,kp_blue_y,kp_red_x,kp_red_y,kp_green_x,kp_green_y,kp_score_blue,kp_score_red,kp_score_green,kp_score_mean,streak_len_px,streak_len_m,seg_blue_red_px,seg_red_green_px,spacing_ratio,collinearity_px,bearing_deg,blue_utm_x,blue_utm_y,red_utm_x,red_utm_y,green_utm_x,green_utm_y,dist_to_nearest_label_m,matched_label_idx,matched_bool,kp_err_px
kprcnn-adamiak-v2,Tacoma-Centralia_01_20260429,Centralia/I-5-south,held-out:unspecified,0,1,1500,705,1,0.17247,1504.59,706.88,1520.66,721.46,16.08,14.58,234.48,1517.55,715.99,1512.62,713.67,1506.72,711.02,7.1737,9.1565,13.7288,10.0197,11.914,35.74,5.441,6.474,0.84,0.055,155.3,503767.64,5209296.03,503752.87,5209302.99,503735.15,5209310.94,4.5,0,1,1.05
kprcnn-adamiak-v2,Tacoma-Centralia_01_20260429,Centralia/I-5-south,held-out:unspecified,0,1,3375,720,1,0.68082,3375.33,738.62,3392.64,744.0,17.31,5.38,93.11,3389.14,740.68,3384.48,740.99,3378.16,741.31,5.3545,15.6531,13.1354,11.381,11.005,33.02,4.672,6.334,0.738,0.048,183.3,509382.43,5209221.96,509368.44,5209221.02,509349.47,5209220.07,3.25,13,1,1.589
kprcnn-adamiak-v2,Tacoma-Centralia_01_20260429,Centralia/I-5-south,held-out:unspecified,0,1,3330,735,1,0.94543,3330.0,749.93,3344.88,759.0,14.88,9.07,134.97,3342.4,753.65,3337.44,754.63,3331.49,754.63,7.1677,14.4309,14.0576,11.8854,10.954,32.86,5.054,5.951,0.849,0.528,185.1,509242.2,5209183.04,509227.32,5209180.12,509209.46,5209180.12,1.29,15,1,0.787
kprcnn-adamiak-v2,Tacoma-Centralia_01_20260429,Centralia/I-5-south,held-out:unspecified,0,1,3345,735,1,0.34919,3351.06,741.96,3369.0,756.32,17.94,14.36,257.69,3365.84,746.69,3360.19,749.31,3352.55,751.59,5.663,14.8405,12.1444,10.8826,14.164,42.49,6.223,7.977,0.78,0.498,200.2,509312.53,5209203.92,509295.58,5209196.08,509272.66,5209189.23,2.67,14,1,0.896
kprcnn-adamiak-v2,Tacoma-Centralia_01_20260429,Centralia/I-5-south,held-out:unspecified,0,1,3360,735,1,0.20355,3371.14,745.46,3384.0,757.8,12.86,12.34,158.63,3374.28,753.42,3378.56,751.15,3376.58,745.63,5.1424,13.4062,12.6316,10.3934,8.128,24.38,4.851,5.864,0.827,3.464,73.5,509337.83,5209183.74,509350.68,5209190.56,509344.75,5209207.12,2.75,16,1,3.609
kprcnn-adamiak-v2,Tacoma-Centralia_01_20260429,Centralia/I-5-south,held-out:unspecified,0,1,3375,735,1,0.25708,3375.33,736.78,3394.69,747.23,19.36,10.45,202.25,3388.95,739.56,3384.03,741.52,3377.14,744.45,4.776,12.5577,13.6245,10.3194,12.787,38.36,5.297,7.491,0.707,0.075,202.5,509381.85,5209225.33,509367.08,5209219.45,509346.41,5209210.64,1.97,13,1,0.839
kprcnn-adamiak-v2,Tacoma-Centralia_01_20260429,Centralia/I-5-south,held-out:unspecified,0,1,3375,735,0,0.12705,3375.0,743.74,3381.76,757.7,6.76,13.96,94.42,3376.13,753.55,3378.06,750.89,3376.77,744.57,2.1978,9.6947,16.8423,9.5782,8.997,26.99,3.287,6.445,0.51,1.737,85.9,509343.38,5209183.36,509349.18,5209191.34,509345.31,5209210.28,4.25,16,1,4.317
kprcnn-adamiak-v2,Tacoma-Centralia_01_20260429,Centralia/I-5-south,held-out:unspecified,0,1,3375,735,0,0.06933,3375.0,746.81,3386.75,754.76,11.75,7.95,93.44,3375.49,752.94,3378.43,750.95,3384.63,748.63,1.6729,8.2786,12.6167,7.5228,10.104,30.31,3.547,6.621,0.536,0.546,25.2,509341.47,5209185.19,509350.28,5209191.15,509368.89,5209198.11,3.46,16,1,1.131
kprcnn-adamiak-v2,Tacoma-Centralia_01_20260429,Centralia/I-5-south,held-out:unspecified,0,1,3165,750,1,0.95816,3165.52,768.61,3184.91,773.85,19.38,5.24,101.64,3181.79,770.74,3176.86,771.07,3168.97,771.72,6.7186,16.6564,14.5182,12.6311,12.851,38.55,4.939,7.912,0.624,0.05,184.4,508760.36,5209131.78,508745.58,5209130.8,508721.92,5209128.83,1.17,19,1,0.88
kprcnn-adamiak-v2,Tacoma-Centralia_01_20260429,Centralia/I-5-south,held-out:unspecified,0,1,3165,750,0,0.06274,3165.0,770.74,3182.85,770.94,17.85,0.2,3.64,3182.03,770.91,3176.74,770.91,3168.14,770.91,3.6652,14.4832,13.3509,10.4997,13.887,41.66,5.29,8.597,0.615,0.0,180.0,508761.08,5209131.28,508745.21,5209131.28,508719.42,5209131.28,1.77,19,1,1.189
kprcnn-adamiak-v2,Tacoma-Centralia_01_20260429,Centralia/I-5-south,held-out:unspecified,0,1,3195,750,1,0.50769,3195.0,764.45,3210.69,772.72,15.69,8.27,129.68,3208.24,767.26,3203.33,768.25,3197.45,768.25,5.4936,11.6422,12.9497,10.0285,10.83,32.49,5.002,5.883,0.85,0.539,185.3,508839.71,5209142.22,508825.0,5209139.25,508807.35,5209139.25,3.53,17,1,1.451
kprcnn-adamiak-v2,Tacoma-Centralia_01_20260429,Centralia/I-5-south,held-out:unspecified,0,1,3195,750,0,0.09144,3195.01,767.7,3212.44,768.0,17.43,0.3,5.18,3208.66,767.87,3203.73,767.87,3197.48,767.87,3.8189,12.472,10.9322,9.0744,11.18,33.54,4.932,6.248,0.789,0.0,180.0,508840.98,5209140.39,508826.19,5209140.39,508807.44,5209140.39,3.02,17,1,1.338
kprcnn-adamiak-v2,Tacoma-Centralia_01_20260429,Centralia/I-5-south,held-out:unspecified,0,1,3225,750,1,0.42855,3227.8,769.03,3245.86,773.57,18.06,4.54,81.96,3232.89,772.11,3237.16,771.14,3242.74,771.79,-0.5424,10.4619,9.721,6.5468,9.855,29.57,4.378,5.619,0.779,0.832,1.9,508913.68,5209127.67,508926.48,5209130.59,508943.23,5209128.64,98.37,,0,
kprcnn-adamiak-v2,Tacoma-Centralia_01_20260429,Centralia/I-5-south,held-out:unspecified,0,1,3225,750,0,0.05581,3229.77,770.63,3247.45,770.78,17.69,0.14,2.5,3233.21,770.8,3237.46,770.8,3243.36,770.8,-3.3007,9.0945,7.981,4.5916,10.154,30.46,4.258,5.896,0.722,0.0,0.0,508914.62,5209131.6,508927.39,5209131.6,508945.08,5209131.6,99.2,,0,
kprcnn-adamiak-v2,Tacoma-Centralia_01_20260429,Centralia/I-5-south,held-out:unspecified,0,1,3330,750,1,0.21611,3330.0,750.03,3345.81,759.64,15.81,9.62,152.05,3343.01,752.51,3337.08,754.5,3331.48,754.5,6.2348,13.5955,13.3587,11.063,11.7,35.1,6.254,5.6,1.117,0.952,189.8,509244.04,5209186.46,509226.25,5209180.49,509209.45,5209180.49,2.4,15,1,1.182
kprcnn-adamiak-v2,Tacoma-Centralia_01_20260429,Centralia/I-5-south,held-out:unspecified,0,1,3165,765,1,0.31289,3166.27,765.86,3186.97,776.65,20.7,10.78,223.21,3182.21,769.62,3176.95,770.6,3168.73,772.56,5.5682,12.7753,13.1853,10.5096,13.79,41.37,5.348,8.446,0.633,0.163,192.3,508761.62,5209135.14,508745.84,5209132.2,508721.2,5209126.31,2.31,19,1,0.833
kprcnn-adamiak-v2,Tacoma-Centralia_01_20260429,Centralia/I-5-south,held-out:unspecified,0,1,3195,765,1,0.05438,3195.0,765.39,3211.34,768.28,16.34,2.89,47.26,3208.56,766.52,3203.66,767.16,3197.45,767.48,6.1391,12.8768,12.561,10.5256,11.154,33.46,4.945,6.218,0.795,0.217,185.0,508840.69,5209144.45,508825.98,5209142.53,508807.35,5209141.56,4.83,17,1,1.926
kprcnn-adamiak-v2,Tacoma-Centralia_01_20260429,Centralia/I-5-south,held-out:unspecified,0,1,3045,795,1,0.12141,3048.46,809.32,3063.77,818.42,15.31,9.1,139.37,3057.28,811.76,3056.28,814.68,3051.28,815.66,-0.867,4.3957,12.1789,5.2359,7.149,21.45,3.091,5.087,0.608,1.907,213.1,508386.83,5209008.73,508383.83,5208999.96,508368.85,5208997.03,36.22,,0,
kprcnn-adamiak-v2,Tacoma-Centralia_01_20260429,Centralia/I-5-south,held-out:unspecified,0,1,3045,795,0,0.06838,3049.87,812.67,3060.24,818.19,10.36,5.52,57.18,3056.84,813.16,3055.86,814.78,3051.65,816.08,-3.234,2.9002,10.7817,3.4826,5.948,17.84,1.892,4.405,0.429,0.937,209.4,508385.51,5209004.52,508382.59,5208999.65,508369.96,5208995.76,37.43,,0,
kprcnn-adamiak-v2,Tacoma-Centralia_01_20260429,Centralia/I-5-south,held-out:unspecified,0,1,3060,795,1,0.27943,3060.0,812.58,3077.19,818.53,17.19,5.94,102.15,3064.46,817.04,3067.77,815.72,3073.39,812.75,2.3547,10.2919,8.9978,7.2148,9.905,29.71,3.56,6.358,0.56,0.242,25.7,508408.39,5208992.88,508418.31,5208996.84,508435.17,5209005.75,1.6,21,1,0.696
kprcnn-adamiak-v2,Tacoma-Centralia_01_20260429,Centralia/I-5-south,held-out:unspecified,0,1,3000,840,1,0.05129,3006.0,858.67,3023.37,863.47,17.37,4.8,83.38,3009.11,862.03,3015.01,861.07,3008.79,860.43,-2.2571,4.3715,5.5224,2.5456,1.634,4.9,5.975,6.258,0.955,5.97,101.6,508242.34,5208857.92,508260.03,5208860.8,508241.36,5208862.72,209.84,,0,
kprcnn-adamiak-v2,Tacoma-Centralia_01_20260429,Centralia/I-5-south,held-out:unspecified,0,1,2985,855,1,0.39579,2995.86,865.0,3009.0,878.27,13.14,13.27,174.42,3005.88,865.83,3003.58,870.14,2998.32,875.45,0.0364,10.092,13.1869,7.7718,12.235,36.7,4.888,7.471,0.654,0.855,231.9,508232.64,5208846.52,508225.74,5208833.58,508209.96,5208817.66,253.61,,0,
kprcnn-adamiak-v2,Tacoma-Centralia_01_20260429,Centralia/I-5-south,held-out:unspecified,0,1,1800,915,1,0.14434,1809.36,928.61,1824.0,939.0,14.64,10.39,152.13,1813.18,931.37,1816.84,933.97,1821.5,936.56,5.2573,12.2422,15.8271,11.1089,9.809,29.43,4.489,5.334,0.841,0.264,328.0,504654.55,5208649.89,504665.53,5208642.1,504679.51,5208634.31,253.58,,0,
kprcnn-adamiak-v2,Tacoma-Centralia_01_20260429,Centralia/I-5-south,held-out:unspecified,0,1,2955,915,1,0.05717,2961.77,933.0,2976.79,938.38,15.02,5.38,80.71,2974.01,936.96,2968.46,936.01,2964.55,934.11,2.5877,6.3255,8.6786,5.8639,9.885,29.65,5.63,4.352,1.293,0.689,163.3,508137.04,5208633.13,508120.39,5208635.98,508108.64,5208641.67,237.39,,0,
kprcnn-adamiak-v2,Tacoma-Centralia_01_20260429,Centralia/I-5-south,held-out:unspecified,0,1,1905,990,1,0.10424,1907.5,1008.22,1924.39,1013.21,16.89,4.99,84.3,1912.3,1009.05,1915.95,1010.71,1921.58,1011.71,-1.0709,6.1663,6.9094,4.0016,9.648,28.94,4.005,5.718,0.7,0.594,344.0,504951.91,5208416.85,504962.84,5208411.86,504979.73,5208408.86,50.79,,0,
kprcnn-adamiak-v2,Tacoma-Centralia_01_20260429,Centralia/I-5-south,held-out:unspecified,0,1,2925,990,1,0.124,2930.54,999.55,2941.6,1014.0,11.06,14.45,159.86,2933.31,1011.21,2936.23,1007.92,2939.16,1002.01,6.6602,11.6947,16.2139,11.5229,10.903,32.71,4.4,6.597,0.667,0.706,57.5,508014.92,5208410.37,508023.7,5208420.23,508032.49,5208437.96,1.35,22,1,0.703
kprcnn-adamiak-v2,Tacoma-Centralia_01_20260429,Centralia/I-5-south,held-out:unspecified,0,1,2895,1035,1,0.1126,2896.87,1052.6,2909.35,1059.0,12.48,6.4,79.84,2900.32,1057.56,2902.61,1056.28,2906.55,1052.76,-4.3642,8.3562,6.8773,3.6231,7.871,23.61,2.631,5.283,0.498,0.387,37.6,507915.95,5208271.32,507922.84,5208275.16,507934.66,5208285.71,43.14,,0,
kprcnn-adamiak-v2,Tacoma-Centralia_01_20260429,Centralia/I-5-south,held-out:unspecified,0,1,1995,1050,1,0.16217,1995.57,1068.44,2008.17,1073.91,12.59,5.47,68.89,1998.06,1071.5,2001.37,1071.18,2006.01,1071.82,-3.2431,8.6175,10.5265,5.3003,7.96,23.88,3.33,4.684,0.711,0.456,357.7,505209.18,5208229.5,505219.12,5208230.47,505233.04,5208228.54,2.15,3,1,2.153
kprcnn-adamiak-v2,Tacoma-Centralia_01_20260429,Centralia/I-5-south,held-out:unspecified,0,1,2880,1050,1,0.62222,2887.34,1062.22,2902.74,1074.0,15.4,11.78,181.43,2893.07,1071.87,2895.36,1069.25,2899.3,1064.34,6.5544,13.6274,13.6576,11.2798,9.768,29.3,3.481,6.29,0.553,0.099,50.4,507894.22,5208228.38,507901.09,5208236.24,507912.89,5208250.97,2.47,23,1,1.057
kprcnn-adamiak-v2,Tacoma-Centralia_01_20260429,Centralia/I-5-south,held-out:unspecified,0,1,2100,1110,1,0.07062,2102.43,1122.04,2124.0,1131.37,21.57,9.33,201.35,2117.53,1126.7,2112.55,1126.7,2106.58,1123.81,2.4304,5.1034,12.1525,6.5621,11.328,33.98,4.978,6.639,0.75,1.273,165.2,505567.59,5208063.89,505552.65,5208063.89,505534.73,5208072.58,4.92,4,1,1.738
kprcnn-adamiak-v2,Tacoma-Centralia_01_20260429,Centralia/I-5-south,held-out:unspecified,0,1,2205,1110,1,0.07995,2211.01,1119.85,2211.02,1128.4,0.01,8.55,0.08,2211.18,1126.92,2211.18,1124.29,2211.18,1121.33,3.2298,5.9963,8.3012,5.8424,5.592,16.78,2.632,2.961,0.889,0.0,90.0,505848.53,5208063.24,505848.53,5208071.13,505848.53,5208080.01,190.8,,0,
kprcnn-adamiak-v2,Tacoma-Centralia_01_20260429,Centralia/I-5-south,held-out:unspecified,0,1,2265,1110,1,0.21799,2265.0,1129.24,2282.79,1133.95,17.79,4.71,83.81,2279.66,1131.91,2274.39,1131.59,2268.13,1131.59,7.2636,15.2509,17.0098,13.1748,11.535,34.6,5.281,6.26,0.844,0.17,178.4,506053.98,5208048.28,506038.17,5208049.22,506019.39,5208049.22,2.62,5,1,1.195
kprcnn-adamiak-v2,Tacoma-Centralia_01_20260429,Centralia/I-5-south,held-out:unspecified,0,1,2265,1110,0,0.07075,2266.77,1125.84,2284.28,1134.0,17.5,8.16,142.83,2279.49,1131.88,2274.53,1131.23,2268.26,1131.23,7.1947,12.5209,13.3786,11.0314,11.248,33.74,4.997,6.275,0.796,0.364,176.7,506053.46,5208048.36,506038.6,5208050.32,506019.77,5208050.32,3.78,5,1,1.382
kprcnn-adamiak-v2,Tacoma-Centralia_01_20260429,Centralia/I-5-south,held-out:unspecified,0,1,2295,1110,1,0.05425,2303.85,1125.04,2319.0,1134.0,15.15,8.96,135.74,2316.53,1130.51,2312.91,1129.85,2307.97,1131.18,6.0403,10.6485,11.3962,9.3617,8.587,25.76,3.682,5.115,0.72,0.942,184.4,506164.59,5208052.46,506153.72,5208054.45,506138.91,5208050.46,116.23,,0,
kprcnn-adamiak-v2,Tacoma-Centralia_01_20260429,Centralia/I-5-south,held-out:unspecified,0,1,2265,1125,1,0.08537,2267.35,1128.43,2280.09,1136.32,12.74,7.89,100.53,2277.97,1132.21,2274.04,1131.88,2268.49,1131.88,5.5504,11.8779,11.8763,9.7682,9.481,28.44,3.935,5.555,0.708,0.193,178.0,506048.9,5208047.38,506037.13,5208048.37,506020.47,5208048.37,1.84,5,1,0.781
kprcnn-adamiak-v2,Tacoma-Centralia_01_20260429,Centralia/I-5-south,held-out:unspecified,0,1,2355,1125,1,0.08728,2356.13,1130.09,2374.3,1139.86,18.18,9.77,177.63,2370.17,1133.51,2365.55,1133.83,2358.28,1134.16,6.2726,10.2883,11.5078,9.3562,11.915,35.75,4.638,7.278,0.637,0.072,183.1,506325.52,5208043.48,506311.64,5208042.5,506289.83,5208041.53,4.27,6,1,1.476
kprcnn-adamiak-v2,Tacoma-Centralia_01_20260429,Centralia/I-5-south,held-out:unspecified,0,1,2415,1125,1,0.07352,2421.43,1136.7,2439.0,1136.93,17.57,0.22,3.94,2433.2,1136.87,2429.22,1136.87,2423.92,1136.87,2.7365,8.2579,6.5808,5.8584,9.28,27.84,3.977,5.303,0.75,0.0,180.0,506514.6,5208033.4,506502.67,5208033.4,506486.76,5208033.4,2.4,8,1,0.904
kprcnn-adamiak-v2,Tacoma-Centralia_01_20260429,Centralia/I-5-south,held-out:unspecified,0,1,2730,1185,1,0.07754,2730.0,1192.82,2746.47,1203.85,16.47,11.02,181.52,2742.68,1195.26,2737.74,1197.52,2731.48,1200.12,4.1605,11.5099,13.5688,9.7464,12.207,36.62,5.436,6.773,0.803,0.114,203.5,507443.03,5207858.23,507428.22,5207851.43,507409.45,5207843.64,2.45,24,1,0.832
kprcnn-adamiak-v2,Tacoma-Centralia_01_20260429,Centralia/I-5-south,held-out:unspecified,0,1,2655,1245,1,0.37159,2659.75,1263.12,2669.76,1269.0,10.01,5.88,58.86,2662.49,1267.53,2664.75,1266.55,2667.98,1263.28,0.5769,7.0606,8.7781,5.4719,6.94,20.82,2.464,4.593,0.536,0.608,37.7,507202.47,5207641.41,507209.26,5207644.35,507218.94,5207654.15,303.18,,0,
kprcnn-adamiak-v2,Tacoma-Centralia_01_20260429,Centralia/I-5-south,held-out:unspecified,0,1,2625,1365,1,0.12743,2633.5,1365.71,2642.48,1379.11,8.99,13.4,120.42,2637.99,1376.33,2637.99,1372.41,2636.66,1366.2,2.3425,8.7276,14.2459,8.4387,10.22,30.66,3.922,6.351,0.618,0.511,97.5,507128.97,5207315.01,507128.97,5207326.78,507124.97,5207345.41,1.46,25,1,0.573
kprcnn-adamiak-v2,Tacoma-Centralia_01_20260429,Centralia/I-5-south,held-out:unspecified,0,1,2640,1530,1,0.05435,2640.0,1541.44,2652.42,1549.4,12.42,7.96,98.89,2646.37,1547.91,2646.37,1545.58,2641.8,1544.26,0.3927,5.2847,14.2655,6.6477,5.853,17.56,2.323,4.764,0.488,1.816,141.4,507154.12,5206800.28,507154.12,5206807.25,507140.39,5206811.23,28.43,,0,
kprcnn-adamiak-v2,Tacoma-Centralia_01_20260429,Centralia/I-5-south,held-out:unspecified,0,1,2625,1620,1,0.46719,2634.76,1628.37,2649.0,1641.51,14.24,13.14,187.08,2639.89,1640.69,2640.89,1636.09,2640.22,1629.52,2.9102,8.0093,16.8312,9.2503,11.172,33.52,4.704,6.602,0.713,0.857,88.3,507134.68,5206521.94,507137.66,5206535.74,507135.67,5206555.44,2.1,29,1,0.922
kprcnn-adamiak-v2,Tacoma-Centralia_01_20260429,Centralia/I-5-south,held-out:unspecified,0,1,2625,1620,0,0.12761,2640.7,1628.14,2640.71,1643.63,0.01,15.5,0.1,2640.87,1641.16,2640.87,1635.89,2640.87,1629.29,0.2912,9.0149,11.3813,6.8958,11.869,35.61,5.275,6.594,0.8,0.0,90.0,507137.61,5206520.51,507137.61,5206536.34,507137.61,5206556.12,2.52,29,1,0.917
kprcnn-adamiak-v2,Tacoma-Centralia_01_20260429,Centralia/I-5-south,held-out:unspecified,0,1,2625,1620,0,0.06209,2638.32,1625.88,2644.77,1644.0,6.45,18.12,116.96,2640.09,1640.87,2640.74,1636.26,2640.09,1629.01,7.165,13.4648,20.1995,13.6098,11.862,35.59,4.658,7.278,0.64,0.645,90.0,507135.28,5206521.39,507137.22,5206535.23,507135.28,5206556.98,1.43,29,1,0.926
kprcnn-adamiak-v2,Tacoma-Centralia_01_20260429,Centralia/I-5-south,held-out:unspecified,0,1,2625,1620,0,0.05919,2640.95,1627.22,2640.96,1644.0,0.01,16.78,0.11,2641.12,1641.2,2641.12,1635.61,2641.12,1629.69,-1.3972,7.6683,12.0921,6.1211,11.517,34.55,5.594,5.923,0.944,0.0,90.0,507138.35,5206520.39,507138.35,5206537.17,507138.35,5206554.94,3.63,29,1,1.05
kprcnn-adamiak-v2,Tacoma-Centralia_01_20260429,Centralia/I-5-south,held-out:unspecified,0,1,2640,1620,1,0.09697,2640.0,1628.34,2643.3,1643.17,3.3,14.84,49.01,2640.83,1640.7,2640.83,1636.09,2640.83,1629.49,5.7875,11.1972,14.5348,10.5065,11.21,33.63,4.616,6.594,0.7,0.0,90.0,507137.48,5206521.89,507137.48,5206535.74,507137.48,5206555.52,1.97,29,1,0.921
kprcnn-adamiak-v2,Tacoma-Centralia_01_20260429,Centralia/I-5-south,held-out:unspecified,0,1,2595,1770,1,0.05221,2600.33,1779.06,2609.13,1793.2,8.8,14.14,124.4,2604.08,1782.84,2605.06,1785.8,2602.12,1790.41,-2.641,4.3672,10.818,4.1814,7.812,23.44,3.117,5.458,0.571,1.687,255.5,507027.24,5206095.47,507030.17,5206086.59,507021.37,5206072.78,115.56,,0,
kprcnn-adamiak-v2,Tacoma-Centralia_01_20260429,Centralia/I-5-south,held-out:unspecified,0,1,2565,1845,1,0.13256,2573.08,1848.33,2582.92,1865.99,9.84,17.67,173.89,2582.76,1857.98,2578.16,1856.34,2575.21,1862.89,-2.2271,8.5427,10.3333,5.5496,9.001,27.0,4.876,7.179,0.679,3.876,213.0,506963.27,5205870.06,506949.49,5205874.97,506940.63,5205855.34,24.31,,0,
kprcnn-adamiak-v2,Tacoma-Centralia_01_20260429,Centralia/I-5-south,held-out:unspecified,0,1,2580,1845,1,0.1455,2580.15,1847.81,2592.4,1860.39,12.26,12.58,154.23,2583.96,1857.91,2585.61,1854.27,2587.93,1848.31,1.8572,9.6161,11.6432,7.7055,10.393,31.18,4.001,6.395,0.626,0.137,67.5,506966.87,5205870.28,506971.84,5205881.2,506978.79,5205899.08,1.11,32,1,0.539
kprcnn-adamiak-v2,Tacoma-Centralia_01_20260429,Centralia/I-5-south,held-out:unspecified,0,1,2550,1890,1,0.27078,2550.0,1904.84,2564.01,1914.0,14.01,9.16,128.37,2557.66,1906.64,2556.35,1910.89,2561.57,1911.55,-1.8832,10.2542,7.596,5.3223,6.275,18.83,4.45,5.254,0.847,3.67,308.5,506887.97,5205724.09,506884.06,5205711.33,506899.7,5205709.36,58.87,,0,
kprcnn-adamiak-v2,Tacoma-Centralia_01_20260429,Centralia/I-5-south,held-out:unspecified,0,1,2535,1905,1,0.05427,2551.99,1905.0,2559.0,1920.01,7.01,15.01,105.27,2556.93,1906.8,2555.65,1910.71,2553.42,1917.57,-0.8296,12.4701,14.0504,8.5637,11.327,33.98,4.119,7.208,0.571,0.0,252.0,506885.79,5205723.61,506881.96,5205711.87,506875.27,5205691.3,58.61,,0,
kprcnn-adamiak-v2,Tacoma-Centralia_01_20260429,Centralia/I-5-south,held-out:unspecified,0,1,2550,1905,1,0.0848,2551.36,1905.0,2559.45,1919.99,8.09,14.99,121.3,2557.99,1905.83,2556.05,1910.83,2553.14,1917.16,0.4519,10.6488,14.5986,8.5664,12.322,36.97,5.361,6.967,0.769,0.184,246.8,506888.98,5205726.5,506883.15,5205711.51,506874.41,5205692.53,58.7,,0,
kprcnn-adamiak-v2,Tacoma-Centralia_01_20260429,Centralia/I-5-south,held-out:unspecified,0,1,2535,1920,1,0.17731,2543.52,1920.0,2553.07,1939.14,9.56,19.14,182.9,2550.27,1926.43,2548.29,1928.74,2545.99,1935.67,-3.5971,11.6523,14.9182,7.6578,10.185,30.55,3.041,7.304,0.416,0.822,245.1,506865.81,5205664.7,506859.88,5205657.77,506852.96,5205636.98,1.95,33,1,0.9
kprcnn-adamiak-v2,Tacoma-Centralia_01_20260429,Centralia/I-5-south,held-out:unspecified,0,1,2505,1995,1,0.05374,2505.29,2012.83,2524.28,2019.0,18.99,6.17,117.15,2511.12,2016.89,2515.12,2015.92,2511.45,2013.32,-0.8108,9.9871,4.6415,4.6059,3.587,10.76,4.115,4.492,0.916,3.891,84.7,506748.36,5205393.33,506760.35,5205396.25,506749.36,5205404.04,279.63,,0,
kprcnn-adamiak-v2,Tacoma-Centralia_01_20260429,Centralia/I-5-south,held-out:unspecified,0,1,2445,2145,1,0.10484,2453.8,2145.47,2464.91,2166.41,11.11,20.95,232.74,2461.81,2150.29,2460.18,2155.27,2457.56,2162.92,3.4346,10.4171,8.94,7.5973,13.329,39.99,5.248,8.081,0.649,0.041,251.4,506600.43,5204993.14,506595.53,5204978.18,506587.68,5204955.24,3.02,35,1,0.921
kprcnn-adamiak-v2,Tacoma-Centralia_01_20260429,Centralia/I-5-south,held-out:unspecified,0,1,2445,2145,0,0.09484,2448.25,2162.8,2459.26,2168.25,11.0,5.45,59.94,2451.65,2167.13,2452.95,2165.85,2457.48,2166.17,-5.5512,2.598,11.1275,2.7248,5.904,17.71,1.822,4.542,0.401,1.054,9.4,506569.96,5204942.61,506573.84,5204946.46,506587.44,5204945.5,35.75,,0,
kprcnn-adamiak-v2,Tacoma-Centralia_01_20260429,Centralia/I-5-south,held-out:unspecified,0,1,2430,2190,1,0.18499,2439.17,2190.0,2446.27,2201.33,7.1,11.33,80.36,2444.49,2190.83,2442.88,2195.16,2440.3,2201.16,3.0529,11.133,9.9776,8.0545,11.145,33.43,4.621,6.527,0.708,0.135,247.9,506548.48,5204871.5,506543.64,5204858.51,506535.9,5204840.52,2.52,34,1,1.22
kprcnn-adamiak-v2,Tacoma-Centralia_01_20260429,Centralia/I-5-south,held-out:unspecified,0,1,2415,2235,1,0.05874,2417.85,2242.84,2424.4,2257.26,6.55,14.43,94.53,2422.93,2245.62,2421.29,2249.23,2419.32,2254.48,-0.77,6.4815,8.2078,4.6398,9.558,28.67,3.961,5.602,0.707,0.157,247.8,506483.78,5204707.13,506478.86,5204696.31,506472.96,5204680.57,67.05,,0,
kprcnn-adamiak-v2,Tacoma-Centralia_01_20260429,Centralia/I-5-south,held-out:unspecified,0,1,2385,2280,1,0.05193,2394.51,2286.82,2404.51,2304.0,10.0,17.18,171.88,2402.09,2291.28,2399.19,2295.24,2396.61,2300.86,1.2368,11.7329,15.4374,9.469,11.042,33.12,4.915,6.182,0.795,0.55,240.2,506421.28,5204570.17,506412.56,5204558.27,506404.82,5204541.42,2.3,37,1,1.175
kprcnn-adamiak-v2,Tacoma-Centralia_01_20260429,Centralia/I-5-south,held-out:unspecified,0,1,2355,2340,1,0.26638,2365.46,2351.18,2379.0,2364.0,13.54,12.82,173.62,2369.92,2361.86,2372.23,2358.58,2376.85,2351.67,3.3537,9.1702,14.658,9.0606,12.327,36.98,4.019,8.309,0.484,0.062,55.8,506324.75,5204358.41,506331.69,5204368.27,506345.56,5204388.98,3.3,40,1,1.385
kprcnn-adamiak-v2,Tacoma-Centralia_01_20260429,Centralia/I-5-south,held-out:unspecified,0,1,2355,2340,0,0.1242,2357.77,2350.8,2369.08,2363.37,11.31,12.57,142.19,2368.92,2361.55,2363.59,2357.25,2366.26,2351.3,0.0811,9.0858,6.0056,5.0575,10.597,31.79,6.843,6.523,1.049,4.071,104.5,506321.75,5204359.34,506305.78,5204372.24,506313.77,5204390.11,27.77,,0,
kprcnn-adamiak-v2,Tacoma-Centralia_01_20260429,Centralia/I-5-south,held-out:unspecified,0,1,2340,2370,1,0.7257,2350.75,2377.07,2363.85,2391.42,13.1,14.36,188.07,2354.19,2388.98,2356.81,2385.39,2361.72,2377.88,3.6374,10.4933,15.3248,9.8185,13.41,40.23,4.444,8.97,0.495,0.151,55.8,506277.56,5204277.07,506285.42,5204287.84,506300.15,5204310.35,2.86,39,1,0.868
kprcnn-adamiak-v2,Tacoma-Centralia_01_20260429,Centralia/I-5-south,held-out:unspecified,0,1,2175,2655,1,0.05177,2179.18,2664.98,2188.99,2677.86,9.81,12.89,126.44,2186.54,2667.12,2184.25,2670.1,2181.31,2675.39,-0.2528,5.9932,11.6944,5.8116,9.779,29.34,3.753,6.051,0.62,0.343,237.7,505774.61,5203442.63,505767.75,5203433.71,505758.92,5203417.84,102.52,,0,
kprcnn-adamiak-v2,Tacoma-Centralia_01_20260429,Centralia/I-5-south,held-out:unspecified,0,1,2160,2685,1,0.05847,2168.43,2693.68,2178.8,2709.0,10.38,15.32,158.98,2171.18,2706.5,2173.13,2701.84,2177.02,2696.84,7.661,12.9431,15.3197,11.9746,11.285,33.86,5.052,6.332,0.798,0.746,58.9,505728.54,5203324.49,505734.38,5203338.48,505746.06,5203353.47,3.18,41,1,1.075
kprcnn-adamiak-v2,Tacoma-Centralia_01_20260429,Centralia/I-5-south,held-out:unspecified,0,1,2040,2895,1,0.1677,2044.12,2904.64,2053.42,2917.92,9.3,13.28,123.52,2050.93,2905.8,2048.93,2910.45,2046.61,2915.76,2.8843,7.5997,12.2406,7.5749,10.858,32.57,5.058,5.8,0.872,0.02,246.6,505367.78,5202726.6,505361.8,5202712.65,505354.83,5202696.71,642.39,,0,
kprcnn-adamiak-v2,Tacoma-Centralia_01_20260429,Centralia/I-5-south,held-out:unspecified,0,1,1980,3105,1,0.12421,1982.12,3105.81,1991.77,3126.18,9.65,20.37,196.6,1987.94,3109.26,1986.94,3114.84,1984.95,3122.4,3.8843,17.3522,17.2573,12.8313,13.477,40.43,5.673,7.815,0.726,0.268,257.2,505178.83,5202116.22,505175.83,5202099.47,505169.84,5202076.8,2.3,42,1,1.114
kprcnn-adamiak-v2,Tacoma-Centralia_01_20260429,Centralia/I-5-south,held-out:unspecified,0,1,1980,3120,1,0.13057,1981.72,3122.31,1996.15,3138.23,14.44,15.91,229.74,1990.08,3134.08,1990.41,3129.44,1984.83,3122.48,4.4908,8.9665,16.5525,10.0033,12.736,38.21,4.653,8.921,0.522,2.212,114.3,505185.25,5202041.75,505186.23,5202055.68,505169.5,5202076.56,3.59,43,1,3.154
kprcnn-adamiak-v2,Tacoma-Centralia_01_20260429,Centralia/I-5-south,held-out:unspecified,0,1,1965,3195,1,0.08148,1965.0,3206.15,1978.43,3213.88,13.43,7.73,103.77,1970.08,3206.32,1970.08,3208.89,1975.31,3209.86,-4.2979,6.6706,11.9462,4.773,6.325,18.97,2.576,5.328,0.484,2.134,325.9,505125.23,5201825.05,505125.23,5201817.32,505140.94,5201814.43,26.33,,0,
kprcnn-adamiak-v2,Tacoma-Centralia_01_20260429,Centralia/I-5-south,held-out:unspecified,0,1,1950,3225,1,0.05764,1961.13,3226.58,1969.08,3239.54,7.95,12.97,103.04,1963.95,3228.07,1964.61,3232.39,1963.28,3239.04,-1.0561,11.8289,11.8569,7.5432,10.992,32.98,4.373,6.78,0.645,0.921,266.5,505106.84,5201759.78,505108.83,5201746.82,505104.85,5201726.87,3.1,47,1,1.903
kprcnn-adamiak-v2,Tacoma-Centralia_01_20260429,Centralia/I-5-south,held-out:unspecified,0,1,1935,3330,1,0.18884,1937.66,3347.99,1954.89,3352.75,17.22,4.76,82.04,1945.45,3351.64,1947.77,3349.1,1940.48,3350.69,3.1691,8.7737,7.4377,6.4602,5.059,15.18,3.439,7.458,0.461,2.931,169.1,505051.35,5201389.08,505058.3,5201396.7,505036.44,5201391.94,355.24,,0,
kprcnn-adamiak-v2,Tacoma-Centralia_01_20260429,Centralia/I-5-south,held-out:unspecified,0,1,1935,3330,0,0.17543,1941.36,3340.04,1952.06,3354.0,10.7,13.96,149.45,1945.41,3351.51,1947.68,3348.18,1948.98,3340.2,5.1122,13.6204,15.3503,11.361,11.852,35.56,4.026,8.083,0.498,1.165,72.5,505051.24,5201389.48,505058.05,5201399.45,505061.95,5201423.39,352.56,,0,
kprcnn-adamiak-v2,Tacoma-Centralia_01_20260429,Centralia/I-5-south,held-out:unspecified,0,1,1935,3330,0,0.08315,1940.58,3344.02,1958.17,3353.45,17.59,9.43,165.88,1945.73,3351.66,1947.39,3348.41,1958.01,3351.34,3.5925,11.054,7.3609,7.3358,12.284,36.85,3.651,11.016,0.331,3.207,1.5,505052.18,5201389.01,505057.16,5201398.77,505089.02,5201389.99,353.38,,0,
kprcnn-adamiak-v2,Tacoma-Centralia_01_20260429,Centralia/I-5-south,held-out:unspecified,0,1,1905,3435,1,0.05566,1913.07,3445.4,1927.2,3457.6,14.13,12.2,172.47,1921.12,3447.55,1920.46,3451.83,1917.83,3457.11,2.7029,10.0782,10.5873,7.7895,10.113,30.34,4.337,5.895,0.736,0.772,251.0,504978.36,5201101.36,504976.39,5201088.5,504968.5,5201072.67,331.02,,0,
kprcnn-adamiak-v2,Tacoma-Centralia_01_20260429,Centralia/I-5-south,held-out:unspecified,0,1,1905,3465,1,0.26605,1911.11,3470.38,1920.14,3489.0,9.03,18.62,168.18,1917.08,3473.54,1916.43,3478.86,1914.17,3485.84,4.4955,11.8158,13.694,10.0018,12.638,37.91,5.358,7.337,0.73,0.594,256.7,504966.23,5201023.37,504964.29,5201007.42,504957.52,5200986.47,249.19,,0,
kprcnn-adamiak-v2,Tacoma-Centralia_01_20260429,Centralia/I-5-south,held-out:unspecified,0,1,1890,3540,1,0.05012,1891.7,3556.31,1903.79,3563.89,12.09,7.59,91.7,1898.07,3556.8,1898.07,3560.1,1893.82,3561.75,-0.0619,9.3865,6.2436,5.1894,6.52,19.56,3.299,4.555,0.724,2.148,229.4,504909.21,5200773.6,504909.21,5200763.7,504896.47,5200758.75,1.43,48,1,2.426
kprcnn-adamiak-v2,Tacoma-Centralia_01_20260429,Centralia/I-5-south,held-out:unspecified,0,1,1800,3870,1,0.0514,1801.09,3888.14,1811.68,3894.0,10.59,5.86,62.04,1804.9,3892.21,1805.89,3891.88,1809.86,3891.88,-4.6977,4.7677,6.4203,2.1634,4.975,14.93,1.045,3.972,0.263,0.26,3.8,504629.69,5199767.37,504632.67,5199768.35,504644.59,5199768.35,286.8,,0,
kprcnn-adamiak-v2,Tacoma-Centralia_01_20260429,Centralia/I-5-south,held-out:unspecified,0,1,1815,3870,1,0.13809,1827.2,3880.53,1839.0,3894.0,11.8,13.47,158.93,1833.26,3882.67,1833.26,3886.28,1831.3,3891.86,0.7695,10.4862,10.316,7.1906,9.406,28.22,3.614,5.921,0.61,0.755,257.9,504714.79,5199796.0,504714.79,5199785.16,504708.89,5199768.41,301.54,,0,
kprcnn-adamiak-v2,Tacoma-Centralia_01_20260429,Centralia/I-5-south,held-out:unspecified,0,1,1815,3870,0,0.10497,1830.62,3881.57,1835.69,3890.5,5.07,8.93,45.29,1833.63,3883.06,1833.31,3885.71,1834.9,3890.34,1.4205,8.0026,4.3382,4.5871,7.388,22.16,2.666,4.895,0.545,0.766,279.9,504715.89,5199794.82,504714.94,5199786.88,504719.7,5199772.98,303.26,,0,
kprcnn-adamiak-v2,Tacoma-Centralia_01_20260429,Centralia/I-5-south,held-out:unspecified,0,1,1830,3870,1,0.14941,1830.0,3881.51,1835.58,3891.92,5.58,10.42,58.16,1833.45,3882.65,1832.79,3886.23,1831.15,3891.76,1.1939,9.7707,10.9027,7.2891,9.401,28.2,3.641,5.773,0.631,0.239,255.8,504715.34,5199796.06,504713.37,5199785.32,504708.45,5199768.72,301.54,,0,
kprcnn-adamiak-v2,Tacoma-Centralia_01_20260429,Centralia/I-5-south,held-out:unspecified,0,1,1830,3900,1,0.16131,1830.0,3911.46,1839.9,3924.0,9.9,12.54,124.16,1833.79,3921.85,1834.45,3918.55,1836.1,3911.95,5.0616,11.5739,14.0848,10.2401,10.169,30.51,3.366,6.805,0.495,0.107,76.9,504716.38,5199678.44,504718.36,5199688.34,504723.31,5199708.15,206.26,,0,
kprcnn-adamiak-v2,Tacoma-Centralia_01_20260429,Centralia/I-5-south,held-out:unspecified,0,1,1815,3915,1,0.19075,1820.78,3922.9,1828.58,3939.0,7.8,16.1,125.54,1826.14,3926.02,1825.49,3930.29,1823.54,3936.21,0.3895,10.1993,11.5796,7.3894,10.514,31.54,4.321,6.228,0.694,0.426,255.7,504693.42,5199665.94,504691.47,5199653.13,504685.63,5199635.38,167.91,,0,
kprcnn-adamiak-v2,Tacoma-Centralia_01_20260429,Centralia/I-5-south,held-out:unspecified,0,1,1800,3990,1,0.10533,1812.8,3994.28,1824.0,4006.35,11.2,12.07,135.17,1817.25,4005.86,1817.91,4002.28,1818.89,3996.4,1.2197,9.9648,15.8805,9.0217,9.601,28.8,3.648,5.954,0.613,0.034,80.1,504666.74,5199426.41,504668.72,5199437.17,504671.68,5199454.79,2.41,50,1,1.486
kprcnn-adamiak-v2,Tacoma-Centralia_01_20260429,Centralia/I-5-south,held-out:unspecified,0,1,1815,3990,1,0.16007,1815.0,3992.88,1822.19,4006.22,7.19,13.34,95.94,1817.45,4006.06,1817.78,4002.48,1819.09,3996.95,0.4117,9.1461,14.6012,8.053,9.254,27.76,3.593,5.683,0.632,0.31,79.8,504667.36,5199425.82,504668.34,5199436.56,504672.26,5199453.15,2.08,50,1,1.206
kprcnn-adamiak-v2,Tacoma-Centralia_01_20260429,Centralia/I-5-south,held-out:unspecified,0,1,1755,4215,1,0.2499,1757.66,4233.86,1776.25,4238.62,18.59,4.75,88.39,1761.15,4236.87,1764.8,4236.87,1773.1,4236.56,5.8896,7.1507,6.8342,6.6248,11.954,35.86,3.651,8.305,0.44,0.097,1.5,504498.45,5198733.38,504509.4,5198733.38,504534.3,5198734.33,16.16,52,1,8.25
kprcnn-adamiak-v2,Tacoma-Centralia_01_20260429,Centralia/I-5-south,held-out:unspecified,0,1,1755,4230,1,0.49318,1756.52,4234.86,1765.75,4251.13,9.23,16.26,150.09,1761.3,4237.35,1761.96,4241.0,1759.65,4248.64,3.0996,15.3681,18.1709,12.2129,11.405,34.22,3.71,7.975,0.465,1.18,261.7,504498.9,5198731.95,504500.88,5198720.99,504493.96,5198698.09,2.64,52,1,1.035
kprcnn-adamiak-v2,Tacoma-Centralia_01_20260429,Centralia/I-5-south,held-out:unspecified,0,1,1755,4230,0,0.14562,1758.78,4243.93,1773.38,4253.1,14.6,9.17,133.95,1768.24,4251.63,1768.24,4247.37,1759.94,4249.99,4.8549,5.792,14.5344,8.3938,8.457,25.37,4.259,8.701,0.489,4.178,168.8,504519.71,5198689.12,504519.71,5198701.89,504494.82,5198694.03,2.99,53,1,5.601
kprcnn-adamiak-v2,Tacoma-Centralia_01_20260429,Centralia/I-5-south,held-out:unspecified,0,1,1755,4230,0,0.09669,1755.96,4236.09,1772.13,4248.1,16.17,12.01,194.15,1761.41,4237.23,1762.07,4241.44,1760.09,4247.61,1.2407,10.3861,12.1402,7.9223,10.469,31.41,4.271,6.477,0.659,1.187,262.8,504499.22,5198732.32,504501.2,5198719.67,504495.26,5198701.17,1.46,52,1,1.195
kprcnn-adamiak-v2,Tacoma-Centralia_01_20260429,Centralia/I-5-south,held-out:unspecified,0,1,1725,4365,1,0.06017,1731.3,4368.87,1740.51,4387.91,9.21,19.04,175.27,1736.4,4372.31,1736.07,4376.25,1733.77,4384.79,1.5867,5.7316,10.1812,5.8332,12.749,38.25,3.953,8.84,0.447,0.491,258.1,504424.19,5198327.06,504423.2,5198315.24,504416.3,5198289.63,391.67,,0,
kprcnn-adamiak-v2,Tacoma-Centralia_01_20260429,Centralia/I-5-south,held-out:unspecified,0,1,1725,4380,1,0.12588,1727.98,4388.13,1734.16,4404.0,6.17,15.87,97.93,1733.02,4394.58,1731.07,4395.57,1729.77,4401.19,-1.0659,5.6592,15.5789,6.724,7.367,22.1,2.187,5.768,0.379,1.312,243.8,504414.06,5198260.27,504408.21,5198257.29,504404.31,5198240.43,331.9,,0,
kprcnn-adamiak-v2,Tacoma-Centralia_01_20260429,Centralia/I-5-south,held-out:unspecified,0,1,1710,4395,1,0.29743,1722.7,4404.04,1734.0,4418.21,11.3,14.17,160.22,1730.18,4406.51,1728.51,4411.45,1727.52,4416.4,5.1529,12.4918,12.8904,10.1784,10.241,30.72,5.217,5.044,1.034,0.321,254.9,504405.53,5198224.48,504400.54,5198209.64,504397.55,5198194.81,283.67,,0,
kprcnn-adamiak-v2,Tacoma-Centralia_01_20260429,Centralia/I-5-south,held-out:unspecified,0,1,1725,4395,1,0.4472,1725.35,4406.18,1730.94,4418.19,5.59,12.02,67.11,1729.79,4406.99,1728.47,4411.54,1727.16,4416.41,2.4496,11.3133,15.1813,9.6481,9.777,29.33,4.732,5.045,0.938,0.044,254.4,504404.36,5198223.03,504400.42,5198209.39,504396.48,5198194.78,283.4,,0,
kprcnn-adamiak-v2,Tacoma-Centralia_01_20260429,Centralia/I-5-south,held-out:unspecified,0,1,1695,4500,1,0.06286,1705.81,4500.0,1712.14,4512.56,6.34,12.56,79.59,1708.82,4500.5,1709.13,4503.8,1707.55,4510.41,0.9917,10.5907,13.324,8.3021,9.998,29.99,3.321,6.799,0.488,0.733,262.7,504341.45,5197942.51,504342.4,5197932.59,504337.64,5197912.76,2.49,54,1,1.476
kprcnn-adamiak-v2,Tacoma-Centralia_01_20260429,Centralia/I-5-south,held-out:unspecified,0,1,1695,4515,1,0.90247,1700.33,4519.48,1709.21,4537.87,8.88,18.38,163.18,1706.75,4522.6,1706.09,4527.53,1703.46,4534.75,6.035,15.2701,17.8844,13.0632,12.582,37.75,4.967,7.685,0.646,0.652,254.9,504335.24,5197876.19,504333.27,5197861.42,504325.37,5197839.76,2.25,55,1,0.953
kprcnn-adamiak-v2,Tacoma-Centralia_01_20260429,Centralia/I-5-south,held-out:unspecified,0,1,1680,4605,1,0.44109,1683.0,4610.55,1691.81,4628.14,8.81,17.59,154.9,1688.06,4613.71,1687.73,4618.35,1685.45,4625.32,4.2955,11.0001,14.6508,9.9822,11.906,35.72,4.658,7.335,0.635,0.7,257.3,504279.17,5197602.88,504278.19,5197588.94,504271.34,5197568.03,276.31,,0,
kprcnn-adamiak-v2,Tacoma-Centralia_01_20260429,Centralia/I-5-south,held-out:unspecified,0,1,1650,4785,1,0.65211,1652.07,4791.05,1662.92,4804.31,10.85,13.26,143.93,1655.85,4803.48,1656.84,4799.83,1658.81,4793.53,1.8246,11.1121,17.6638,10.2001,10.376,31.13,3.778,6.6,0.572,0.095,73.4,504182.54,5197033.57,504185.51,5197044.51,504191.43,5197063.4,3.08,56,1,1.113
kprcnn-adamiak-v2,Tacoma-Centralia_01_20260429,Centralia/I-5-south,held-out:unspecified,0,1,1620,4920,1,0.06989,1624.94,4926.53,1634.26,4944.0,9.32,17.47,162.87,1628.1,4937.9,1629.77,4933.28,1630.76,4926.69,3.2536,11.8444,11.7756,8.9579,11.522,34.57,4.907,6.669,0.736,0.552,76.6,504099.3,5196630.3,504104.3,5196644.15,504107.29,5196663.93,73.46,,0,
kprcnn-adamiak-v2,Tacoma-Centralia_01_20260429,Centralia/I-5-south,held-out:unspecified,0,1,1605,4950,1,0.37225,1620.46,4950.0,1629.0,4962.89,8.54,12.89,110.14,1623.58,4960.74,1624.89,4956.78,1626.54,4950.5,5.4608,14.1019,15.722,11.7616,10.665,32.0,4.179,6.492,0.644,0.163,73.9,504085.73,5196561.77,504089.68,5196573.67,504094.61,5196592.51,2.2,57,1,1.05
kprcnn-adamiak-v2,Tacoma-Centralia_01_20260429,Centralia/I-5-south,held-out:unspecified,0,1,1605,4950,0,0.07501,1611.92,4950.37,1626.61,4967.21,14.69,16.84,247.31,1623.18,4961.1,1618.61,4958.13,1616.0,4964.4,4.6627,12.6239,11.7235,9.6701,7.903,23.71,5.451,6.795,0.802,4.609,204.7,504084.55,5196560.7,504070.84,5196569.61,504063.01,5196550.79,5.22,58,1,3.485
kprcnn-adamiak-v2,Tacoma-Centralia_01_20260429,Centralia/I-5-south,held-out:unspecified,0,1,1605,4965,1,0.25762,1607.23,4979.47,1616.29,4989.0,9.06,9.53,86.37,1611.27,4980.95,1611.27,4985.22,1614.51,4987.19,5.3186,10.6622,5.0695,7.0168,7.034,21.1,4.273,3.79,1.127,1.966,297.4,504048.81,5196501.16,504048.81,5196488.34,504058.52,5196482.42,2.52,59,1,2.927
kprcnn-adamiak-v2,Tacoma-Centralia_01_20260429,Centralia/I-5-south,held-out:unspecified,0,1,1590,4980,1,0.05296,1606.61,4980.0,1614.0,4992.52,7.39,12.52,92.46,1611.59,4981.15,1610.95,4984.78,1608.7,4990.38,4.5365,13.6233,15.6111,11.257,9.667,29.0,3.68,6.035,0.61,0.471,252.6,504049.77,5196500.54,504047.85,5196489.67,504041.1,5196472.87,4.15,59,1,1.157
kprcnn-adamiak-v2,Tacoma-Centralia_01_20260429,Centralia/I-5-south,held-out:unspecified,0,1,1605,4980,1,0.10227,1606.66,4980.0,1614.35,4992.93,7.69,12.93,99.5,1611.63,4980.83,1611.3,4984.81,1608.74,4990.78,4.051,12.6618,17.3163,11.343,10.359,31.08,3.993,6.497,0.615,0.8,253.8,504049.88,5196501.51,504048.91,5196489.57,504041.22,5196471.67,3.47,59,1,1.01
kprcnn-adamiak-v2,Tacoma-Centralia_01_20260429,Centralia/I-5-south,held-out:unspecified,0,1,1485,5280,1,0.11181,1491.95,5285.92,1504.26,5304.0,12.31,18.08,222.59,1495.77,5298.9,1498.1,5295.29,1500.76,5289.04,4.1115,10.6408,16.5266,10.4263,11.055,33.16,4.302,6.791,0.633,0.445,63.2,503702.32,5195547.29,503709.31,5195558.14,503717.29,5195576.88,2.99,60,1,1.092
kprcnn-adamiak-v2,Tacoma-Centralia_01_20260429,Centralia/I-5-south,held-out:unspecified,0,1,1410,5445,1,0.36531,1425.79,5451.16,1434.0,5465.82,8.21,14.66,120.41,1428.58,5463.32,1429.89,5458.99,1432.52,5451.33,2.3775,12.1075,11.5427,8.6759,12.625,37.88,4.526,8.101,0.559,0.104,71.8,503500.74,5195054.03,503504.68,5195067.03,503512.56,5195090.01,3.47,61,1,1.282
kprcnn-adamiak-v2,Tacoma-Centralia_01_20260429,Centralia/I-5-south,held-out:unspecified,0,1,1425,5445,1,0.4626,1425.0,5450.84,1436.95,5464.91,11.95,14.07,168.22,1428.15,5463.76,1430.48,5458.86,1434.13,5451.66,-1.3911,10.6104,13.1697,7.463,13.503,40.51,5.431,8.073,0.673,0.089,63.7,503499.46,5195052.71,503506.44,5195067.43,503517.4,5195089.03,2.1,61,1,0.704
kprcnn-adamiak-v2,Tacoma-Centralia_01_20260429,Centralia/I-5-south,held-out:unspecified,0,1,1410,5460,1,0.1179,1410.0,5475.17,1418.31,5484.0,8.31,8.83,73.38,1415.15,5475.99,1413.82,5480.24,1411.16,5483.84,2.2369,8.3917,4.094,4.9075,8.805,26.41,4.455,4.474,0.996,0.741,243.1,503460.45,5195016.04,503456.47,5195003.28,503448.49,5194992.49,0.9,62,1,1.226
kprcnn-adamiak-v2,Tacoma-Centralia_01_20260429,Centralia/I-5-south,held-out:unspecified,0,1,1350,5610,1,0.07097,1363.38,5610.0,1371.56,5626.7,8.19,16.7,136.75,1363.87,5620.65,1365.18,5616.39,1368.78,5610.16,2.9656,10.3895,12.5397,8.6316,11.575,34.73,4.455,7.191,0.62,0.621,64.9,503306.6,5194582.06,503310.53,5194594.84,503321.34,5194613.51,3.57,63,1,0.803
kprcnn-adamiak-v2,Tacoma-Centralia_01_20260429,Centralia/I-5-south,held-out:unspecified,0,1,1320,5670,1,0.14591,1321.53,5682.4,1334.65,5694.0,13.12,11.6,152.27,1328.91,5684.88,1327.27,5689.19,1323.0,5691.85,1.8356,6.5592,7.4106,5.2684,9.129,27.39,4.611,5.022,0.918,1.537,229.7,503201.73,5194389.35,503196.81,5194376.42,503184.01,5194368.46,182.85,,0,
kprcnn-adamiak-v2,Tacoma-Centralia_01_20260429,Centralia/I-5-south,held-out:unspecified,0,1,1275,5775,1,0.57737,1289.24,5782.9,1299.0,5796.8,9.76,13.9,135.63,1292.66,5794.32,1294.28,5790.02,1296.56,5785.05,4.9953,12.8309,14.6365,10.8209,10.056,30.17,4.6,5.462,0.842,0.171,67.2,503092.98,5194061.04,503097.85,5194073.95,503104.68,5194088.84,3.87,65,1,0.844
kprcnn-adamiak-v2,Tacoma-Centralia_01_20260429,Centralia/I-5-south,held-out:unspecified,0,1,1290,5775,1,0.30945,1290.0,5783.93,1300.43,5795.94,10.43,12.01,125.27,1292.44,5793.83,1294.73,5790.26,1296.68,5784.41,3.9559,11.0177,12.9795,9.3177,10.324,30.97,4.238,6.162,0.688,0.615,65.8,503092.33,5194062.52,503099.18,5194073.23,503105.04,5194090.76,2.37,65,1,0.872
kprcnn-adamiak-v2,Tacoma-Centralia_01_20260429,Centralia/I-5-south,held-out:unspecified,0,1,1275,5805,1,0.09504,1279.85,5809.89,1290.77,5825.85,10.92,15.96,174.31,1283.32,5823.02,1285.31,5819.36,1286.63,5812.38,4.7393,12.032,16.9329,11.2348,11.144,33.43,4.162,7.107,0.586,0.81,72.7,503064.97,5193974.94,503070.92,5193985.91,503074.89,5194006.86,2.3,66,1,0.781
kprcnn-adamiak-v2,Tacoma-Centralia_01_20260429,Centralia/I-5-south,held-out:unspecified,0,1,1260,5835,1,0.05936,1264.04,5853.44,1273.6,5859.0,9.56,5.56,53.15,1268.49,5854.58,1267.83,5857.2,1272.11,5857.86,2.6006,5.0286,3.392,3.6737,4.883,14.65,2.698,4.335,0.622,2.385,318.0,503020.46,5193880.25,503018.48,5193872.4,503031.34,5193870.43,123.19,,0,
kprcnn-adamiak-v2,Tacoma-Centralia_01_20260429,Centralia/I-5-south,held-out:unspecified,0,1,1245,5925,1,0.09485,1246.22,5943.66,1262.82,5949.0,16.6,5.34,88.68,1252.36,5947.9,1254.69,5946.64,1248.05,5946.64,-3.9015,7.5962,7.0779,3.5909,4.495,13.49,2.642,6.64,0.398,1.857,163.8,502972.09,5193600.3,502979.06,5193604.07,502959.14,5193604.07,188.71,,0,
kprcnn-adamiak-v2,Tacoma-Centralia_01_20260429,Centralia/I-5-south,held-out:unspecified,0,1,1230,6000,1,0.05605,1230.03,6001.03,1234.81,6015.81,4.78,14.78,70.62,1233.69,6002.18,1232.74,6007.11,1231.14,6013.02,2.9839,9.5182,14.0944,8.8655,11.136,33.41,5.019,6.123,0.82,0.197,256.8,502916.07,5193437.46,502913.21,5193422.68,502908.43,5193404.94,2.72,67,1,1.124
kprcnn-adamiak-v2,Tacoma-Centralia_01_20260429,Centralia/I-5-south,held-out:unspecified,0,1,1215,6015,1,0.07097,1225.46,6015.0,1235.03,6038.65,9.57,23.65,226.26,1231.23,6020.83,1230.24,6025.82,1227.93,6033.15,3.0134,8.6994,11.6274,7.7801,12.757,38.27,5.093,7.682,0.663,0.336,255.0,502908.7,5193381.51,502905.73,5193366.53,502898.8,5193344.55,54.21,,0,
kprcnn-adamiak-v2,Tacoma-Centralia_01_20260429,Centralia/I-5-south,held-out:unspecified,0,1,1185,6150,1,0.49407,1194.36,6153.82,1203.23,6171.94,8.86,18.12,160.55,1199.45,6156.95,1198.8,6161.89,1196.83,6168.81,5.8605,13.2941,15.9461,11.7002,12.145,36.43,4.984,7.192,0.693,0.427,257.5,502813.36,5192973.14,502811.39,5192958.32,502805.48,5192937.57,1.79,69,1,1.021
kprcnn-adamiak-v2,Tacoma-Centralia_01_20260429,Centralia/I-5-south,held-out:unspecified,0,1,1200,6150,1,0.09668,1202.06,6155.88,1208.82,6168.63,6.77,12.74,86.22,1205.12,6166.5,1205.76,6162.91,1207.05,6157.03,4.2153,11.5953,10.7549,8.8551,9.671,29.01,3.652,6.021,0.606,0.087,78.5,502830.35,5192944.49,502832.29,5192955.27,502836.15,5192972.92,2.69,70,1,1.154
kprcnn-adamiak-v2,Tacoma-Centralia_01_20260429,Centralia/I-5-south,held-out:unspecified,0,1,1140,6390,1,0.09922,1140.71,6397.71,1149.54,6414.0,8.84,16.29,143.95,1145.45,6400.53,1145.13,6405.19,1143.82,6411.17,1.6796,11.4125,13.3994,8.8305,10.766,32.3,4.667,6.127,0.762,0.384,261.3,502651.36,5192242.4,502650.38,5192228.43,502646.45,5192210.48,332.53,,0,
kprcnn-adamiak-v2,Tacoma-Centralia_01_20260429,Centralia/I-5-south,held-out:unspecified,0,1,1125,6495,1,0.14079,1125.0,6509.61,1135.61,6518.77,10.61,9.16,97.2,1127.49,6516.97,1129.81,6514.35,1130.8,6509.77,1.1554,9.6079,8.7807,6.5147,7.925,23.77,3.498,4.687,0.746,1.013,65.3,502597.46,5191893.09,502604.42,5191900.94,502607.41,5191914.68,2.14,71,1,1.98
kprcnn-adamiak-v2,Tacoma-Centralia_01_20260429,Centralia/I-5-south,held-out:unspecified,0,1,1110,6510,1,0.4877,1113.11,6519.11,1122.16,6532.82,9.05,13.71,124.02,1119.09,6521.23,1118.45,6525.15,1116.83,6530.7,3.6488,11.7545,13.4612,9.6215,9.73,29.19,3.969,5.778,0.687,0.282,256.6,502572.28,5191880.3,502570.34,5191868.55,502565.49,5191851.91,1.83,72,1,1.63
kprcnn-adamiak-v2,Tacoma-Centralia_01_20260429,Centralia/I-5-south,held-out:unspecified,0,1,1110,6555,1,0.07228,1112.67,6564.14,1119.21,6579.0,6.54,14.86,97.27,1115.12,6576.52,1115.45,6571.9,1116.76,6564.63,4.9338,7.2086,6.2408,6.1278,12.002,36.01,4.635,7.383,0.628,0.306,82.2,502560.36,5191714.43,502561.34,5191728.3,502565.27,5191750.1,139.43,,0,
kprcnn-adamiak-v2,Tacoma-Centralia_01_20260429,Centralia/I-5-south,held-out:unspecified,0,1,1080,6645,1,0.25862,1083.43,6663.61,1099.5,6668.67,16.07,5.06,81.35,1087.2,6666.93,1090.48,6666.93,1095.73,6666.3,7.864,4.7285,15.4901,9.3608,8.552,25.65,3.28,5.286,0.621,0.243,4.2,502476.59,5191443.2,502486.43,5191443.2,502502.18,5191445.1,21.55,,0,
kprcnn-adamiak-v2,Tacoma-Centralia_01_20260429,Centralia/I-5-south,held-out:unspecified,0,1,1080,6660,1,0.60975,1080.41,6664.72,1090.38,6682.72,9.97,17.99,179.42,1086.89,6667.89,1085.56,6672.89,1083.9,6679.88,6.5618,14.1087,16.5775,12.416,12.362,37.09,5.172,7.192,0.719,0.081,256.0,502475.67,5191440.33,502471.68,5191425.34,502466.69,5191404.35,1.98,73,1,0.965
kprcnn-adamiak-v2,Tacoma-Centralia_01_20260429,Centralia/I-5-south,held-out:unspecified,0,1,1080,6660,0,0.07241,1081.1,6674.76,1097.22,6682.93,16.11,8.18,131.8,1093.1,6676.88,1089.16,6678.85,1083.9,6680.48,6.699,3.0612,16.9526,8.9043,9.887,29.66,4.408,5.51,0.8,0.392,201.3,502494.31,5191413.35,502482.47,5191407.46,502466.69,5191402.56,19.15,,0,
kprcnn-adamiak-v2,Tacoma-Centralia_01_20260429,Centralia/I-5-south,held-out:unspecified,0,1,1080,6675,1,0.13292,1081.38,6688.05,1091.46,6699.0,10.07,10.95,110.28,1084.8,6697.18,1087.4,6695.18,1089.35,6688.88,-0.0501,9.6106,11.7063,7.0889,9.46,28.38,3.274,6.598,0.496,1.322,61.3,502469.39,5191352.47,502477.19,5191358.45,502483.04,5191377.36,1.35,75,1,1.857
kprcnn-adamiak-v2,Tacoma-Centralia_01_20260429,Centralia/I-5-south,held-out:unspecified,0,1,1065,6720,1,0.1748,1068.13,6725.77,1077.2,6742.79,9.08,17.02,154.52,1073.48,6728.88,1072.83,6733.46,1070.56,6739.68,2.7383,10.7381,11.8588,8.4451,11.189,33.57,4.628,6.621,0.699,0.569,254.9,502435.43,5191257.37,502433.48,5191243.62,502426.68,5191224.96,123.92,,0,
kprcnn-adamiak-v2,Tacoma-Centralia_01_20260429,Centralia/I-5-south,held-out:unspecified,0,1,1035,6810,1,0.05006,1050.15,6813.14,1057.6,6832.09,7.45,18.95,141.11,1053.55,6816.3,1053.88,6820.62,1051.61,6827.6,5.3681,14.475,15.7167,11.8533,11.468,34.4,4.334,7.34,0.59,1.051,260.2,502375.66,5190995.11,502376.63,5190982.15,502369.83,5190961.2,3.82,76,1,1.076
kprcnn-adamiak-v2,Tacoma-Centralia_01_20260429,Centralia/I-5-south,held-out:unspecified,0,1,1020,6870,1,0.21282,1032.98,6882.58,1044.0,6894.0,11.02,11.42,125.83,1040.92,6884.37,1039.3,6888.29,1042.22,6891.55,0.8866,13.6795,7.4629,7.343,7.296,21.89,4.238,4.377,0.968,2.29,280.2,502337.77,5190790.88,502332.91,5190779.13,502341.65,5190769.34,1.55,78,1,2.773
kprcnn-adamiak-v2,Tacoma-Centralia_01_20260429,Centralia/I-5-south,held-out:unspecified,0,1,1035,6870,1,0.90477,1035.0,6883.95,1045.05,6892.86,10.05,8.91,89.51,1040.35,6885.43,1039.38,6888.4,1036.46,6892.69,0.6277,11.9576,5.722,6.1024,8.236,24.71,3.125,5.187,0.602,0.545,241.8,502336.04,5190787.7,502333.13,5190778.79,502324.38,5190765.92,1.18,78,1,1.514
kprcnn-adamiak-v2,Tacoma-Centralia_02_20260602,Centralia/I-5-south,trained,1,1,135,75,1,0.05036,144.47,93.17,158.76,99.0,14.29,5.83,83.34,148.29,94.63,150.62,96.25,146.3,96.89,0.3365,8.913,3.9792,4.4096,3.02,9.06,2.835,4.37,0.649,2.817,228.7,499659.87,5211160.12,499666.85,5211155.26,499653.89,5211153.32,2029.52,,0,
kprcnn-adamiak-v2,Tacoma-Centralia_02_20260602,Centralia/I-5-south,trained,1,1,1005,495,1,0.56182,1013.8,516.25,1029.0,516.44,15.2,0.2,2.98,1016.28,516.41,1020.57,516.41,1026.52,516.41,4.884,9.7555,14.2765,9.6387,10.244,30.73,4.296,5.948,0.722,0.0,0.0,502263.83,5209894.76,502276.72,5209894.76,502294.56,5209894.76,2.66,1,1,1.067
kprcnn-adamiak-v2,Tacoma-Centralia_02_20260602,Centralia/I-5-south,trained,1,1,660,510,1,0.3776,660.0,530.4,678.88,534.0,18.88,3.6,68.08,661.82,531.54,666.79,531.87,674.41,532.2,4.0577,12.4094,11.6727,9.3799,12.607,37.82,4.98,7.627,0.653,0.069,357.0,501200.47,5209849.37,501215.38,5209848.39,501238.24,5209847.41,3.27,0,1,1.462
kprcnn-adamiak-v2,Tacoma-Centralia_02_20260602,Centralia/I-5-south,trained,1,1,660,525,1,0.11791,660.15,529.52,675.78,536.95,15.64,7.44,116.27,662.64,531.94,666.97,532.91,674.28,533.88,4.353,12.433,14.3041,10.3634,11.804,35.41,4.432,7.383,0.6,0.246,350.5,501202.92,5209848.17,501215.9,5209845.26,501237.85,5209842.35,1.77,0,1,0.564
kprcnn-adamiak-v2,Tacoma-Centralia_02_20260602,Centralia/I-5-south,trained,1,1,1350,630,1,0.06084,1354.34,638.24,1371.24,653.26,16.9,15.02,253.81,1368.09,646.57,1362.79,644.94,1356.49,642.0,7.5379,10.9999,14.7519,11.0966,12.468,37.4,5.548,6.949,0.798,0.425,158.5,503319.28,5209504.3,503303.37,5209509.19,503284.48,5209518.01,2.32,4,1,1.04
kprcnn-adamiak-v2,Tacoma-Centralia_02_20260602,Centralia/I-5-south,trained,1,1,1500,705,1,0.05381,1500.68,717.81,1523.2,726.58,22.52,8.76,197.29,1506.8,720.57,1511.11,721.87,1517.73,724.79,6.6851,13.9583,16.9786,12.5407,11.715,35.14,4.497,7.239,0.621,0.339,338.9,503735.41,5209282.28,503748.32,5209278.39,503768.19,5209269.63,2.44,5,1,0.659
kprcnn-adamiak-v2,Tacoma-Centralia_02_20260602,Centralia/I-5-south,trained,1,1,3300,735,1,0.64381,3308.89,753.37,3324.0,758.95,15.11,5.58,84.24,3321.54,756.16,3317.6,756.16,3311.03,756.16,2.5617,13.4317,14.0964,10.0299,10.51,31.53,3.941,6.569,0.6,0.0,180.0,509179.61,5209175.51,509167.79,5209175.51,509148.08,5209175.51,133.25,,0,
kprcnn-adamiak-v2,Tacoma-Centralia_02_20260602,Centralia/I-5-south,trained,1,1,3345,735,1,0.76207,3353.05,755.86,3369.0,755.92,15.95,0.06,0.94,3356.54,756.02,3361.19,756.02,3366.51,756.02,3.3385,12.9812,9.9121,8.7439,9.968,29.9,4.652,5.316,0.875,0.0,0.0,509284.62,5209175.93,509298.58,5209175.93,509314.52,5209175.93,4.81,22,1,2.56
kprcnn-adamiak-v2,Tacoma-Centralia_02_20260602,Centralia/I-5-south,trained,1,1,3360,735,1,0.17198,3367.13,737.08,3378.93,759.0,11.79,21.92,258.47,3378.11,744.22,3373.19,745.22,3368.28,754.85,4.5303,7.6906,12.446,8.2223,14.474,43.42,5.014,10.811,0.464,2.931,227.2,509349.32,5209211.33,509334.58,5209208.34,509319.84,5209179.45,2.09,23,1,3.29
kprcnn-adamiak-v2,Tacoma-Centralia_02_20260602,Centralia/I-5-south,trained,1,1,3360,735,0,0.16123,3366.17,747.3,3379.59,747.62,13.42,0.32,4.34,3377.46,747.46,3373.21,747.46,3368.3,747.46,-4.9953,3.5875,7.5223,2.0382,9.165,27.5,4.255,4.91,0.867,0.0,180.0,509347.39,5209201.61,509334.62,5209201.61,509319.89,5209201.61,7.14,23,1,2.498
kprcnn-adamiak-v2,Tacoma-Centralia_02_20260602,Centralia/I-5-south,trained,1,1,3195,750,1,0.05493,3203.28,766.31,3219.0,766.32,15.72,0.01,0.13,3216.22,766.48,3209.34,766.48,3203.44,766.48,-3.2924,6.8034,4.3107,2.6072,12.774,38.32,6.878,5.896,1.167,0.0,180.0,508863.65,5209144.57,508843.01,5209144.57,508825.33,5209144.57,177.82,,0,
kprcnn-adamiak-v2,Tacoma-Centralia_02_20260602,Centralia/I-5-south,trained,1,1,3195,750,0,0.05167,3202.52,761.06,3219.0,772.11,16.48,11.04,182.04,3216.2,764.8,3209.94,766.75,3202.68,766.75,-0.3279,8.2413,7.0178,4.977,13.655,40.96,6.559,7.252,0.904,1.035,188.2,508863.59,5209149.6,508844.81,5209143.75,508823.05,5209143.75,176.09,,0,
kprcnn-adamiak-v2,Tacoma-Centralia_02_20260602,Centralia/I-5-south,trained,1,1,3255,750,1,0.15756,3259.97,754.05,3275.58,766.5,15.61,12.46,194.48,3272.09,761.75,3267.11,761.42,3260.8,762.73,0.5729,11.9217,11.9376,8.1441,11.337,34.01,4.994,6.446,0.775,0.759,185.0,509031.28,5209158.75,509016.33,5209159.73,508997.39,5209155.8,4.73,21,1,1.049
kprcnn-adamiak-v2,Tacoma-Centralia_02_20260602,Centralia/I-5-south,trained,1,1,3255,750,0,0.13801,3258.19,762.0,3278.46,764.82,20.27,2.82,57.16,3272.31,762.78,3267.33,763.1,3261.35,763.1,0.4444,13.3543,12.9163,8.905,10.968,32.9,4.993,5.98,0.835,0.171,181.6,509031.94,5209155.65,509016.99,5209154.71,508999.05,5209154.71,4.25,21,1,0.946
kprcnn-adamiak-v2,Tacoma-Centralia_02_20260602,Centralia/I-5-south,trained,1,1,3255,750,0,0.05989,3258.11,763.34,3278.77,763.34,20.66,0.0,0.07,3272.27,763.51,3267.6,763.51,3261.28,763.51,-1.809,9.4239,11.1291,6.248,10.994,32.98,4.664,6.33,0.737,0.0,180.0,509031.81,5209153.48,509017.81,5209153.48,508998.83,5209153.48,4.58,21,1,1.09
kprcnn-adamiak-v2,Tacoma-Centralia_02_20260602,Centralia/I-5-south,trained,1,1,3270,750,1,0.10711,3272.13,766.71,3294.0,766.71,21.87,0.0,0.09,3275.61,766.87,3279.26,766.87,3288.53,766.87,-4.1344,7.2091,11.0617,4.7122,12.922,38.77,3.645,9.277,0.393,0.0,0.0,509041.83,5209143.38,509052.77,5209143.38,509080.6,5209143.38,35.25,,0,
kprcnn-adamiak-v2,Tacoma-Centralia_02_20260602,Centralia/I-5-south,trained,1,1,3270,750,0,0.08861,3272.35,766.5,3294.0,766.5,21.65,0.0,0.09,3275.84,766.67,3279.18,766.67,3288.84,766.67,-4.2367,6.5681,10.6197,4.317,12.992,38.98,3.331,9.661,0.345,0.0,0.0,509042.53,5209144.0,509052.53,5209144.0,509081.51,5209144.0,34.78,,0,
kprcnn-adamiak-v2,Tacoma-Centralia_02_20260602,Centralia/I-5-south,trained,1,1,3120,765,1,0.21995,3127.65,769.63,3144.0,785.09,16.35,15.46,252.78,3141.22,775.05,3137.3,776.37,3130.76,778.34,4.1653,13.4177,8.4943,8.6924,10.969,32.91,4.139,6.831,0.606,0.078,197.5,508638.66,5209118.84,508626.89,5209114.89,508607.27,5209108.97,1.84,20,1,0.479
kprcnn-adamiak-v2,Tacoma-Centralia_02_20260602,Centralia/I-5-south,trained,1,1,3135,765,1,0.05174,3145.38,772.98,3159.0,784.79,13.62,11.81,160.89,3148.87,782.33,3152.52,780.03,3149.53,774.13,3.3253,10.5526,16.9679,10.282,8.23,24.69,4.316,6.62,0.652,3.457,85.4,508661.6,5209097.01,508672.57,5209103.9,508663.6,5209121.62,47.81,,0,
kprcnn-adamiak-v2,Tacoma-Centralia_02_20260602,Centralia/I-5-south,trained,1,1,3120,780,1,0.2344,3125.39,784.81,3135.26,802.09,9.87,17.28,170.6,3131.47,801.93,3130.49,793.62,3125.55,792.29,-4.1098,8.2319,6.6448,3.589,11.312,33.94,8.366,5.112,1.636,3.509,121.6,508609.42,5209038.22,508606.46,5209063.14,508591.65,5209067.13,53.89,,0,
kprcnn-adamiak-v2,Tacoma-Centralia_02_20260602,Centralia/I-5-south,trained,1,1,3120,780,0,0.06579,3124.39,784.98,3135.29,793.85,10.9,8.87,96.74,3130.83,793.68,3130.17,792.7,3125.54,792.04,-3.4587,4.7133,8.8403,3.3649,5.536,16.61,1.187,4.672,0.254,0.745,162.7,508607.49,5209062.95,508605.51,5209065.9,508591.63,5209067.88,51.69,,0,
kprcnn-adamiak-v2,Tacoma-Centralia_02_20260602,Centralia/I-5-south,trained,1,1,3000,840,1,0.05113,3008.08,845.43,3020.44,864.0,12.35,18.57,229.45,3017.02,851.56,3013.77,854.88,3010.52,860.85,1.825,11.5609,15.3085,9.5648,11.336,34.01,4.644,6.798,0.683,0.761,235.0,508266.07,5208889.31,508256.32,5208879.36,508246.56,5208861.45,0.33,19,1,0.718
kprcnn-adamiak-v2,Tacoma-Centralia_02_20260602,Centralia/I-5-south,trained,1,1,2985,855,1,0.10753,2994.01,867.37,3009.0,879.0,14.99,11.63,174.34,3005.5,869.53,3001.84,872.52,2998.84,876.84,3.5851,11.3546,13.3162,9.4186,9.891,29.67,4.73,5.258,0.899,0.694,227.7,508231.51,5208835.42,508220.52,5208826.44,508211.52,5208813.48,64.04,,0,
kprcnn-adamiak-v2,Tacoma-Centralia_02_20260602,Centralia/I-5-south,trained,1,1,2970,915,1,0.44292,2972.78,925.4,2983.89,938.49,11.11,13.08,145.28,2975.23,936.36,2977.84,932.44,2981.11,927.53,5.3818,9.6165,15.5747,10.191,10.608,31.82,4.715,5.893,0.8,0.0,56.3,508140.69,5208634.92,508148.53,5208646.69,508158.33,5208661.41,2.69,17,1,0.974
kprcnn-adamiak-v2,Tacoma-Centralia_02_20260602,Centralia/I-5-south,trained,1,1,2970,915,0,0.12002,2970.0,930.1,2992.68,937.07,22.68,6.97,158.11,2975.09,935.91,2978.71,933.26,2970.16,933.59,2.7043,7.5344,6.2413,5.4933,5.45,16.35,4.486,8.552,0.525,3.944,154.8,508140.28,5208636.26,508151.13,5208644.23,508125.49,5208643.24,2.72,17,1,4.931
kprcnn-adamiak-v2,Tacoma-Centralia_02_20260602,Centralia/I-5-south,trained,1,1,2940,960,1,0.12814,2940.0,976.54,2950.4,984.0,10.4,7.46,77.61,2947.96,977.03,2945.36,980.92,2941.14,981.89,1.9632,10.5744,7.9972,6.845,8.383,25.15,4.682,4.336,1.08,1.66,215.5,508058.89,5208512.92,508051.09,5208501.25,508038.41,5208498.33,0.77,16,1,2.433
kprcnn-adamiak-v2,Tacoma-Centralia_02_20260602,Centralia/I-5-south,trained,1,1,1845,975,1,0.05085,1853.83,988.39,1869.0,988.58,15.17,0.19,2.9,1856.31,988.55,1859.6,988.55,1865.54,988.55,-5.4023,5.1477,9.1465,2.964,9.231,27.69,3.297,5.934,0.556,0.0,0.0,504783.92,5208478.34,504793.81,5208478.34,504811.61,5208478.34,621.3,,0,
kprcnn-adamiak-v2,Tacoma-Centralia_02_20260602,Centralia/I-5-south,trained,1,1,2925,975,1,0.08704,2939.73,975.63,2949.0,987.84,9.27,12.21,113.15,2946.52,976.46,2945.19,980.41,2942.21,986.02,1.7896,10.7459,14.362,8.9658,10.49,31.47,4.174,6.35,0.657,0.416,245.8,508054.55,5208514.63,508050.58,5208502.76,508041.64,5208485.93,1.49,16,1,0.978
kprcnn-adamiak-v2,Tacoma-Centralia_02_20260602,Centralia/I-5-south,trained,1,1,2940,975,1,0.07583,2940.0,975.65,2949.66,987.96,9.66,12.3,118.88,2947.16,976.49,2945.16,980.48,2941.83,985.8,1.9403,10.1158,15.1078,9.0546,10.729,32.19,4.463,6.278,0.711,0.248,240.2,508056.49,5208514.54,508050.49,5208502.57,508040.5,5208486.61,1.29,16,1,0.92
kprcnn-adamiak-v2,Tacoma-Centralia_02_20260602,Centralia/I-5-south,trained,1,1,2925,990,1,0.12667,2927.91,994.31,2937.93,1010.33,10.02,16.03,160.6,2935.83,997.09,2932.92,1001.99,2930.01,1007.55,0.7551,9.6949,9.4293,6.6265,11.975,35.93,5.704,6.276,0.909,0.159,240.9,508022.48,5208452.74,508013.75,5208438.02,508005.02,5208421.34,1.63,15,1,1.039
kprcnn-adamiak-v2,Tacoma-Centralia_02_20260602,Centralia/I-5-south,trained,1,1,2910,1005,1,0.21935,2910.99,1016.24,2924.06,1028.37,13.07,12.13,158.45,2920.63,1018.37,2918.67,1022.31,2914.42,1026.24,2.8182,8.1066,12.6176,7.8474,10.02,30.06,4.394,5.788,0.759,0.898,231.7,507976.88,5208388.88,507971.0,5208377.08,507958.26,5208365.28,76.06,,0,
kprcnn-adamiak-v2,Tacoma-Centralia_02_20260602,Centralia/I-5-south,trained,1,1,2895,1035,1,0.52488,2901.96,1038.56,2914.6,1059.0,12.64,20.44,258.31,2905.46,1054.22,2907.79,1048.95,2911.78,1044.0,5.3825,11.3307,12.5745,9.7626,12.014,36.04,5.765,6.354,0.907,0.794,58.3,507931.37,5208281.34,507938.36,5208297.16,507950.33,5208311.99,146.02,,0,
kprcnn-adamiak-v2,Tacoma-Centralia_02_20260602,Centralia/I-5-south,trained,1,1,2010,1065,1,0.05706,2013.63,1083.45,2030.83,1088.03,17.21,4.58,78.74,2017.1,1084.27,2021.07,1085.25,2028.02,1086.89,-2.2326,2.9101,12.0451,4.2409,11.229,33.69,4.09,7.139,0.573,0.029,346.5,505266.3,5208191.19,505278.21,5208188.24,505299.06,5208183.34,1183.37,,0,
kprcnn-adamiak-v2,Tacoma-Centralia_02_20260602,Centralia/I-5-south,trained,1,1,2865,1065,1,0.16982,2873.57,1082.31,2887.12,1088.58,13.55,6.27,85.0,2877.37,1082.47,2879.35,1086.11,2883.98,1083.46,-3.754,9.308,13.4614,6.3385,6.683,20.05,4.138,5.327,0.777,3.298,351.5,507847.1,5208196.58,507853.05,5208185.68,507866.93,5208193.61,10.21,14,1,5.173
kprcnn-adamiak-v2,Tacoma-Centralia_02_20260602,Centralia/I-5-south,trained,1,1,2370,1125,1,0.13059,2381.99,1136.02,2394.0,1147.78,12.01,11.76,141.22,2386.05,1141.73,2388.97,1141.08,2384.42,1138.47,2.2537,10.3788,6.5356,6.3893,3.647,10.94,2.993,5.242,0.571,2.907,116.4,506373.14,5208018.8,506381.91,5208020.76,506368.27,5208028.6,516.2,,0,
kprcnn-adamiak-v2,Tacoma-Centralia_02_20260602,Centralia/I-5-south,trained,1,1,2385,1125,1,0.15171,2385.0,1137.68,2397.54,1145.07,12.54,7.38,92.55,2385.82,1141.05,2388.79,1141.05,2394.73,1140.09,2.0053,7.2894,11.9337,7.0761,8.961,26.88,2.97,6.017,0.494,0.319,6.2,506372.47,5208020.84,506381.38,5208020.84,506399.2,5208023.72,516.69,,0,
kprcnn-adamiak-v2,Tacoma-Centralia_02_20260602,Centralia/I-5-south,trained,1,1,2805,1140,1,0.66548,2805.0,1155.66,2819.08,1164.0,14.08,8.34,117.42,2815.64,1157.1,2812.37,1160.63,2806.15,1161.91,2.1789,12.5406,9.3198,8.0131,10.644,31.93,4.814,6.351,0.758,1.668,206.9,507661.92,5207972.69,507652.1,5207962.11,507633.44,5207958.26,1.72,13,1,1.765
kprcnn-adamiak-v2,Tacoma-Centralia_02_20260602,Centralia/I-5-south,trained,1,1,2805,1140,0,0.11731,2805.0,1158.85,2820.53,1159.2,15.53,0.35,5.42,2816.4,1158.93,2812.11,1159.11,2806.49,1159.11,-0.5597,8.3892,5.7753,4.5349,9.917,29.75,4.3,5.619,0.765,0.099,181.0,507664.21,5207967.2,507651.32,5207966.67,507634.46,5207966.67,4.76,13,1,3.557
kprcnn-adamiak-v2,Tacoma-Centralia_02_20260602,Centralia/I-5-south,trained,1,1,2775,1155,1,0.30158,2779.53,1169.71,2797.39,1179.0,17.85,9.29,165.89,2791.6,1171.53,2788.63,1175.18,2781.68,1176.84,3.1721,14.2456,12.1443,9.854,11.25,33.75,4.709,7.139,0.66,1.814,208.2,507589.81,5207929.4,507580.88,5207918.45,507560.05,5207913.47,0.89,12,1,1.408
kprcnn-adamiak-v2,Tacoma-Centralia_02_20260602,Centralia/I-5-south,trained,1,1,2790,1155,1,0.17326,2805.44,1155.27,2814.0,1168.0,8.56,12.73,108.89,2811.86,1156.09,2811.2,1160.98,2807.25,1165.88,0.3639,11.1971,14.6996,8.7535,10.819,32.46,4.938,6.289,0.785,1.489,244.8,507650.58,5207975.74,507648.61,5207961.06,507636.76,5207946.37,5.37,13,1,2.516
kprcnn-adamiak-v2,Tacoma-Centralia_02_20260602,Centralia/I-5-south,trained,1,1,2805,1155,1,0.06479,2805.0,1160.74,2819.18,1167.89,14.18,7.15,101.4,2813.41,1160.9,2813.41,1162.85,2807.47,1166.1,-3.2875,9.8587,16.0904,7.5538,7.892,23.68,1.95,6.768,0.288,1.467,221.2,507655.23,5207961.3,507655.23,5207955.45,507637.42,5207945.7,7.28,13,1,2.874
kprcnn-adamiak-v2,Tacoma-Centralia_02_20260602,Centralia/I-5-south,trained,1,1,2805,1155,0,0.05366,2805.0,1155.48,2820.75,1169.66,15.75,14.18,223.38,2815.67,1156.3,2813.04,1161.58,2806.81,1166.2,1.0812,13.8335,15.6118,10.1755,13.281,39.84,5.893,7.759,0.76,1.565,228.1,507662.0,5207975.09,507654.12,5207959.26,507635.42,5207945.41,3.34,13,1,1.036
kprcnn-adamiak-v2,Tacoma-Centralia_02_20260602,Centralia/I-5-south,trained,1,1,2745,1170,1,0.13899,2753.87,1184.07,2769.0,1194.0,15.13,9.93,150.25,2758.97,1185.89,2762.59,1189.2,2755.68,1191.19,-1.9976,12.5815,13.7525,8.1121,6.235,18.7,4.904,7.187,0.682,4.82,238.2,507491.91,5207886.33,507502.76,5207876.4,507482.04,5207870.44,4.23,11,1,2.363
kprcnn-adamiak-v2,Tacoma-Centralia_02_20260602,Centralia/I-5-south,trained,1,1,2775,1170,1,0.86511,2779.91,1170.0,2798.24,1181.58,18.33,11.58,212.24,2792.07,1171.82,2788.08,1175.13,2782.41,1179.1,4.3353,14.7108,13.6154,10.8872,12.098,36.29,5.19,6.918,0.75,0.237,217.0,507591.22,5207928.54,507579.23,5207918.61,507562.23,5207906.7,2.27,12,1,0.703
kprcnn-adamiak-v2,Tacoma-Centralia_02_20260602,Centralia/I-5-south,trained,1,1,2535,1200,1,0.22499,2535.0,1217.94,2546.03,1224.0,11.03,6.06,66.83,2537.11,1222.57,2539.7,1221.61,2536.14,1218.42,-5.1129,9.958,12.6419,5.829,4.258,12.77,2.766,4.786,0.578,2.745,103.2,506826.33,5207776.3,506834.11,5207779.17,506823.41,5207788.74,6.61,7,1,3.832
kprcnn-adamiak-v2,Tacoma-Centralia_02_20260602,Centralia/I-5-south,trained,1,1,2700,1200,1,0.06272,2700.0,1215.21,2722.21,1224.0,22.21,8.79,195.11,2701.16,1221.23,2708.45,1220.26,2717.07,1215.7,2.3181,8.093,13.0262,7.8124,16.843,50.53,7.356,9.747,0.755,1.473,19.2,507318.48,5207780.3,507340.35,5207783.23,507366.2,5207796.9,7.07,9,1,1.744
kprcnn-adamiak-v2,Tacoma-Centralia_02_20260602,Centralia/I-5-south,trained,1,1,2520,1215,1,0.38814,2532.03,1218.35,2544.0,1229.72,11.97,11.37,136.16,2541.51,1227.61,2539.18,1223.39,2535.19,1218.84,0.0897,12.5188,15.1374,9.2486,10.812,32.44,4.823,6.052,0.797,0.58,125.8,506839.52,5207761.16,506832.53,5207773.84,506820.56,5207787.49,2.36,7,1,0.999
kprcnn-adamiak-v2,Tacoma-Centralia_02_20260602,Centralia/I-5-south,trained,1,1,2535,1215,1,0.41737,2535.0,1215.77,2544.08,1229.2,9.08,13.43,122.0,2541.98,1227.07,2539.7,1222.81,2536.78,1217.24,-0.2721,11.3678,14.8124,8.636,11.114,33.34,4.826,6.288,0.768,0.019,117.8,506840.93,5207762.8,506834.11,5207775.57,506825.35,5207792.28,3.03,7,1,1.731
kprcnn-adamiak-v2,Tacoma-Centralia_02_20260602,Centralia/I-5-south,trained,1,1,2535,1230,1,0.05367,2535.0,1247.46,2541.7,1254.0,6.7,6.54,43.82,2536.12,1247.95,2537.07,1250.89,2536.75,1253.84,0.584,7.1661,3.3154,3.6885,5.922,17.77,3.096,2.961,1.045,0.634,276.2,506823.35,5207700.15,506826.22,5207691.32,506825.26,5207682.49,0.33,8,1,1.712
kprcnn-adamiak-v2,Tacoma-Centralia_02_20260602,Centralia/I-5-south,trained,1,1,2625,1245,1,0.06385,2634.62,1258.22,2649.0,1269.0,14.38,10.78,154.98,2634.78,1258.39,2641.97,1263.28,2646.55,1264.92,-5.9885,10.7776,12.9267,5.9053,13.457,40.37,8.7,4.858,1.791,0.793,331.0,507119.35,5207668.84,507140.92,5207654.15,507154.65,5207649.25,234.42,,0,
kprcnn-adamiak-v2,Tacoma-Centralia_02_20260602,Centralia/I-5-south,trained,1,1,2610,1335,1,0.35334,2621.41,1345.85,2634.0,1359.0,12.59,13.15,165.49,2629.53,1347.99,2628.2,1352.59,2631.18,1358.51,-0.2619,10.9466,5.8391,5.5079,10.646,31.94,4.788,6.624,0.723,2.025,279.0,507103.58,5207400.03,507099.61,5207386.23,507108.55,5207368.48,198.51,,0,
kprcnn-adamiak-v2,Tacoma-Centralia_02_20260602,Centralia/I-5-south,trained,1,1,2625,1410,1,0.06248,2631.61,1410.0,2639.13,1426.45,7.52,16.45,123.67,2634.39,1412.8,2635.37,1418.39,2636.35,1425.95,4.4289,11.9311,12.033,9.4643,13.303,39.91,5.678,7.629,0.744,0.146,278.5,507118.17,5207205.61,507121.11,5207188.84,507124.05,5207166.14,0.94,24,1,0.69
kprcnn-adamiak-v2,Tacoma-Centralia_02_20260602,Centralia/I-5-south,trained,1,1,2625,1605,1,0.05644,2628.0,1609.54,2643.89,1621.22,15.89,11.68,185.52,2641.07,1615.22,2636.11,1614.89,2630.81,1618.79,2.8073,5.898,8.3075,5.6709,10.863,32.59,4.975,6.572,0.757,1.937,199.2,507138.22,5206598.35,507123.32,5206599.32,507107.43,5206587.64,177.89,,0,
kprcnn-adamiak-v2,Tacoma-Centralia_02_20260602,Centralia/I-5-south,trained,1,1,2625,1665,1,0.69688,2627.83,1670.86,2636.71,1688.22,8.88,17.36,154.24,2632.27,1673.64,2632.27,1678.88,2630.95,1685.43,5.8779,13.2332,16.3728,11.828,11.864,35.59,5.241,6.682,0.784,0.581,263.6,507111.8,5206423.08,507111.8,5206407.36,507107.86,5206387.71,2.76,26,1,1.078
kprcnn-adamiak-v2,Tacoma-Centralia_02_20260602,Centralia/I-5-south,trained,1,1,2610,1725,1,0.15274,2623.12,1727.46,2634.0,1738.82,10.88,11.37,123.69,2626.58,1735.41,2628.56,1732.49,2631.86,1727.62,1.8521,11.9999,11.5272,8.4597,9.413,28.24,3.53,5.883,0.6,0.0,55.9,507094.75,5206237.76,507100.68,5206246.53,507110.57,5206261.15,158.85,,0,
kprcnn-adamiak-v2,Tacoma-Centralia_02_20260602,Centralia/I-5-south,trained,1,1,2610,1725,0,0.06493,2620.83,1736.74,2634.0,1749.0,13.17,12.26,161.47,2625.6,1746.52,2626.92,1743.2,2631.86,1746.52,3.0365,9.1125,8.3561,6.835,6.258,18.77,3.565,5.948,0.599,3.313,0.0,507091.8,5206204.45,507095.76,5206214.39,507110.58,5206204.45,191.25,,0,
kprcnn-adamiak-v2,Tacoma-Centralia_02_20260602,Centralia/I-5-south,trained,1,1,2550,1875,1,0.30158,2555.81,1885.43,2565.11,1899.0,9.29,13.57,126.07,2562.29,1887.91,2561.29,1892.55,2557.64,1896.85,2.9019,10.7565,10.9555,8.2046,10.071,30.21,4.739,5.642,0.84,1.254,242.5,506901.86,5205780.26,506898.87,5205766.36,506887.92,5205753.45,1.17,27,1,1.266
kprcnn-adamiak-v2,Tacoma-Centralia_02_20260602,Centralia/I-5-south,trained,1,1,2550,1875,0,0.09807,2553.91,1893.47,2571.89,1898.54,17.98,5.07,91.09,2561.73,1893.63,2563.06,1895.85,2557.07,1897.11,-4.2873,6.269,11.6014,4.5277,5.819,17.46,2.586,6.126,0.422,2.573,216.8,506900.19,5205763.11,506904.18,5205756.46,506886.2,5205752.66,10.55,27,1,3.977
kprcnn-adamiak-v2,Tacoma-Centralia_02_20260602,Centralia/I-5-south,trained,1,1,2550,1890,1,0.07491,2556.3,1890.0,2569.38,1903.67,13.08,13.67,178.81,2564.64,1890.16,2561.37,1893.09,2558.75,1900.26,-1.0159,5.8895,13.8631,6.2456,11.683,35.05,4.39,7.625,0.576,1.348,239.8,506908.91,5205773.51,506899.11,5205764.72,506891.26,5205743.23,0.89,27,1,1.484
kprcnn-adamiak-v2,Tacoma-Centralia_02_20260602,Centralia/I-5-south,trained,1,1,2535,1920,1,0.47981,2538.9,1931.35,2549.23,1944.0,10.34,12.65,130.8,2545.84,1933.51,2543.58,1937.84,2541.0,1941.84,3.4176,10.9088,8.8124,7.7129,9.632,28.9,4.884,4.759,1.026,0.223,239.8,506852.52,5205643.47,506845.74,5205630.48,506837.99,5205618.49,144.73,,0,
kprcnn-adamiak-v2,Tacoma-Centralia_02_20260602,Centralia/I-5-south,trained,1,1,2505,1980,1,0.22123,2515.06,1991.08,2528.43,2004.0,13.37,12.92,172.83,2522.72,1991.91,2521.09,1996.88,2526.31,1998.53,1.3678,12.3416,15.669,9.7928,7.536,22.61,5.231,5.476,0.955,3.801,298.4,506783.17,5205468.28,506778.28,5205453.37,506793.93,5205448.4,0.82,29,1,3.257
kprcnn-adamiak-v2,Tacoma-Centralia_02_20260602,Centralia/I-5-south,trained,1,1,2505,2010,1,0.10604,2510.24,2019.15,2521.82,2034.0,11.58,14.85,171.93,2513.71,2030.87,2516.36,2025.92,2518.34,2019.65,6.5398,11.593,15.3741,11.169,12.136,36.41,5.612,6.575,0.854,0.558,67.6,506756.13,5205351.4,506764.07,5205366.25,506770.03,5205385.05,0.73,30,1,0.356
kprcnn-adamiak-v2,Tacoma-Centralia_02_20260602,Centralia/I-5-south,trained,1,1,2445,2145,1,0.73942,2453.29,2149.82,2462.46,2169.0,9.16,19.18,175.73,2460.0,2152.96,2458.04,2158.58,2455.75,2165.53,4.6268,12.3334,18.845,11.9351,13.267,39.8,5.955,7.313,0.814,0.057,251.3,506595.01,5204985.12,506589.12,5204968.25,506582.25,5204947.42,4.51,32,1,1.135
kprcnn-adamiak-v2,Tacoma-Centralia_02_20260602,Centralia/I-5-south,trained,1,1,2445,2145,0,0.20923,2454.51,2154.54,2469.0,2169.0,14.49,14.46,209.57,2461.26,2166.53,2462.25,2162.92,2465.87,2157.0,4.0644,10.4295,15.2082,9.9007,10.589,31.77,3.748,6.938,0.54,0.685,64.2,506598.78,5204944.4,506601.75,5204955.24,506612.61,5204972.99,5.79,31,1,1.547
kprcnn-adamiak-v2,Tacoma-Centralia_02_20260602,Centralia/I-5-south,trained,1,1,2400,2250,1,0.14711,2416.02,2258.98,2424.0,2273.71,7.98,14.73,117.56,2418.51,2270.92,2420.18,2266.34,2422.17,2259.8,1.9932,11.448,14.0276,9.1563,11.713,35.14,4.874,6.843,0.712,0.149,71.8,506470.54,5204631.23,506475.53,5204644.98,506481.51,5204664.61,209.2,,0,
kprcnn-adamiak-v2,Tacoma-Centralia_02_20260602,Centralia/I-5-south,trained,1,1,2415,2250,1,0.56988,2415.0,2258.3,2427.38,2272.56,12.38,14.26,176.56,2418.09,2269.74,2420.7,2266.43,2423.63,2259.79,1.3905,9.8313,14.9835,8.7351,11.388,34.16,4.218,7.253,0.582,0.664,60.9,506469.28,5204634.77,506477.1,5204644.72,506485.9,5204664.62,209.8,,0,
kprcnn-adamiak-v2,Tacoma-Centralia_02_20260602,Centralia/I-5-south,trained,1,1,2370,2310,1,0.11998,2374.64,2317.95,2394.0,2334.0,19.36,16.05,310.84,2386.62,2322.04,2384.65,2325.32,2378.74,2331.21,-0.4519,10.1216,16.593,8.7543,12.091,36.27,3.823,8.347,0.458,0.64,229.4,506374.85,5204477.88,506368.94,5204468.05,506351.22,5204450.36,2.66,33,1,1.394
kprcnn-adamiak-v2,Tacoma-Centralia_02_20260602,Centralia/I-5-south,trained,1,1,2370,2310,0,0.07542,2377.61,2328.4,2392.94,2333.36,15.33,4.96,76.04,2392.78,2328.57,2386.45,2331.21,2380.11,2331.88,-5.6128,0.9872,15.2994,3.558,13.089,39.27,6.863,6.367,1.078,0.96,194.6,506393.33,5204458.29,506374.34,5204450.36,506355.34,5204448.37,16.66,33,1,5.296
kprcnn-adamiak-v2,Tacoma-Centralia_02_20260602,Centralia/I-5-south,trained,1,1,2310,2430,1,0.17886,2310.82,2444.71,2326.88,2454.0,16.06,9.29,149.23,2317.21,2452.51,2319.18,2448.86,2312.3,2449.52,0.6993,8.9694,10.6327,6.7672,5.753,17.26,4.146,6.916,0.6,4.141,148.7,506166.64,5204086.48,506172.54,5204097.43,506151.89,5204095.44,57.71,,0,
kprcnn-adamiak-v2,Tacoma-Centralia_02_20260602,Centralia/I-5-south,trained,1,1,2295,2445,1,0.84051,2299.57,2455.38,2309.31,2469.0,9.74,13.62,132.63,2308.5,2456.55,2305.25,2462.19,2301.68,2466.51,3.2446,11.7576,14.0121,9.6714,12.073,36.22,6.513,5.603,1.162,0.509,235.6,506140.5,5204074.36,506130.76,5204057.43,506120.05,5204044.47,0.15,34,1,0.992
kprcnn-adamiak-v2,Tacoma-Centralia_02_20260602,Centralia/I-5-south,trained,1,1,2295,2445,0,0.09964,2299.82,2462.41,2309.53,2468.4,9.71,5.99,58.18,2306.45,2462.57,2305.48,2463.24,2301.6,2466.9,-3.0439,6.3626,14.2099,5.8429,6.504,19.51,1.177,5.338,0.221,0.149,221.7,506134.36,5204056.28,506131.45,5204054.29,506119.79,5204043.3,3.34,34,1,2.641
kprcnn-adamiak-v2,Tacoma-Centralia_02_20260602,Centralia/I-5-south,trained,1,1,2205,2625,1,0.25225,2205.0,2639.06,2217.92,2649.0,12.92,9.94,128.4,2206.16,2646.52,2210.8,2644.86,2213.78,2639.89,4.0207,9.244,11.0657,8.1101,10.097,30.29,4.925,5.795,0.85,1.793,41.0,505833.48,5203504.45,505847.39,5203509.42,505856.34,5203524.33,1.53,36,1,1.478
kprcnn-adamiak-v2,Tacoma-Centralia_02_20260602,Centralia/I-5-south,trained,1,1,2175,2655,1,0.91422,2179.48,2660.88,2189.24,2678.5,9.76,17.62,172.01,2186.8,2663.71,2184.52,2669.02,2181.59,2675.34,4.8118,14.4734,20.1584,13.1479,12.747,38.24,5.786,6.962,0.831,0.093,245.9,505775.4,5203452.88,505768.56,5203436.93,505759.78,5203417.98,2.67,37,1,1.007
kprcnn-adamiak-v2,Tacoma-Centralia_02_20260602,Centralia/I-5-south,trained,1,1,2175,2655,0,0.12215,2175.0,2663.65,2197.78,2678.96,22.78,15.31,348.83,2193.65,2669.47,2186.39,2669.47,2181.11,2675.46,4.4627,9.1744,19.1753,10.9375,13.904,41.71,7.264,7.988,0.909,3.13,205.5,505795.96,5203435.59,505774.17,5203435.59,505758.32,5203417.61,4.48,37,1,3.104
kprcnn-adamiak-v2,Tacoma-Centralia_02_20260602,Centralia/I-5-south,trained,1,1,2190,2655,1,0.25187,2190.77,2655.0,2204.82,2672.66,14.05,17.66,248.07,2194.2,2669.49,2197.14,2664.5,2200.73,2658.17,4.6399,9.8128,18.0083,10.8203,13.078,39.23,5.799,7.28,0.797,0.05,60.0,505797.6,5203435.52,505806.42,5203450.51,505817.2,5203469.5,1.7,35,1,0.591
kprcnn-adamiak-v2,Tacoma-Centralia_02_20260602,Centralia/I-5-south,trained,1,1,2175,2670,1,0.06407,2177.31,2682.7,2189.89,2694.0,12.59,11.3,142.27,2179.79,2691.17,2183.77,2688.52,2187.08,2683.2,3.2885,7.3515,9.2574,6.6324,10.806,32.42,4.783,6.266,0.763,1.141,47.6,505754.37,5203370.48,505766.3,5203378.45,505776.24,5203394.41,56.23,,0,
kprcnn-adamiak-v2,Tacoma-Centralia_02_20260602,Centralia/I-5-south,trained,1,1,2130,2730,1,0.22858,2136.31,2731.68,2147.87,2754.0,11.56,22.32,257.95,2145.06,2739.51,2141.43,2743.17,2138.79,2749.17,3.6844,9.927,7.7868,7.1328,11.52,34.56,5.16,6.553,0.787,1.05,237.0,505650.19,5203225.48,505639.29,5203214.49,505631.37,5203196.49,255.88,,0,
kprcnn-adamiak-v2,Tacoma-Centralia_02_20260602,Centralia/I-5-south,trained,1,1,2130,2730,0,0.05039,2139.41,2733.77,2139.41,2753.99,0.01,20.22,0.12,2139.57,2750.84,2139.57,2742.89,2139.57,2749.85,0.7213,6.7615,6.9949,4.8259,0.994,2.98,7.955,6.96,1.143,0.0,90.0,505633.72,5203191.47,505633.72,5203215.33,505633.72,5203194.45,258.04,,0,
kprcnn-adamiak-v2,Tacoma-Centralia_02_20260602,Centralia/I-5-south,trained,1,1,2130,2745,1,0.32695,2131.27,2750.04,2142.13,2764.26,10.86,14.23,154.55,2139.99,2752.52,2137.03,2756.16,2134.06,2763.43,2.5709,12.8766,14.2601,9.9025,12.422,37.27,4.693,7.859,0.597,0.868,241.5,505634.97,5203186.45,505626.08,5203175.53,505617.19,5203153.7,296.24,,0,
kprcnn-adamiak-v2,Tacoma-Centralia_02_20260602,Centralia/I-5-south,trained,1,1,2130,2745,0,0.1778,2130.0,2752.48,2145.85,2767.86,15.85,15.38,243.81,2140.07,2753.3,2137.1,2756.24,2133.8,2763.77,-1.5846,9.1677,16.7148,8.0993,12.209,36.63,4.184,8.221,0.509,1.036,239.1,505635.21,5203184.11,505626.3,5203175.28,505616.39,5203152.69,296.36,,0,
kprcnn-adamiak-v2,Tacoma-Centralia_02_20260602,Centralia/I-5-south,trained,1,1,2055,2850,1,0.1836,2059.95,2869.13,2076.27,2874.0,16.33,4.87,79.49,2071.11,2871.57,2067.44,2871.89,2063.11,2872.21,1.8233,7.138,3.7211,4.2275,8.023,24.07,3.679,4.344,0.847,0.027,184.6,505428.32,5202829.3,505417.33,5202828.33,505404.33,5202827.36,7.87,38,1,4.498
kprcnn-adamiak-v2,Tacoma-Centralia_02_20260602,Centralia/I-5-south,trained,1,1,2055,2865,1,0.56565,2061.13,2865.0,2072.97,2886.05,11.84,21.05,249.13,2070.83,2872.07,2067.22,2874.7,2063.93,2881.93,-0.2962,11.7951,19.668,10.3889,12.042,36.13,4.473,7.947,0.563,1.455,235.0,505427.5,5202827.79,505416.65,5202819.9,505406.78,5202798.2,0.89,38,1,0.392
kprcnn-adamiak-v2,Tacoma-Centralia_02_20260602,Centralia/I-5-south,trained,1,1,2040,2910,1,0.41687,2044.37,2912.52,2057.8,2934.0,13.43,21.48,288.37,2049.12,2930.2,2050.43,2923.59,2054.36,2915.99,4.1874,11.6217,15.8783,10.5624,15.143,45.43,6.737,8.555,0.787,1.058,69.8,505362.36,5202653.4,505366.29,5202673.22,505378.08,5202696.02,2.3,39,1,0.75
kprcnn-adamiak-v2,Tacoma-Centralia_02_20260602,Centralia/I-5-south,trained,1,1,2010,2940,1,0.08773,2022.58,2944.75,2034.0,2963.2,11.42,18.44,210.55,2030.9,2947.88,2027.64,2951.83,2025.03,2958.09,5.113,7.8561,14.7655,9.2449,11.778,35.33,5.124,6.78,0.756,0.857,240.1,505307.7,5202600.35,505297.92,5202588.5,505290.09,5202569.72,108.05,,0,
kprcnn-adamiak-v2,Tacoma-Centralia_02_20260602,Centralia/I-5-south,trained,1,1,1995,3000,1,0.21834,2005.13,3008.25,2017.14,3022.37,12.01,14.12,169.54,2013.09,3009.07,2010.49,3013.34,2014.38,3019.9,1.7445,9.5086,13.9902,8.4145,10.912,32.74,4.996,7.635,0.654,3.086,276.8,505254.26,5202416.79,505246.47,5202403.99,505258.15,5202384.29,1.12,41,1,1.985
kprcnn-adamiak-v2,Tacoma-Centralia_02_20260602,Centralia/I-5-south,trained,1,1,1995,3015,1,0.05533,2001.76,3022.03,2012.02,3036.99,10.26,14.96,153.56,2008.22,3023.52,2006.89,3028.51,2005.24,3034.5,3.4427,13.0916,15.3091,10.6145,11.37,34.11,5.16,6.21,0.831,0.029,254.8,505239.65,5202373.43,505235.68,5202358.47,505230.71,5202340.51,0.94,42,1,1.207
kprcnn-adamiak-v2,Tacoma-Centralia_02_20260602,Centralia/I-5-south,trained,1,1,1980,3090,1,0.09178,1985.87,3097.58,1995.75,3114.0,9.88,16.42,162.28,1991.63,3100.37,1990.97,3104.97,1989.32,3111.21,3.4957,11.588,16.0728,10.3855,11.08,33.24,4.645,6.453,0.72,0.312,258.0,505189.89,5202142.89,505187.92,5202129.09,505182.97,5202110.37,80.6,,0,
kprcnn-adamiak-v2,Tacoma-Centralia_02_20260602,Centralia/I-5-south,trained,1,1,1965,3225,1,0.06385,1965.55,3225.0,1980.21,3240.87,14.66,15.87,232.64,1970.39,3238.06,1972.05,3233.1,1973.05,3225.17,4.1936,10.1926,15.1909,9.859,13.166,39.5,5.231,7.997,0.654,0.627,78.3,505126.16,5201729.82,505131.16,5201744.7,505134.15,5201768.5,2.45,47,1,0.618
kprcnn-adamiak-v2,Tacoma-Centralia_02_20260602,Centralia/I-5-south,trained,1,1,1950,3240,1,0.09994,1959.81,3254.01,1973.54,3264.0,13.73,9.99,137.18,1964.55,3262.17,1966.84,3259.84,1968.48,3254.18,1.7143,11.13,9.0985,7.3143,8.904,26.71,3.267,5.893,0.554,1.027,63.9,505108.66,5201657.5,505115.53,5201664.49,505120.43,5201681.47,1.29,48,1,1.481
kprcnn-adamiak-v2,Tacoma-Centralia_02_20260602,Centralia/I-5-south,trained,1,1,1935,3300,1,0.14121,1944.67,3302.86,1953.74,3320.18,9.07,17.32,157.11,1949.69,3307.36,1949.37,3311.69,1948.4,3317.35,-0.4355,13.8467,14.9582,9.4565,10.076,30.23,4.342,5.745,0.756,0.236,262.6,505064.08,5201521.93,505063.11,5201508.94,505060.19,5201491.95,163.47,,0,
kprcnn-adamiak-v2,Tacoma-Centralia_02_20260602,Centralia/I-5-south,trained,1,1,1950,3315,1,0.06401,1950.02,3317.02,1958.72,3331.37,8.7,14.36,124.84,1951.47,3327.95,1954.37,3324.36,1951.47,3317.18,1.6742,9.994,10.6552,7.4411,10.767,32.3,4.613,7.741,0.596,2.899,90.0,505069.42,5201460.16,505078.12,5201470.93,505069.42,5201492.46,196.33,,0,
kprcnn-adamiak-v2,Tacoma-Centralia_02_20260602,Centralia/I-5-south,trained,1,1,1920,3390,1,0.39631,1927.12,3396.21,1937.67,3414.0,10.55,17.79,187.66,1931.57,3399.34,1932.56,3403.95,1929.92,3410.87,-0.6391,14.5011,20.9152,11.5924,11.647,34.94,4.717,7.404,0.637,1.632,261.9,505009.71,5201245.98,505012.68,5201232.14,505004.77,5201211.39,2.56,49,1,1.219
kprcnn-adamiak-v2,Tacoma-Centralia_02_20260602,Centralia/I-5-south,trained,1,1,1890,3555,1,0.05554,1893.45,3572.77,1904.06,3577.91,10.6,5.15,54.55,1896.93,3574.21,1897.26,3574.86,1902.23,3576.47,-5.4962,4.3099,16.4956,5.1031,5.759,17.28,0.723,5.223,0.139,0.462,337.0,504905.8,5200721.36,504906.79,5200719.43,504921.7,5200714.6,33.57,,0,
kprcnn-adamiak-v2,Tacoma-Centralia_02_20260602,Centralia/I-5-south,trained,1,1,1875,3570,1,0.14663,1894.86,3577.07,1899.0,3593.64,4.14,16.57,68.66,1896.93,3590.83,1897.25,3585.86,1896.93,3579.89,7.8227,9.8815,15.3798,11.028,10.937,32.81,4.982,5.974,0.834,0.319,90.0,504905.78,5200671.52,504906.74,5200686.43,504905.78,5200704.33,10.35,50,1,3.769
kprcnn-adamiak-v2,Tacoma-Centralia_02_20260602,Centralia/I-5-south,trained,1,1,1890,3570,1,0.15425,1893.98,3577.36,1905.36,3594.0,11.38,16.64,189.4,1899.02,3591.17,1899.99,3585.84,1901.94,3578.19,8.2087,14.8166,16.2768,13.1007,13.308,39.92,5.415,7.901,0.685,0.22,77.3,504912.05,5200670.49,504914.97,5200686.47,504920.82,5200709.44,2.3,50,1,0.951
kprcnn-adamiak-v2,Tacoma-Centralia_02_20260602,Centralia/I-5-south,trained,1,1,1875,3645,1,0.12875,1882.25,3655.31,1891.73,3669.0,9.48,13.69,129.67,1884.05,3666.88,1886.34,3664.28,1887.64,3657.43,0.4151,10.1339,14.6675,8.4055,10.11,30.33,3.468,6.966,0.498,1.211,69.2,504867.14,5200443.35,504874.01,5200451.17,504877.93,5200471.7,3.39,51,1,2.215
kprcnn-adamiak-v2,Tacoma-Centralia_02_20260602,Centralia/I-5-south,trained,1,1,1860,3675,1,0.15392,1868.72,3681.22,1878.03,3699.0,9.31,17.78,165.57,1874.54,3685.99,1873.54,3690.6,1871.88,3695.87,4.1564,11.7427,15.0277,10.309,10.231,30.69,4.717,5.525,0.854,0.235,254.9,504838.62,5200386.02,504835.62,5200372.19,504830.64,5200356.39,85.87,,0,
kprcnn-adamiak-v2,Tacoma-Centralia_02_20260602,Centralia/I-5-south,trained,1,1,1845,3795,1,0.84947,1845.42,3798.69,1855.0,3817.18,9.58,18.49,177.13,1851.86,3801.5,1850.54,3806.78,1849.22,3814.04,4.503,14.7441,20.0612,13.1028,12.82,38.46,5.445,7.382,0.738,0.204,258.1,504770.58,5200039.5,504766.62,5200023.66,504762.65,5200001.87,0.91,52,1,0.411
kprcnn-adamiak-v2,Tacoma-Centralia_02_20260602,Centralia/I-5-south,trained,1,1,1845,3795,0,0.08414,1846.94,3805.15,1859.22,3817.15,12.27,12.01,147.35,1850.76,3805.31,1851.42,3807.25,1849.43,3814.39,-2.8323,6.5309,18.9064,7.535,9.183,27.55,2.057,7.411,0.278,0.938,261.7,504767.27,5200028.08,504769.26,5200022.24,504763.29,5200000.82,3.14,52,1,1.804
kprcnn-adamiak-v2,Tacoma-Centralia_02_20260602,Centralia/I-5-south,trained,1,1,1845,3795,0,0.0729,1847.89,3809.35,1863.07,3818.04,15.17,8.69,131.8,1862.9,3809.51,1854.66,3813.05,1850.37,3814.98,-5.0899,-2.8793,15.3798,2.4702,13.674,41.02,8.972,4.702,1.908,0.054,203.6,504803.7,5200015.46,504778.97,5200004.84,504766.1,5199999.05,22.96,,0,
kprcnn-adamiak-v2,Tacoma-Centralia_02_20260602,Centralia/I-5-south,trained,1,1,1815,3900,1,0.05145,1821.61,3917.4,1836.98,3924.0,15.37,6.6,101.46,1836.82,3917.57,1828.64,3920.87,1823.08,3920.87,-4.2737,8.4971,4.3383,2.8539,14.129,42.39,8.818,5.561,1.586,1.299,193.5,504725.45,5199691.3,504700.92,5199681.4,504684.24,5199681.4,135.83,,0,
kprcnn-adamiak-v2,Tacoma-Centralia_02_20260602,Centralia/I-5-south,trained,1,1,1800,3945,1,0.05762,1811.13,3958.42,1824.0,3969.0,12.87,10.58,136.17,1818.56,3960.23,1817.9,3965.2,1821.86,3968.83,1.3104,10.346,4.3548,5.3371,9.211,27.63,5.005,5.377,0.931,2.393,291.0,504670.67,5199563.3,504668.69,5199548.41,504680.57,5199537.5,1.14,53,1,2.872
kprcnn-adamiak-v2,Tacoma-Centralia_02_20260602,Centralia/I-5-south,trained,1,1,1800,4020,1,0.09568,1800.41,4020.68,1809.08,4036.12,8.68,15.44,133.93,1806.03,4023.14,1804.75,4027.74,1803.46,4033.65,1.8626,12.1806,15.2627,9.7686,10.821,32.46,4.775,6.05,0.789,0.156,256.3,504633.09,5199374.57,504629.24,5199360.78,504625.38,5199343.04,192.76,,0,
kprcnn-adamiak-v2,Tacoma-Centralia_02_20260602,Centralia/I-5-south,trained,1,1,1785,4080,1,0.29132,1788.28,4093.54,1798.21,4104.0,9.93,10.46,103.94,1793.41,4094.35,1792.75,4099.91,1796.06,4103.84,1.9294,9.3321,3.8556,5.039,9.846,29.54,5.598,5.134,1.09,2.133,285.6,504595.24,5199160.94,504593.25,5199144.26,504603.18,5199132.49,2.11,54,1,2.769
kprcnn-adamiak-v2,Tacoma-Centralia_02_20260602,Centralia/I-5-south,trained,1,1,1785,4110,1,0.53494,1789.2,4117.02,1798.01,4130.7,8.81,13.68,120.44,1797.85,4122.72,1793.61,4124.02,1791.65,4129.88,-6.1673,12.9554,15.434,7.4074,9.472,28.42,4.436,6.179,0.718,2.355,229.1,504608.54,5199075.84,504595.82,5199071.93,504589.95,5199054.35,39.39,,0,
kprcnn-adamiak-v2,Tacoma-Centralia_02_20260602,Centralia/I-5-south,trained,1,1,1770,4125,1,0.05541,1778.46,4125.48,1788.67,4143.27,10.2,17.79,181.55,1784.55,4128.61,1783.24,4133.88,1781.92,4140.14,3.1423,10.4152,16.5426,10.0334,11.829,35.49,5.434,6.397,0.849,0.11,257.1,504568.66,5199058.17,504564.71,5199042.36,504560.76,5199023.58,2.83,56,1,0.63
kprcnn-adamiak-v2,Tacoma-Centralia_02_20260602,Centralia/I-5-south,trained,1,1,1785,4125,1,0.20277,1785.0,4128.29,1796.64,4146.13,11.64,17.84,207.59,1789.49,4142.99,1790.15,4137.38,1791.81,4129.78,7.0209,12.8246,14.9625,11.6026,13.419,40.26,5.656,7.779,0.727,0.319,80.0,504583.46,5199015.02,504585.46,5199031.87,504590.44,5199054.67,1.99,55,1,0.482
kprcnn-adamiak-v2,Tacoma-Centralia_02_20260602,Centralia/I-5-south,trained,1,1,1755,4200,1,0.14619,1762.71,4208.94,1773.66,4224.0,10.96,15.06,165.02,1768.85,4210.41,1768.18,4215.65,1765.86,4221.22,3.8966,11.7495,17.425,11.0237,11.212,33.64,5.281,6.032,0.875,0.756,254.5,504521.54,5198812.77,504519.55,5198797.05,504512.58,5198780.35,2.24,57,1,1.072
kprcnn-adamiak-v2,Tacoma-Centralia_02_20260602,Centralia/I-5-south,trained,1,1,1740,4275,1,0.17528,1749.74,4279.86,1758.64,4299.0,8.9,19.14,170.32,1754.52,4283.32,1754.85,4288.6,1752.22,4295.53,5.8678,14.0964,17.3061,12.4234,12.426,37.28,5.29,7.415,0.713,1.304,259.3,504478.57,5198594.03,504479.56,5198578.19,504471.65,5198557.4,2.39,58,1,0.828
kprcnn-adamiak-v2,Tacoma-Centralia_02_20260602,Centralia/I-5-south,trained,1,1,1740,4335,1,0.07695,1743.1,4335.0,1756.43,4352.88,13.34,17.88,238.48,1749.12,4348.74,1749.77,4343.45,1751.39,4337.48,5.8349,10.8251,14.7277,10.4626,11.488,34.46,5.339,6.179,0.864,0.413,78.6,504462.35,5198397.77,504464.3,5198413.66,504469.18,5198431.55,1.51,60,1,0.565
kprcnn-adamiak-v2,Tacoma-Centralia_02_20260602,Centralia/I-5-south,trained,1,1,1710,4455,1,0.35355,1714.55,4455.0,1726.0,4470.5,11.45,15.5,177.52,1718.96,4456.15,1718.96,4460.77,1717.0,4467.7,1.7785,10.0757,17.3677,9.7407,11.71,35.13,4.618,7.199,0.641,0.774,260.3,504371.89,5198075.54,504371.89,5198061.68,504366.0,5198040.91,2.25,59,1,0.69
kprcnn-adamiak-v2,Tacoma-Centralia_02_20260602,Centralia/I-5-south,trained,1,1,1695,4545,1,0.1269,1703.72,4545.0,1714.08,4559.22,10.36,14.22,147.37,1706.79,4556.74,1708.41,4551.45,1710.35,4545.17,3.2943,10.1695,7.6511,7.0383,12.112,36.34,5.534,6.578,0.841,0.009,72.9,504335.37,5197773.77,504340.23,5197789.65,504346.06,5197808.5,208.9,,0,
kprcnn-adamiak-v2,Tacoma-Centralia_02_20260602,Centralia/I-5-south,trained,1,1,1680,4605,1,0.97077,1682.78,4610.16,1691.66,4627.72,8.89,17.56,156.05,1688.54,4612.97,1687.55,4617.61,1686.56,4624.57,4.9169,17.2702,20.1988,14.1287,11.764,35.29,4.743,7.028,0.675,0.195,260.3,504280.61,5197605.08,504277.65,5197591.16,504274.68,5197570.29,1.23,61,1,0.462
kprcnn-adamiak-v2,Tacoma-Centralia_02_20260602,Centralia/I-5-south,trained,1,1,1665,4680,1,0.13289,1666.55,4694.47,1676.8,4704.0,10.25,9.53,97.72,1671.01,4695.29,1671.67,4700.22,1674.32,4703.84,2.9716,9.5817,3.8337,5.4624,9.166,27.5,4.976,4.481,1.111,1.162,291.1,504228.04,5197358.14,504230.02,5197343.34,504237.96,5197332.49,2.01,62,1,2.191
kprcnn-adamiak-v2,Tacoma-Centralia_02_20260602,Centralia/I-5-south,trained,1,1,1650,4770,1,0.48711,1650.65,4771.61,1660.83,4790.92,10.19,19.31,196.66,1656.07,4774.78,1655.74,4780.43,1654.1,4787.76,6.7607,15.0936,18.0673,13.3072,13.131,39.39,5.668,7.505,0.755,0.525,261.4,504183.2,5197119.67,504182.22,5197102.7,504177.29,5197080.73,0.89,63,1,0.648
kprcnn-adamiak-v2,Tacoma-Centralia_02_20260602,Centralia/I-5-south,trained,1,1,1635,4845,1,0.0714,1639.89,4862.21,1655.09,4868.11,15.2,5.89,89.56,1643.69,4866.96,1645.67,4864.01,1652.61,4866.96,5.0956,8.4113,4.3554,5.9541,8.921,26.76,3.551,7.538,0.471,2.946,0.0,504146.08,5196843.12,504152.02,5196851.96,504172.84,5196843.12,2.32,64,1,4.597
kprcnn-adamiak-v2,Tacoma-Centralia_02_20260602,Centralia/I-5-south,trained,1,1,1635,4845,0,0.05496,1641.01,4855.19,1649.88,4869.0,8.87,13.81,122.4,1643.8,4866.53,1645.44,4863.58,1647.08,4857.33,5.4798,13.7162,15.892,11.696,9.772,29.32,3.383,6.458,0.524,0.552,70.4,504146.4,5196844.4,504151.33,5196853.27,504156.25,5196872.01,3.33,64,1,1.709
kprcnn-adamiak-v2,Tacoma-Centralia_02_20260602,Centralia/I-5-south,trained,1,1,1605,4965,1,0.33174,1607.77,4975.99,1618.1,4988.76,10.33,12.78,131.96,1613.93,4978.12,1612.6,4981.39,1610.6,4986.63,0.249,10.5169,13.6936,8.1532,9.146,27.44,3.537,5.61,0.63,0.048,248.6,504056.8,5196509.65,504052.8,5196499.82,504046.81,5196484.1,138.83,,0,
kprcnn-adamiak-v2,Tacoma-Centralia_02_20260602,Centralia/I-5-south,trained,1,1,1590,5010,1,0.31985,1604.37,5018.6,1613.82,5034.0,9.45,15.4,145.47,1606.49,5031.22,1609.09,5027.61,1610.72,5018.77,4.8642,11.5343,15.7498,10.7161,13.15,39.45,4.447,8.994,0.494,1.307,71.2,504034.46,5196350.35,504042.28,5196361.17,504047.16,5196387.7,1.09,65,1,1.195
kprcnn-adamiak-v2,Tacoma-Centralia_02_20260602,Centralia/I-5-south,trained,1,1,1605,5010,1,0.42086,1605.0,5018.26,1613.97,5034.0,8.97,15.74,141.18,1606.5,5030.89,1609.15,5027.61,1610.48,5018.76,3.4699,9.7774,16.5392,9.9288,12.769,38.31,4.221,8.951,0.472,1.502,71.8,504034.49,5196351.34,504042.46,5196361.18,504046.45,5196387.73,0.91,65,1,1.363
kprcnn-adamiak-v2,Tacoma-Centralia_02_20260602,Centralia/I-5-south,trained,1,1,1605,5010,0,0.15427,1605.0,5021.95,1615.95,5030.51,10.95,8.56,93.73,1605.83,5028.7,1609.15,5027.05,1610.47,5022.11,1.8857,8.0305,4.6832,4.8665,8.059,24.18,3.704,5.115,0.724,1.762,54.8,504032.49,5196357.91,504042.44,5196362.85,504046.42,5196377.67,1.79,65,1,3.128
kprcnn-adamiak-v2,Tacoma-Centralia_02_20260602,Centralia/I-5-south,trained,1,1,1575,5040,1,0.09772,1585.26,5041.87,1595.62,5064.0,10.35,22.13,229.1,1592.54,5047.65,1591.25,5052.94,1588.01,5060.2,0.2724,12.6559,20.0214,10.9832,13.343,40.03,5.441,7.954,0.684,0.577,250.2,503992.63,5196301.05,503988.75,5196285.19,503979.04,5196263.39,3.89,66,1,0.748
kprcnn-adamiak-v2,Tacoma-Centralia_02_20260602,Centralia/I-5-south,trained,1,1,1515,5190,1,0.05711,1521.73,5208.02,1537.11,5213.28,15.38,5.27,81.01,1527.46,5208.18,1527.46,5208.84,1524.51,5212.13,-3.6325,3.2347,12.1465,3.9163,4.927,14.78,0.658,4.417,0.149,0.394,233.3,503797.37,5195819.46,503797.37,5195817.48,503788.54,5195807.61,3.11,68,1,2.942
kprcnn-adamiak-v2,Tacoma-Centralia_02_20260602,Centralia/I-5-south,trained,1,1,1440,5370,1,0.0915,1447.58,5379.84,1462.82,5392.11,15.24,12.27,187.03,1456.69,5381.0,1456.36,5385.97,1452.71,5391.61,2.3754,10.7999,14.1318,9.1024,11.333,34.0,4.986,6.714,0.743,1.435,249.5,503585.07,5195301.0,503584.07,5195286.08,503573.14,5195269.16,3.66,69,1,0.982
kprcnn-adamiak-v2,Tacoma-Centralia_02_20260602,Centralia/I-5-south,trained,1,1,1395,5490,1,0.93796,1395.96,5501.03,1408.15,5514.0,12.19,12.97,158.17,1404.03,5503.19,1403.04,5507.51,1400.07,5511.84,4.9471,15.1034,18.7381,12.9295,9.51,28.53,4.436,5.244,0.846,0.899,245.4,503427.09,5194934.43,503424.12,5194921.46,503415.22,5194908.49,0.54,70,1,1.23
kprcnn-adamiak-v2,Tacoma-Centralia_02_20260602,Centralia/I-5-south,trained,1,1,1365,5580,1,0.09815,1369.31,5584.99,1384.04,5604.0,14.73,19.01,279.91,1373.73,5598.59,1376.02,5594.66,1379.62,5585.81,1.2756,9.7533,12.617,7.882,14.073,42.22,4.551,9.553,0.476,0.434,65.3,503336.19,5194648.22,503343.06,5194660.02,503353.86,5194686.57,273.86,,0,
kprcnn-adamiak-v2,Tacoma-Centralia_02_20260602,Centralia/I-5-south,trained,1,1,1320,5670,1,0.66379,1325.58,5674.84,1334.72,5692.21,9.14,17.37,158.73,1332.27,5677.95,1330.97,5682.87,1328.03,5688.44,6.1178,12.9411,12.4595,10.5062,11.314,33.94,5.087,6.299,0.808,0.633,248.0,503211.82,5194410.15,503207.9,5194395.4,503199.09,5194378.68,402.88,,0,
kprcnn-adamiak-v2,Tacoma-Centralia_02_20260602,Centralia/I-5-south,trained,1,1,1275,5790,1,0.07975,1281.94,5804.58,1299.0,5814.0,17.06,9.42,160.72,1285.06,5811.89,1288.34,5810.59,1290.63,5804.74,-4.3375,10.2497,12.84,6.2507,9.066,27.2,3.529,6.282,0.562,1.787,52.0,503070.17,5194008.33,503080.01,5194012.23,503086.9,5194029.78,1.32,71,1,2.29
kprcnn-adamiak-v2,Tacoma-Centralia_02_20260602,Centralia/I-5-south,trained,1,1,1260,5805,1,0.05032,1272.8,5807.42,1280.12,5827.11,7.32,19.69,144.07,1278.95,5812.51,1276.96,5816.78,1275.63,5823.34,3.0206,12.4861,16.5502,10.6856,11.329,33.99,4.71,6.697,0.703,0.655,252.9,503051.86,5194006.47,503045.87,5193993.67,503041.88,5193973.98,0.77,72,1,0.43
kprcnn-adamiak-v2,Tacoma-Centralia_02_20260602,Centralia/I-5-south,trained,1,1,1260,5835,1,0.16854,1267.54,5835.0,1279.7,5847.74,12.17,12.74,155.0,1277.24,5845.29,1272.3,5839.74,1270.66,5845.62,2.8896,8.7518,15.2701,8.9705,6.584,19.75,7.428,6.106,1.216,5.792,182.8,503046.71,5193908.13,503031.91,5193924.79,503026.98,5193907.15,1.14,73,1,4.372
kprcnn-adamiak-v2,Tacoma-Centralia_02_20260602,Centralia/I-5-south,trained,1,1,1230,5940,1,0.41233,1239.62,5951.22,1253.31,5964.0,13.69,12.78,174.99,1246.95,5952.04,1245.65,5957.61,1243.37,5961.87,1.7352,11.9324,11.1121,8.2599,10.467,31.4,5.723,4.834,1.184,0.684,250.0,502955.86,5193587.89,502951.95,5193571.18,502945.1,5193558.39,0.85,74,1,1.279
kprcnn-adamiak-v2,Tacoma-Centralia_02_20260602,Centralia/I-5-south,trained,1,1,1230,5955,1,0.10343,1244.58,5961.38,1254.0,5977.86,9.42,16.47,155.23,1247.66,5976.7,1249.61,5972.09,1251.24,5964.18,2.0575,10.604,12.9244,8.5286,13.02,39.06,5.008,8.072,0.62,0.608,74.1,502957.99,5193513.89,502963.84,5193527.73,502968.71,5193551.45,1.4,75,1,0.874
kprcnn-adamiak-v2,Tacoma-Centralia_02_20260602,Centralia/I-5-south,trained,1,1,1245,5955,1,0.14233,1245.0,5966.07,1255.7,5979.0,10.7,12.93,138.42,1247.43,5976.51,1249.7,5971.87,1246.46,5966.24,3.3712,9.1123,8.7497,7.0777,10.324,30.97,5.167,6.503,0.795,2.698,95.4,502957.3,5193514.46,502964.11,5193528.38,502954.38,5193545.29,1.43,75,1,2.162
kprcnn-adamiak-v2,Tacoma-Centralia_02_20260602,Centralia/I-5-south,trained,1,1,1230,6000,1,0.10983,1233.76,6001.6,1247.57,6021.65,13.82,20.05,277.05,1238.86,6016.23,1240.83,6011.96,1243.13,6004.72,2.9896,10.5118,15.3647,9.6221,12.274,36.82,4.707,7.59,0.62,0.361,69.6,502931.57,5193395.31,502937.49,5193408.13,502944.4,5193429.83,1.83,76,1,1.017
kprcnn-adamiak-v2,Tacoma-Centralia_02_20260602,Centralia/I-5-south,trained,1,1,1185,6135,1,0.21084,1195.23,6147.17,1207.94,6158.61,12.72,11.45,145.53,1204.52,6148.97,1201.91,6152.89,1199.63,6156.81,-1.5643,11.1437,6.9582,5.5125,9.247,27.74,4.712,4.539,1.038,0.138,238.1,502828.56,5192997.1,502820.74,5192985.33,502813.89,5192973.56,3.93,78,1,2.756
kprcnn-adamiak-v2,Tacoma-Centralia_02_20260602,Centralia/I-5-south,trained,1,1,1200,6135,1,0.09985,1200.0,6148.33,1206.4,6159.0,6.4,10.67,68.27,1204.0,6149.46,1201.44,6153.02,1201.76,6157.22,-0.4252,8.3022,7.478,5.1183,8.078,24.23,4.382,4.216,1.039,1.473,253.9,502826.99,5192995.62,502819.32,5192984.95,502820.28,5192972.34,4.97,78,1,2.741
kprcnn-adamiak-v2,Tacoma-Centralia_02_20260602,Centralia/I-5-south,trained,1,1,1185,6180,1,0.07035,1191.53,6191.95,1202.36,6192.19,10.84,0.23,2.53,1191.69,6192.12,1191.69,6192.12,1199.9,6192.12,-9.4492,-6.3757,14.6965,-0.3761,8.209,24.63,0.0,8.209,0.0,0.0,0.0,502790.08,5192867.64,502790.08,5192867.64,502814.7,5192867.64,35.14,,0,
kprcnn-adamiak-v2,Tacoma-Centralia_02_20260602,Centralia/I-5-south,trained,1,1,1185,6195,1,0.11339,1188.64,6213.07,1203.19,6219.0,14.55,5.93,86.3,1191.45,6217.19,1195.09,6216.53,1198.4,6213.23,-4.4922,9.1882,9.1771,4.6244,7.99,23.97,3.696,4.668,0.792,1.227,29.7,502789.36,5192792.44,502800.27,5192794.42,502810.19,5192804.3,6.57,79,1,3.528
kprcnn-adamiak-v2,Tacoma-Centralia_02_20260602,Centralia/I-5-south,trained,1,1,1185,6195,0,0.10367,1193.52,6195.0,1203.57,6208.4,10.05,13.4,134.68,1196.6,6205.95,1197.89,6201.37,1200.81,6195.16,6.669,12.2222,9.5224,9.4712,11.578,34.73,4.755,6.86,0.693,0.458,68.6,502804.79,5192826.16,502808.68,5192839.88,502817.44,5192858.51,2.08,80,1,1.378
kprcnn-adamiak-v2,Tacoma-Centralia_02_20260602,Centralia/I-5-south,trained,1,1,1185,6210,1,0.08746,1190.43,6210.0,1204.19,6224.55,13.76,14.55,200.28,1194.19,6223.39,1195.51,6218.43,1198.13,6212.15,3.2128,11.4902,16.2596,10.3208,11.911,35.73,5.131,6.808,0.754,0.4,70.7,502797.58,5192773.82,502801.52,5192788.7,502809.38,5192807.55,1.01,79,1,0.496
kprcnn-adamiak-v2,Tacoma-Centralia_02_20260602,Centralia/I-5-south,trained,1,1,1140,6330,1,0.38033,1153.67,6338.81,1164.0,6352.72,10.33,13.9,143.65,1160.5,6340.97,1159.17,6345.93,1157.17,6351.89,2.2626,12.6091,15.1557,10.0092,11.422,34.27,5.142,6.286,0.818,0.174,253.0,502696.5,5192421.1,502692.5,5192406.2,502686.5,5192388.32,0.42,81,1,1.046
kprcnn-adamiak-v2,Tacoma-Centralia_02_20260602,Centralia/I-5-south,trained,1,1,1155,6330,1,0.49295,1155.0,6337.97,1164.03,6354.0,9.03,16.03,144.82,1160.97,6340.75,1159.03,6345.33,1157.42,6351.22,3.4118,14.128,19.6081,12.3827,11.056,33.17,4.973,6.107,0.814,0.363,251.3,502697.9,5192421.76,502692.1,5192408.01,502687.26,5192390.34,1.9,81,1,1.144
kprcnn-adamiak-v2,Tacoma-Centralia_02_20260602,Centralia/I-5-south,trained,1,1,1140,6345,1,0.2225,1150.51,6357.59,1163.54,6369.0,13.03,11.41,148.59,1157.19,6359.39,1156.54,6363.3,1161.42,6366.56,1.9589,11.0761,5.6581,6.231,8.327,24.98,3.965,5.872,0.675,2.549,300.6,502686.57,5192365.84,502684.62,5192354.11,502699.27,5192344.33,0.81,82,1,3.159
kprcnn-adamiak-v2,Tacoma-Centralia_02_20260602,Centralia/I-5-south,trained,1,1,1125,6480,1,0.06134,1131.79,6480.0,1143.07,6502.26,11.28,22.26,251.12,1134.94,6496.78,1135.94,6490.13,1137.26,6482.49,4.7895,12.2911,13.5843,10.2216,14.474,43.42,6.719,7.756,0.866,0.084,80.8,502619.83,5191953.67,502622.81,5191973.6,502626.79,5191996.52,1.95,83,1,0.811
kprcnn-adamiak-v2,Tacoma-Centralia_02_20260602,Centralia/I-5-south,trained,1,1,1080,6630,1,0.14389,1098.74,6634.34,1104.0,6654.0,5.26,19.66,103.48,1099.89,6650.5,1100.87,6645.17,1102.19,6637.51,2.2533,12.998,19.8332,11.6949,13.196,39.59,5.421,7.775,0.697,0.042,79.9,502514.66,5191492.5,502517.62,5191508.49,502521.57,5191531.48,4.48,84,1,1.069
kprcnn-adamiak-v2,Tacoma-Centralia_02_20260602,Centralia/I-5-south,trained,1,1,1080,6630,0,0.0637,1095.13,6639.91,1104.0,6654.0,8.87,14.09,125.05,1098.91,6650.89,1100.88,6645.97,1102.52,6640.07,3.446,11.7171,7.6481,7.6037,11.403,34.21,5.297,6.124,0.865,0.312,71.5,502511.72,5191491.34,502517.63,5191506.09,502522.56,5191523.78,3.46,84,1,1.301
kprcnn-adamiak-v2,Tacoma-Centralia_02_20260602,Centralia/I-5-south,trained,1,1,1095,6630,1,0.74922,1096.45,6636.01,1106.85,6653.52,10.4,17.51,182.09,1099.54,6650.38,1101.81,6645.09,1103.11,6637.82,3.0812,12.6873,15.8767,10.5484,13.052,39.16,5.754,7.383,0.779,0.74,74.1,502513.61,5191492.87,502520.44,5191508.72,502524.34,5191530.53,3.17,84,1,0.863
kprcnn-adamiak-v2,Tacoma-Centralia_02_20260602,Centralia/I-5-south,trained,1,1,1080,6660,1,0.30026,1082.61,6668.53,1089.28,6683.9,6.67,15.36,102.45,1086.9,6670.99,1085.95,6675.24,1084.36,6681.45,0.5242,10.228,9.3052,6.6858,10.765,32.29,4.355,6.411,0.679,0.077,256.4,502475.7,5191431.04,502472.84,5191418.29,502468.08,5191399.66,99.75,,0,
kprcnn-adamiak-v2,Tacoma-Centralia_02_20260602,Centralia/I-5-south,trained,1,1,1050,6795,1,0.67229,1053.86,6795.75,1062.88,6814.44,9.02,18.68,168.45,1059.17,6798.87,1058.53,6804.11,1057.56,6811.32,4.7458,15.3128,20.7111,13.5899,12.557,37.67,5.283,7.274,0.726,0.034,262.6,502392.52,5191047.4,502390.59,5191031.67,502387.69,5191010.04,2.67,85,1,0.95
kprcnn-adamiak-v2,Tacoma-Centralia_02_20260602,Centralia/I-5-south,trained,1,1,975,7095,1,0.36868,988.78,7095.28,996.06,7115.25,7.28,19.97,145.25,993.58,7098.44,992.26,7103.77,991.26,7110.75,2.4239,12.4714,13.984,9.6264,12.528,37.58,5.486,7.058,0.777,0.316,259.4,502195.74,5190148.67,502191.77,5190132.7,502188.79,5190111.74,91.11,,0,
kprcnn-adamiak-v2,Tacoma-Centralia_02_20260602,Centralia/I-5-south,trained,1,1,990,7095,1,0.10749,990.0,7096.58,995.58,7115.63,5.58,19.05,106.22,993.44,7098.39,992.13,7103.64,991.15,7110.87,0.9917,12.7606,15.426,9.7261,12.693,38.08,5.417,7.294,0.743,0.34,259.6,502195.33,5190148.84,502191.39,5190133.07,502188.44,5190111.39,91.49,,0,
kprcnn-adamiak-v2,Tacoma-Centralia_02_20260602,Centralia/I-5-south,trained,1,1,975,7110,1,0.06238,984.41,7122.11,997.51,7134.0,13.11,11.89,155.77,988.5,7131.85,993.09,7131.52,994.4,7122.94,3.001,6.1252,15.1581,8.0947,10.688,32.07,4.599,8.683,0.53,3.643,56.5,502180.5,5190048.44,502194.26,5190049.43,502198.19,5190075.18,7.8,87,1,4.615
kprcnn-adamiak-v2,Tacoma-Centralia_02_20260602,Centralia/I-5-south,trained,1,1,975,7125,1,0.56255,980.4,7127.97,989.22,7145.97,8.82,18.0,158.71,987.75,7131.47,985.13,7136.14,983.5,7143.47,0.1578,11.7898,14.3746,8.7741,12.728,38.18,5.348,7.512,0.712,0.907,250.5,502178.24,5190049.58,502170.4,5190035.58,502165.5,5190013.58,0.93,88,1,0.889
kprcnn-adamiak-v2,Centralia_01_20260511,Centralia/I-5-south,trained,1,1,1545,45,1,0.13927,1550.51,46.59,1562.84,66.27,12.34,19.67,242.69,1558.79,50.04,1555.86,55.28,1551.64,61.18,2.5536,8.6759,11.4201,7.5498,13.24,39.72,6.005,7.256,0.828,0.37,237.4,505823.36,5203526.89,505814.59,5203511.16,505801.93,5203493.45,1.09,52,1,0.416
kprcnn-adamiak-v2,Centralia_01_20260511,Centralia/I-5-south,trained,1,1,1530,60,1,0.107,1535.66,67.14,1554.0,83.1,18.34,15.96,292.79,1547.94,69.97,1546.3,75.29,1540.73,80.61,1.8085,10.0328,14.2266,8.6893,12.851,38.55,5.567,7.702,0.723,1.627,235.9,505790.82,5203467.1,505785.91,5203451.14,505769.2,5203435.18,3.24,51,1,1.321
kprcnn-adamiak-v2,Centralia_01_20260511,Centralia/I-5-south,trained,1,1,1485,120,1,0.11569,1494.25,122.65,1503.81,140.27,9.57,17.62,168.57,1502.33,128.8,1499.36,131.79,1496.06,136.11,3.6193,9.9241,13.1145,8.886,9.632,28.9,4.215,5.437,0.775,0.307,229.4,505653.99,5203290.59,505645.08,5203281.62,505635.18,5203268.66,1.25,50,1,0.83
kprcnn-adamiak-v2,Centralia_01_20260511,Centralia/I-5-south,trained,1,1,1500,120,1,0.47435,1502.84,138.78,1520.01,143.88,17.17,5.1,87.63,1505.64,142.13,1510.6,141.17,1517.2,140.53,-4.1498,7.714,10.0557,4.54,11.668,35.0,5.045,6.636,0.76,0.271,7.9,505663.93,5203250.62,505678.79,5203253.49,505698.61,5203255.4,42.73,,0,
kprcnn-adamiak-v2,Centralia_01_20260511,Centralia/I-5-south,trained,1,1,1485,150,1,0.05255,1486.18,165.46,1497.14,174.0,10.97,8.54,93.66,1492.99,166.94,1491.66,170.55,1486.35,171.54,0.2276,8.5856,4.2112,4.3414,8.082,24.25,3.85,5.407,0.712,2.215,214.7,505625.97,5203176.19,505621.99,5203165.35,505606.04,5203162.39,118.35,,0,
kprcnn-adamiak-v2,Centralia_01_20260511,Centralia/I-5-south,trained,1,1,1455,210,1,0.08934,1457.02,218.2,1466.33,233.38,9.31,15.18,141.36,1459.85,220.68,1461.84,223.98,1458.85,229.59,1.1988,9.8795,11.5705,7.5496,8.967,26.9,3.857,6.359,0.606,2.35,263.6,505526.54,5203014.97,505532.53,5203005.07,505523.55,5202988.24,298.62,,0,
kprcnn-adamiak-v2,Centralia_01_20260511,Centralia/I-5-south,trained,1,1,1440,225,1,0.19658,1445.67,230.75,1454.92,248.97,9.25,18.21,168.4,1451.12,233.9,1451.78,238.86,1447.82,245.49,2.7867,12.8868,16.27,10.6478,12.052,36.16,5.011,7.718,0.649,1.996,254.1,505500.35,5202975.31,505502.34,5202960.41,505490.45,5202940.53,351.59,,0,
kprcnn-adamiak-v2,Centralia_01_20260511,Centralia/I-5-south,trained,1,1,1425,255,1,0.05887,1439.09,257.19,1449.0,269.13,9.91,11.94,118.42,1441.23,266.64,1443.55,263.33,1447.51,257.69,1.8679,9.778,11.6363,7.7607,10.94,32.82,4.045,6.895,0.587,0.01,55.0,505470.7,5202877.07,505477.64,5202887.02,505489.54,5202903.94,428.71,,0,
kprcnn-adamiak-v2,Centralia_01_20260511,Centralia/I-5-south,trained,1,1,1365,360,1,0.09699,1374.05,370.92,1388.71,382.7,14.66,11.77,172.64,1382.21,372.07,1381.54,375.99,1379.21,380.9,-0.1584,9.4175,13.8776,7.7122,9.327,27.98,3.981,5.432,0.733,0.631,251.2,505293.63,5202560.8,505291.63,5202549.02,505284.63,5202534.3,511.13,,0,
kprcnn-adamiak-v2,Centralia_01_20260511,Centralia/I-5-south,trained,1,1,1365,390,1,0.5821,1369.42,400.07,1378.61,414.0,9.19,13.93,127.97,1374.51,411.51,1374.84,407.53,1371.23,402.89,2.9737,11.7704,14.8833,9.8758,9.226,27.68,3.993,5.881,0.679,1.722,110.8,505270.53,5202442.46,505271.52,5202454.4,505260.69,5202468.33,414.4,,0,
kprcnn-adamiak-v2,Centralia_01_20260511,Centralia/I-5-south,trained,1,1,1350,450,1,0.51728,1350.93,468.9,1368.09,473.99,17.16,5.09,87.33,1365.29,472.88,1361.0,471.61,1354.4,471.29,-5.7671,5.8973,14.7562,4.9621,11.004,33.01,4.474,6.607,0.677,0.639,171.7,505242.86,5202258.36,505229.99,5202262.18,505210.19,5202263.14,217.78,,0,
kprcnn-adamiak-v2,Centralia_01_20260511,Centralia/I-5-south,trained,1,1,1350,450,0,0.12662,1352.3,456.45,1360.82,472.71,8.52,16.26,138.53,1358.04,458.94,1356.73,463.58,1355.09,470.22,1.8096,7.1988,14.1397,7.716,11.663,34.99,4.828,6.837,0.706,0.093,255.4,505221.11,5202300.19,505217.18,5202286.25,505212.26,5202266.34,239.47,,0,
kprcnn-adamiak-v2,Centralia_01_20260511,Centralia/I-5-south,trained,1,1,1335,525,1,0.14089,1335.0,534.55,1347.2,548.22,12.2,13.68,166.78,1344.72,546.1,1340.44,541.55,1339.12,546.1,4.5513,10.7111,15.3911,10.2178,5.604,16.81,6.256,4.745,1.318,4.558,180.0,505181.17,5202038.69,505168.32,5202052.36,505164.36,5202038.69,1.03,48,1,4.203
kprcnn-adamiak-v2,Centralia_01_20260511,Centralia/I-5-south,trained,1,1,1320,600,1,0.05341,1320.0,617.43,1332.01,624.0,12.01,6.57,78.87,1331.85,617.6,1326.0,621.21,1321.79,621.21,-4.4196,6.3712,5.0289,2.3268,10.691,32.07,6.869,4.22,1.628,1.426,199.7,505142.54,5201824.21,505125.01,5201813.37,505112.36,5201813.37,141.53,,0,
kprcnn-adamiak-v2,Centralia_01_20260511,Centralia/I-5-south,trained,1,1,1290,765,1,0.12648,1290.0,776.21,1303.61,788.18,13.61,11.97,162.86,1297.8,786.02,1298.79,782.36,1291.83,786.02,5.3256,7.238,12.8449,8.4695,5.974,17.92,3.79,7.871,0.482,3.657,180.0,505040.4,5201318.94,505043.38,5201329.91,505022.48,5201318.94,349.89,,0,
kprcnn-adamiak-v2,Centralia_01_20260511,Centralia/I-5-south,trained,1,1,1275,795,1,0.09585,1282.14,798.7,1291.14,816.89,9.0,18.19,163.76,1288.09,801.84,1287.44,805.81,1285.19,814.08,1.7597,9.9901,14.4856,8.7452,12.577,37.73,4.021,8.571,0.469,0.287,256.7,505011.26,5201271.48,505009.33,5201259.57,505002.58,5201234.76,346.87,,0,
kprcnn-adamiak-v2,Centralia_01_20260511,Centralia/I-5-south,trained,1,1,1275,840,1,0.09169,1275.21,853.49,1282.91,863.35,7.7,9.86,75.98,1279.54,855.3,1279.22,858.58,1276.33,857.27,-2.2696,6.5903,9.5049,4.6085,3.767,11.3,3.303,3.174,1.041,2.633,211.6,504985.62,5201111.11,504984.66,5201101.25,504975.99,5201105.2,186.75,,0,
kprcnn-adamiak-v2,Centralia_01_20260511,Centralia/I-5-south,trained,1,1,1260,885,1,0.20138,1265.11,896.11,1274.74,909.0,9.63,12.89,124.13,1270.92,897.27,1270.25,901.89,1272.25,906.52,0.5219,9.5912,14.5821,8.2317,9.349,28.05,4.674,5.038,0.928,1.315,278.2,504959.76,5200985.2,504957.76,5200971.32,504963.74,5200957.44,56.25,,0,
kprcnn-adamiak-v2,Centralia_01_20260511,Centralia/I-5-south,trained,1,1,1260,900,1,0.16351,1266.37,915.46,1284.0,924.0,17.63,8.54,150.59,1269.53,922.19,1272.85,920.55,1281.17,920.88,0.1833,11.8254,6.1805,6.0631,11.718,35.15,3.71,8.324,0.446,1.259,6.4,504955.58,5200910.42,504965.56,5200915.35,504990.52,5200914.36,0.58,46,1,4.878
kprcnn-adamiak-v2,Centralia_01_20260511,Centralia/I-5-south,trained,1,1,1260,915,1,0.40063,1267.41,915.0,1279.63,925.77,12.22,10.77,131.6,1272.2,923.98,1272.86,920.39,1276.82,916.47,5.1831,12.4895,8.0999,8.5908,8.816,26.45,3.651,5.572,0.655,1.32,58.4,504963.59,5200905.07,504965.57,5200915.84,504977.46,5200927.59,0.63,46,1,1.943
kprcnn-adamiak-v2,Centralia_01_20260511,Centralia/I-5-south,trained,1,1,1260,945,1,0.36721,1260.0,953.66,1267.18,966.66,7.18,13.0,93.29,1263.1,966.16,1263.43,961.83,1263.43,957.16,1.9617,8.6132,11.2383,7.2711,9.004,27.01,4.345,4.666,0.931,0.169,87.9,504936.3,5200778.52,504937.28,5200791.51,504937.28,5200805.51,127.09,,0,
kprcnn-adamiak-v2,Centralia_01_20260511,Centralia/I-5-south,trained,1,1,1230,1020,1,0.07552,1240.19,1020.08,1246.7,1034.92,6.52,14.84,96.71,1243.61,1022.56,1243.61,1025.85,1241.65,1032.12,3.3986,11.7469,12.4035,9.183,9.76,29.28,3.297,6.563,0.502,0.661,258.4,504877.82,5200609.33,504877.82,5200599.44,504871.96,5200580.64,327.91,,0,
kprcnn-adamiak-v2,Centralia_01_20260511,Centralia/I-5-south,trained,1,1,1230,1020,0,0.06559,1235.02,1038.06,1250.3,1043.2,15.28,5.14,78.5,1246.81,1042.39,1241.83,1039.5,1238.18,1042.07,-4.1815,5.4179,10.0303,3.7556,8.642,25.93,5.76,4.466,1.29,2.703,177.9,504887.44,5200549.82,504872.5,5200558.49,504861.53,5200550.78,368.85,,0,
kprcnn-adamiak-v2,Centralia_01_20260511,Centralia/I-5-south,trained,1,1,1230,1020,0,0.05641,1235.62,1031.51,1244.98,1044.0,9.37,12.49,116.94,1241.59,1034.96,1241.27,1038.25,1240.94,1032.34,-2.2641,11.5304,11.1929,6.8197,2.707,8.12,3.302,5.923,0.557,1.098,103.8,504871.77,5200572.11,504870.8,5200562.25,504869.83,5200579.99,365.64,,0,
kprcnn-adamiak-v2,Centralia_01_20260511,Centralia/I-5-south,trained,1,1,1230,1050,1,0.07561,1243.22,1050.0,1250.88,1063.57,7.66,13.57,104.0,1244.39,1061.09,1246.05,1056.12,1246.39,1050.5,3.3896,9.7931,10.9389,8.0405,10.781,32.34,5.238,5.638,0.929,0.716,79.3,504880.17,5200493.73,504885.16,5200508.63,504886.16,5200525.51,414.67,,0,
kprcnn-adamiak-v2,Centralia_01_20260511,Centralia/I-5-south,trained,1,1,1185,1245,1,0.383,1186.46,1264.04,1204.93,1269.0,18.47,4.96,91.56,1190.25,1268.17,1195.86,1266.52,1201.8,1266.19,-5.4039,7.7316,7.127,3.1516,11.715,35.15,5.847,5.947,0.983,0.679,9.7,504717.76,5199872.48,504734.58,5199877.43,504752.4,5199878.43,432.86,,0,
kprcnn-adamiak-v2,Centralia_01_20260511,Centralia/I-5-south,trained,1,1,1185,1245,0,0.05758,1190.6,1262.72,1200.55,1269.0,9.95,6.28,62.51,1195.41,1263.87,1195.08,1266.52,1200.38,1266.19,-0.4604,8.1353,4.5017,4.0588,5.487,16.46,2.666,5.316,0.502,2.538,335.0,504733.22,5199885.38,504732.23,5199877.44,504748.15,5199878.43,432.41,,0,
kprcnn-adamiak-v2,Centralia_01_20260511,Centralia/I-5-south,trained,1,1,1155,1275,1,0.12512,1155.0,1292.09,1165.99,1299.0,10.99,6.91,75.92,1159.16,1293.57,1159.83,1295.55,1164.16,1294.89,-0.6433,7.7948,9.7034,5.6183,5.166,15.5,2.083,4.379,0.476,1.739,345.2,504624.49,5199796.29,504626.49,5199790.36,504639.47,5199792.34,338.3,,0,
kprcnn-adamiak-v2,Centralia_01_20260511,Centralia/I-5-south,trained,1,1,1140,1290,1,0.11738,1154.7,1290.0,1163.89,1300.94,9.2,10.94,100.62,1158.8,1292.82,1159.46,1295.8,1161.1,1299.45,-2.9948,9.0602,13.3345,6.4667,7.017,21.05,3.055,3.999,0.764,0.357,289.1,504623.41,5199798.55,504625.38,5199789.6,504630.31,5199778.66,337.62,,0,
kprcnn-adamiak-v2,Centralia_01_20260511,Centralia/I-5-south,trained,1,1,1185,1305,1,0.1072,1187.83,1316.08,1197.57,1329.0,9.74,12.92,125.81,1190.59,1326.51,1192.21,1323.53,1193.19,1316.57,6.7029,7.8668,11.616,8.7286,10.274,30.82,3.395,7.026,0.483,0.816,75.4,504718.77,5199697.46,504723.64,5199706.4,504726.56,5199727.28,263.95,,0,
kprcnn-adamiak-v2,Centralia_01_20260511,Centralia/I-5-south,trained,1,1,1170,1335,1,0.0867,1174.47,1340.79,1184.0,1357.81,9.53,17.02,162.14,1178.9,1343.9,1179.23,1347.17,1176.93,1355.03,-0.8338,10.1726,16.2617,8.5335,11.301,33.9,3.289,8.185,0.402,0.894,260.0,504683.71,5199645.31,504684.69,5199635.49,504677.8,5199611.92,185.84,,0,
kprcnn-adamiak-v2,Centralia_01_20260511,Centralia/I-5-south,trained,1,1,1155,1380,1,0.8407,1163.64,1382.93,1171.93,1403.37,8.29,20.44,169.36,1169.44,1401.56,1168.45,1392.33,1166.46,1399.58,0.9304,10.6572,12.8671,8.1516,3.579,10.74,9.284,7.521,1.235,7.144,146.5,504655.33,5199472.32,504652.35,5199500.01,504646.38,5199478.25,47.17,,0,
kprcnn-adamiak-v2,Centralia_01_20260511,Centralia/I-5-south,trained,1,1,1155,1395,1,0.32085,1163.48,1398.86,1172.17,1418.75,8.69,19.88,172.73,1169.11,1402.34,1167.83,1407.65,1165.9,1415.6,2.0175,13.6954,17.5397,11.0842,13.641,40.92,5.457,8.185,0.667,0.0,256.4,504654.34,5199469.97,504650.48,5199454.06,504644.69,5199430.2,1.22,44,1,0.635
kprcnn-adamiak-v2,Centralia_01_20260511,Centralia/I-5-south,trained,1,1,1155,1410,1,0.09899,1167.29,1413.51,1176.36,1432.57,9.07,19.06,172.86,1170.7,1429.12,1171.99,1423.21,1173.29,1416.63,6.9255,13.3563,14.7818,11.6878,12.757,38.27,6.057,6.701,0.904,0.067,78.3,504659.09,5199389.63,504662.97,5199407.38,504666.86,5199427.11,0.92,45,1,0.648
kprcnn-adamiak-v2,Centralia_01_20260511,Centralia/I-5-south,trained,1,1,1170,1410,1,0.05654,1170.0,1411.81,1176.58,1428.45,6.58,16.63,109.47,1171.15,1427.61,1171.48,1422.96,1173.13,1416.3,1.5121,11.4342,14.928,9.2914,11.481,34.44,4.669,6.853,0.681,0.477,80.1,504660.46,5199394.16,504661.44,5199408.13,504666.38,5199428.09,2.18,45,1,1.002
kprcnn-adamiak-v2,Centralia_01_20260511,Centralia/I-5-south,trained,1,1,1155,1425,1,0.56206,1155.29,1436.01,1167.66,1448.62,12.38,12.61,156.08,1161.96,1438.17,1161.64,1441.82,1159.36,1446.46,1.2715,8.5126,13.6919,7.8253,8.696,26.09,3.665,5.175,0.708,0.783,252.6,504632.89,5199362.5,504631.91,5199351.55,504625.08,5199337.61,63.03,,0,
kprcnn-adamiak-v2,Centralia_01_20260511,Centralia/I-5-south,trained,1,1,1155,1425,0,0.06847,1155.94,1441.41,1168.55,1447.66,12.61,6.25,78.8,1166.39,1446.18,1162.41,1442.89,1159.76,1446.51,-2.0724,4.7248,12.3826,5.0116,6.646,19.94,5.165,4.487,1.151,3.481,182.8,504646.18,5199338.47,504634.24,5199348.33,504626.27,5199337.48,64.8,,0,
kprcnn-adamiak-v2,Centralia_01_20260511,Centralia/I-5-south,trained,1,1,1140,1485,1,0.09227,1141.65,1503.48,1160.73,1508.08,19.08,4.59,87.64,1156.95,1506.6,1152.67,1505.62,1146.75,1504.3,-4.1606,8.6915,11.5688,5.3666,10.454,31.36,4.389,6.066,0.724,0.021,167.3,504617.84,5199157.2,504605.01,5199160.15,504587.24,5199164.09,253.02,,0,
kprcnn-adamiak-v2,Centralia_01_20260511,Centralia/I-5-south,trained,1,1,1140,1485,0,0.05041,1144.54,1486.72,1153.51,1507.33,8.97,20.61,184.9,1151.02,1490.21,1148.69,1495.86,1147.7,1502.51,-0.065,9.155,14.0936,7.7279,12.74,38.22,6.111,6.722,0.909,0.772,254.9,504600.06,5199206.37,504593.08,5199189.42,504590.09,5199169.47,227.99,,0,
kprcnn-adamiak-v2,Centralia_01_20260511,Centralia/I-5-south,trained,1,1,1125,1560,1,0.21909,1128.78,1566.33,1137.75,1584.0,8.97,17.67,158.47,1134.27,1569.77,1133.93,1574.35,1131.28,1580.89,1.8057,6.9133,15.5334,8.0841,11.519,34.56,4.592,7.063,0.65,0.868,255.0,504549.8,5198967.7,504548.8,5198953.95,504540.83,5198934.32,404.34,,0,
kprcnn-adamiak-v2,Centralia_01_20260511,Centralia/I-5-south,trained,1,1,1095,1695,1,0.35739,1103.29,1696.96,1112.07,1715.31,8.78,18.36,161.17,1108.33,1700.07,1107.68,1705.32,1105.4,1711.87,4.0133,12.8802,16.4051,11.0995,12.158,36.47,5.285,6.94,0.762,0.631,256.1,504471.99,5198576.78,504470.04,5198561.05,504463.21,5198541.38,4.14,43,1,1.204
kprcnn-adamiak-v2,Centralia_01_20260511,Centralia/I-5-south,trained,1,1,1095,1710,1,0.06973,1103.58,1727.42,1119.0,1734.0,15.42,6.58,101.47,1106.37,1732.19,1110.3,1730.88,1116.54,1731.53,-2.0436,11.8937,9.1524,6.3342,10.195,30.58,4.152,6.27,0.662,1.059,3.7,504466.1,5198480.43,504477.91,5198484.37,504496.62,5198482.4,0.25,55,1,4.353
kprcnn-adamiak-v2,Centralia_01_20260511,Centralia/I-5-south,trained,1,1,1095,1725,1,0.52654,1106.8,1725.0,1114.98,1737.77,8.19,12.77,104.54,1109.25,1735.31,1109.91,1730.73,1111.87,1725.82,7.7285,15.3262,11.9045,11.653,9.848,29.55,4.63,5.289,0.875,0.588,74.6,504474.76,5198471.06,504476.72,5198484.81,504482.62,5198499.54,1.21,55,1,0.77
kprcnn-adamiak-v2,Centralia_01_20260511,Centralia/I-5-south,trained,1,1,1095,1755,1,0.44551,1095.0,1762.59,1107.31,1777.3,12.31,14.71,181.11,1098.83,1774.85,1100.49,1771.25,1102.49,1765.04,2.3601,9.303,15.8547,9.1726,10.468,31.41,3.962,6.524,0.607,0.301,69.5,504443.48,5198352.46,504448.47,5198363.25,504454.46,5198381.89,3.47,42,1,0.984
kprcnn-adamiak-v2,Centralia_01_20260511,Centralia/I-5-south,trained,1,1,1065,1845,1,0.15927,1073.44,1863.48,1088.6,1868.39,15.15,4.91,74.38,1082.5,1866.59,1079.87,1865.93,1075.25,1866.26,3.0323,3.2981,13.734,6.6881,7.255,21.77,2.716,4.624,0.587,0.535,177.4,504394.5,5198077.24,504386.6,5198079.2,504372.76,5198078.22,22.62,,0,
kprcnn-adamiak-v2,Centralia_01_20260511,Centralia/I-5-south,trained,1,1,1065,1845,0,0.11007,1071.46,1849.68,1080.28,1868.73,8.82,19.05,167.98,1077.5,1853.13,1077.18,1858.39,1074.56,1865.61,2.084,12.1528,19.2578,11.1649,12.823,38.47,5.265,7.684,0.685,0.887,256.7,504379.51,5198117.61,504378.53,5198101.84,504370.69,5198080.16,1.96,41,1,0.835
kprcnn-adamiak-v2,Centralia_01_20260511,Centralia/I-5-south,trained,1,1,1065,1845,0,0.07151,1073.2,1846.33,1083.88,1869.0,10.68,22.67,242.13,1083.07,1865.22,1077.25,1858.32,1075.31,1865.22,1.8467,11.0825,15.28,9.4031,7.767,23.3,9.03,7.168,1.26,6.9,180.0,504396.22,5198081.34,504378.74,5198102.04,504372.92,5198081.34,2.22,41,1,4.607
kprcnn-adamiak-v2,Centralia_01_20260511,Centralia/I-5-south,trained,1,1,1065,1875,1,0.09213,1066.63,1889.52,1081.69,1898.61,15.06,9.09,136.82,1076.62,1891.3,1074.0,1894.22,1069.42,1896.5,4.4954,3.2371,14.4988,7.4104,8.878,26.64,3.923,5.115,0.767,0.838,215.8,504376.86,5198003.09,504369.0,5197994.33,504355.25,5197987.51,21.92,,0,
kprcnn-adamiak-v2,Centralia_01_20260511,Centralia/I-5-south,trained,1,1,1065,1875,0,0.06905,1068.22,1880.58,1076.02,1898.9,7.8,18.32,142.8,1075.86,1891.07,1072.28,1887.41,1069.68,1895.73,1.3353,8.2472,12.6083,7.3969,7.735,23.21,5.117,8.722,0.587,5.077,217.1,504374.57,5198003.79,504363.85,5198014.78,504356.05,5197989.8,15.89,40,1,8.53
kprcnn-adamiak-v2,Centralia_01_20260511,Centralia/I-5-south,trained,1,1,1050,1905,1,0.19508,1061.6,1905.84,1068.39,1925.39,6.79,19.55,132.79,1066.61,1908.99,1065.64,1914.29,1063.38,1920.92,2.0104,13.3534,17.0746,10.8128,12.358,37.07,5.389,7.002,0.77,0.451,254.8,504346.84,5197950.03,504343.93,5197934.13,504337.14,5197914.25,1.37,39,1,0.728
kprcnn-adamiak-v2,Centralia_01_20260511,Centralia/I-5-south,trained,1,1,1050,1920,1,0.19535,1064.58,1928.06,1073.57,1943.43,8.99,15.37,138.14,1067.74,1940.65,1068.74,1935.75,1070.4,1928.23,6.5037,10.9223,14.5823,10.6694,12.707,38.12,5.005,7.702,0.65,0.051,77.9,504350.22,5197855.05,504353.22,5197869.76,504358.21,5197892.32,63.72,,0,
kprcnn-adamiak-v2,Centralia_01_20260511,Centralia/I-5-south,trained,1,1,1050,1920,0,0.07952,1056.32,1938.58,1072.12,1943.32,15.8,4.73,74.8,1067.35,1940.95,1063.4,1940.95,1058.79,1941.58,5.3378,-0.5927,7.6551,4.1334,8.582,25.75,3.95,4.652,0.849,0.291,184.2,504349.04,5197854.15,504337.19,5197854.15,504323.36,5197852.25,78.9,,0,
kprcnn-adamiak-v2,Centralia_01_20260511,Centralia/I-5-south,trained,1,1,1065,1920,1,0.15919,1065.0,1926.57,1072.89,1943.65,7.89,17.08,134.65,1067.46,1940.53,1068.45,1935.6,1070.42,1929.04,6.1399,10.7936,15.5493,10.8276,11.868,35.6,5.024,6.857,0.733,0.273,75.6,504349.39,5197855.41,504352.35,5197870.19,504358.26,5197889.89,63.17,,0,
kprcnn-adamiak-v2,Centralia_01_20260511,Centralia/I-5-south,trained,1,1,1035,2010,1,0.23956,1042.46,2020.92,1056.89,2034.0,14.44,13.08,188.84,1048.85,2031.55,1050.17,2027.62,1045.57,2022.06,6.6183,10.2108,14.6659,10.4983,10.036,30.11,4.138,7.212,0.574,2.523,109.1,504293.56,5197582.36,504297.5,5197594.13,504283.72,5197610.81,87.05,,0,
kprcnn-adamiak-v2,Centralia_01_20260511,Centralia/I-5-south,trained,1,1,1050,2010,1,0.08453,1050.0,2021.49,1052.93,2034.0,2.93,12.51,36.62,1050.81,2031.86,1050.81,2028.24,1051.14,2021.66,4.0035,10.1883,17.4111,10.5343,10.209,30.63,3.621,6.591,0.549,0.115,88.2,504299.44,5197581.42,504299.44,5197592.28,504300.42,5197612.03,89.05,,0,
kprcnn-adamiak-v2,Centralia_01_20260511,Centralia/I-5-south,trained,1,1,1035,2025,1,0.08171,1035.9,2035.1,1048.96,2047.85,13.06,12.75,166.47,1046.19,2045.73,1042.6,2040.83,1040.31,2047.36,4.4076,6.6942,8.7291,6.6103,6.099,18.3,6.078,6.926,0.878,5.687,195.5,504285.56,5197539.81,504274.79,5197554.52,504267.93,5197534.91,75.09,,0,
kprcnn-adamiak-v2,Centralia_01_20260511,Centralia/I-5-south,trained,1,1,1020,2055,1,0.1441,1032.53,2057.34,1039.78,2077.42,7.25,20.07,145.53,1036.32,2059.15,1036.32,2065.08,1034.01,2073.31,2.1488,11.3085,11.6759,8.3777,14.338,43.01,5.924,8.545,0.693,0.953,260.7,504255.95,5197499.54,504255.95,5197481.77,504249.03,5197457.08,1.01,35,1,0.659
kprcnn-adamiak-v2,Centralia_01_20260511,Centralia/I-5-south,trained,1,1,1005,2130,1,0.06588,1014.56,2130.0,1025.12,2149.47,10.56,19.47,205.68,1021.66,2133.14,1020.67,2138.75,1018.69,2146.01,4.1191,11.1438,13.3293,9.5307,13.211,39.63,5.698,7.527,0.757,0.297,257.0,504211.98,5197277.59,504209.01,5197260.76,504203.07,5197238.97,1.77,34,1,0.712
kprcnn-adamiak-v2,Centralia_01_20260511,Centralia/I-5-south,trained,1,1,1005,2160,1,0.13362,1009.28,2178.73,1026.38,2183.54,17.1,4.81,82.2,1012.41,2181.78,1017.01,2181.45,1021.61,2180.49,6.812,3.4089,5.5141,5.245,9.295,27.89,4.614,4.703,0.981,0.317,7.9,504184.22,5197131.67,504198.03,5197132.64,504211.84,5197135.52,26.47,,0,
kprcnn-adamiak-v2,Centralia_01_20260511,Centralia/I-5-south,trained,1,1,990,2175,1,0.05798,1006.44,2179.2,1014.0,2197.83,7.56,18.64,140.92,1011.53,2182.36,1010.88,2187.68,1009.56,2194.67,4.6081,17.0452,17.3707,13.008,12.471,37.41,5.365,7.111,0.754,0.193,260.9,504181.6,5197129.92,504179.63,5197113.95,504175.69,5197092.98,1.08,33,1,0.648
kprcnn-adamiak-v2,Centralia_01_20260511,Centralia/I-5-south,trained,1,1,1005,2175,1,0.87121,1005.31,2179.51,1015.11,2197.94,9.8,18.44,180.65,1011.68,2182.63,1011.03,2187.9,1008.74,2194.82,4.0752,15.256,18.926,12.7524,12.532,37.59,5.308,7.282,0.729,0.601,256.4,504182.04,5197129.1,504180.08,5197113.29,504173.22,5197092.55,0.29,33,1,0.491
kprcnn-adamiak-v2,Centralia_01_20260511,Centralia/I-5-south,trained,1,1,1005,2175,0,0.09604,1005.76,2185.5,1018.86,2197.18,13.09,11.68,152.89,1010.84,2185.66,1010.84,2188.26,1008.54,2195.07,-3.8395,7.8635,17.0815,7.0352,9.682,29.05,2.595,7.187,0.361,0.614,256.3,504179.51,5197120.01,504179.51,5197112.22,504172.63,5197091.79,1.1,33,1,1.372
kprcnn-adamiak-v2,Centralia_01_20260511,Centralia/I-5-south,trained,1,1,990,2265,1,0.09585,994.2,2273.23,1004.09,2287.95,9.9,14.72,145.71,999.31,2285.17,999.97,2280.92,1000.96,2274.7,4.5238,7.8042,12.2493,8.1925,10.6,31.8,4.304,6.295,0.684,0.01,81.0,504144.93,5196821.48,504146.91,5196834.25,504149.88,5196852.9,280.79,,0,
kprcnn-adamiak-v2,Centralia_01_20260511,Centralia/I-5-south,trained,1,1,960,2385,1,0.07683,969.28,2386.82,984.0,2403.61,14.72,16.79,247.13,974.68,2400.81,976.64,2396.53,977.62,2387.64,4.4867,11.83,15.3021,10.5396,13.495,40.48,4.709,8.943,0.526,0.981,77.4,504071.04,5196474.57,504076.92,5196487.41,504079.87,5196514.08,1.52,32,1,0.717
kprcnn-adamiak-v2,Centralia_01_20260511,Centralia/I-5-south,trained,1,1,975,2385,1,0.05588,975.0,2388.34,979.44,2404.68,4.44,16.34,72.51,975.79,2400.92,976.43,2396.67,976.43,2388.51,2.9784,10.7942,15.9684,9.9137,12.434,37.3,4.295,8.17,0.526,0.417,87.1,504074.38,5196474.23,504076.28,5196486.98,504076.28,5196511.48,1.28,32,1,0.773
kprcnn-adamiak-v2,Centralia_01_20260511,Centralia/I-5-south,trained,1,1,900,2550,1,0.06179,900.0,2563.94,913.84,2572.82,13.84,8.88,122.94,902.8,2567.06,906.1,2566.73,911.37,2571.01,-6.4383,0.5308,16.7151,3.6025,9.435,28.3,3.312,6.789,0.488,1.678,335.3,503855.4,5195975.81,503865.29,5195976.8,503881.11,5195963.97,35.26,,0,
kprcnn-adamiak-v2,Centralia_01_20260511,Centralia/I-5-south,trained,1,1,900,2565,1,0.51679,902.21,2569.11,914.57,2585.14,12.36,16.03,198.21,905.95,2582.36,907.58,2577.78,910.83,2571.56,6.7285,11.9652,13.4432,10.7123,11.849,35.55,4.861,7.016,0.693,0.404,65.7,503864.85,5195929.92,503869.73,5195943.66,503879.49,5195962.31,2.19,31,1,0.554
kprcnn-adamiak-v2,Centralia_01_20260511,Centralia/I-5-south,trained,1,1,885,2580,1,0.06322,885.77,2594.91,896.42,2604.0,10.65,9.09,96.8,892.92,2596.37,891.26,2600.27,885.94,2600.92,2.5344,7.3934,3.6794,4.5357,8.336,25.01,4.236,5.364,0.79,2.359,213.0,503825.77,5195887.89,503820.78,5195876.2,503804.81,5195874.25,82.93,,0,
kprcnn-adamiak-v2,Centralia_01_20260511,Centralia/I-5-south,trained,1,1,840,2670,1,0.05411,843.24,2683.6,864.0,2693.7,20.76,10.1,209.73,859.55,2687.67,854.94,2688.65,850.33,2691.91,2.5317,8.3052,5.7142,5.517,10.152,30.46,4.715,5.648,0.835,1.037,204.7,503725.66,5195613.99,503711.82,5195611.05,503697.98,5195601.28,92.78,,0,
kprcnn-adamiak-v2,Centralia_01_20260511,Centralia/I-5-south,trained,1,1,840,2700,1,0.67552,843.93,2711.59,854.62,2724.0,10.69,12.41,132.69,847.0,2721.88,848.95,2718.61,852.19,2712.08,5.5832,12.1904,15.4395,11.071,11.085,33.26,3.801,7.292,0.521,0.191,62.1,503688.01,5195511.37,503693.84,5195521.17,503703.56,5195540.77,1.85,30,1,0.901
kprcnn-adamiak-v2,Centralia_01_20260511,Centralia/I-5-south,trained,1,1,795,2790,1,0.06878,800.57,2794.77,810.08,2812.09,9.51,17.32,164.77,807.95,2799.6,806.31,2803.6,804.01,2808.93,1.7982,8.8783,12.1504,7.609,10.124,30.37,4.321,5.803,0.745,0.043,247.1,503570.85,5195278.2,503565.93,5195266.2,503559.04,5195250.21,217.21,,0,
kprcnn-adamiak-v2,Centralia_01_20260511,Centralia/I-5-south,trained,1,1,765,2865,1,0.08057,772.01,2865.0,782.61,2876.15,10.6,11.15,118.19,779.13,2865.82,777.48,2870.08,774.83,2875.66,1.8039,11.5398,9.5686,7.6375,10.739,32.22,4.574,6.173,0.741,0.192,246.4,503484.4,5195079.54,503479.44,5195066.75,503471.49,5195050.03,0.76,29,1,0.901
kprcnn-adamiak-v2,Centralia_01_20260511,Centralia/I-5-south,trained,1,1,735,2925,1,0.16321,748.04,2925.66,754.98,2946.31,6.95,20.65,143.42,753.5,2929.16,751.51,2933.82,748.87,2941.48,2.591,11.8469,14.4915,9.6431,13.162,39.49,5.067,8.103,0.625,0.218,249.4,503407.49,5194889.52,503401.53,5194875.54,503393.6,5194852.56,5.15,28,1,1.04
kprcnn-adamiak-v2,Centralia_01_20260511,Centralia/I-5-south,trained,1,1,735,2940,1,0.67708,743.46,2949.38,758.05,2962.89,14.59,13.51,197.03,747.61,2960.41,749.93,2956.46,752.58,2950.2,7.3381,12.4042,16.1286,11.957,11.358,34.08,4.584,6.798,0.674,0.356,64.0,503389.82,5194795.76,503396.78,5194807.62,503404.74,5194826.39,3.49,27,1,0.878
kprcnn-adamiak-v2,Centralia_01_20260511,Centralia/I-5-south,trained,1,1,735,2940,0,0.054,745.83,2947.11,753.58,2964.0,7.75,16.89,130.88,747.93,2961.18,749.86,2956.22,751.8,2949.92,8.2617,14.6772,17.511,13.4833,11.91,35.73,5.333,6.585,0.81,0.215,71.0,503390.78,5194793.45,503396.59,5194808.35,503402.4,5194827.23,4.25,27,1,1.156
kprcnn-adamiak-v2,Centralia_01_20260511,Centralia/I-5-south,trained,1,1,750,2940,1,0.07045,750.0,2949.33,754.57,2964.0,4.57,14.67,67.04,750.82,2961.23,751.14,2956.99,751.79,2949.49,1.14,9.5697,15.8987,8.8695,11.779,35.34,4.252,7.528,0.565,0.027,85.2,503399.45,5194793.31,503400.43,5194806.03,503402.38,5194828.53,3.08,27,1,1.954
kprcnn-adamiak-v2,Centralia_01_20260511,Centralia/I-5-south,trained,1,1,690,3060,1,0.36559,697.1,3067.75,706.2,3084.0,9.11,16.25,148.0,699.21,3081.18,700.51,3077.2,703.44,3070.57,6.2163,14.5422,16.4728,12.4104,11.424,34.27,4.187,7.25,0.578,0.264,68.3,503244.63,5194433.46,503248.53,5194445.4,503257.32,5194465.3,0.69,25,1,0.565
kprcnn-adamiak-v2,Centralia_01_20260511,Centralia/I-5-south,trained,1,1,675,3075,1,0.07496,680.16,3084.74,693.07,3099.0,12.91,14.26,184.09,688.93,3085.57,686.95,3090.87,683.64,3096.51,2.4199,11.7599,18.4954,10.8917,12.16,36.48,5.667,6.539,0.867,0.524,244.2,503213.8,5194420.3,503207.84,5194404.38,503197.91,5194387.46,2.0,24,1,0.684
kprcnn-adamiak-v2,Centralia_01_20260511,Centralia/I-5-south,trained,1,1,645,3150,1,0.38568,654.04,3150.0,664.09,3168.14,10.04,18.14,182.22,661.01,3153.46,659.07,3158.41,656.8,3164.68,5.3286,11.7874,14.9527,10.6896,11.979,35.94,5.316,6.665,0.798,0.08,249.4,503130.03,5194216.61,503124.2,5194201.77,503117.39,5194182.97,1.6,23,1,0.646
kprcnn-adamiak-v2,Centralia_01_20260511,Centralia/I-5-south,trained,1,1,600,3270,1,0.36296,611.83,3280.34,624.0,3293.52,12.17,13.18,160.31,620.88,3284.13,617.92,3286.43,616.6,3291.04,0.4516,9.8601,18.0125,9.4414,8.132,24.4,3.752,4.796,0.782,1.305,238.3,503009.63,5193824.62,503000.75,5193817.7,502996.81,5193803.87,125.56,,0,
kprcnn-adamiak-v2,Centralia_01_20260511,Centralia/I-5-south,trained,1,1,615,3270,1,0.20782,615.0,3283.12,622.01,3292.9,7.01,9.78,68.55,620.26,3284.59,617.71,3286.22,616.43,3291.11,1.5626,6.3225,19.8256,9.2369,7.559,22.68,3.025,5.054,0.599,1.374,239.6,503007.77,5193823.23,503000.12,5193818.34,502996.3,5193803.67,125.09,,0,
kprcnn-adamiak-v2,Centralia_01_20260511,Centralia/I-5-south,trained,1,1,585,3360,1,0.17203,591.44,3360.77,602.86,3384.0,11.41,23.23,265.19,601.06,3368.57,596.5,3371.22,593.89,3377.53,-5.1326,7.837,12.0258,4.9101,11.48,34.44,5.282,6.824,0.774,1.905,231.3,502950.19,5193571.3,502936.49,5193563.33,502928.66,5193544.42,328.4,,0,
kprcnn-adamiak-v2,Centralia_01_20260511,Centralia/I-5-south,trained,1,1,570,3465,1,0.74659,578.47,3468.86,587.59,3488.62,9.12,19.76,180.26,582.54,3485.17,583.85,3479.24,584.82,3472.32,9.4652,18.7308,20.0557,16.0839,13.046,39.14,6.07,6.986,0.869,0.247,79.9,502894.63,5193221.5,502898.54,5193239.29,502901.47,5193260.04,2.26,21,1,0.859
kprcnn-adamiak-v2,Centralia_01_20260511,Centralia/I-5-south,trained,1,1,570,3465,0,0.10124,583.09,3473.43,583.18,3489.0,0.09,15.57,1.44,583.25,3485.19,583.25,3479.89,583.25,3473.59,5.775,14.3635,12.7374,10.9586,11.598,34.79,5.302,6.296,0.842,0.0,90.0,502896.76,5193221.43,502896.76,5193237.34,502896.76,5193256.23,2.28,21,1,1.008
kprcnn-adamiak-v2,Centralia_01_20260511,Centralia/I-5-south,trained,1,1,570,3465,0,0.08927,583.58,3473.95,583.8,3489.0,0.22,15.05,3.34,583.74,3485.24,583.74,3479.67,583.74,3474.11,3.6359,12.3859,10.9161,8.9793,11.127,33.38,5.564,5.564,1.0,0.0,90.0,502898.23,5193221.29,502898.23,5193237.98,502898.23,5193254.67,1.2,21,1,0.88
kprcnn-adamiak-v2,Centralia_01_20260511,Centralia/I-5-south,trained,1,1,570,3465,0,0.08716,583.66,3473.98,583.7,3489.0,0.04,15.02,0.66,583.82,3485.24,583.82,3479.69,583.82,3474.14,3.2716,12.1692,10.8007,8.7472,11.103,33.31,5.551,5.551,1.0,0.0,90.0,502898.47,5193221.27,502898.47,5193237.92,502898.47,5193254.57,1.0,21,1,0.864
kprcnn-adamiak-v2,Centralia_01_20260511,Centralia/I-5-south,trained,1,1,570,3465,0,0.08018,583.78,3474.03,583.79,3489.0,0.01,14.97,0.19,583.94,3485.51,583.94,3479.85,583.94,3474.2,2.6376,11.7101,10.5771,8.3083,11.308,33.92,5.654,5.654,1.0,0.0,90.0,502898.83,5193220.48,502898.83,5193237.44,502898.83,5193254.4,0.41,21,1,0.863
kprcnn-adamiak-v2,Centralia_01_20260511,Centralia/I-5-south,trained,1,1,570,3465,0,0.07675,582.89,3473.42,582.97,3489.0,0.07,15.58,1.13,583.06,3485.19,583.06,3479.89,583.06,3473.59,6.4267,14.8244,12.5355,11.2622,11.6,34.8,5.303,6.297,0.842,0.0,90.0,502896.18,5193221.43,502896.18,5193237.34,502896.18,5193256.24,2.85,21,1,1.155
kprcnn-adamiak-v2,Centralia_01_20260511,Centralia/I-5-south,trained,1,1,555,3525,1,0.10566,557.36,3543.5,570.22,3548.42,12.86,4.93,63.36,559.83,3547.6,562.14,3545.96,567.42,3546.62,-6.1817,0.2512,15.8499,3.3065,7.649,22.95,2.833,5.318,0.533,1.331,7.4,502826.5,5193034.19,502833.42,5193039.12,502849.25,5193037.15,29.88,,0,
kprcnn-adamiak-v2,Centralia_01_20260511,Centralia/I-5-south,trained,1,1,555,3540,1,0.1309,560.57,3547.75,569.96,3564.0,9.39,16.25,152.69,564.62,3560.52,565.59,3555.21,567.21,3547.91,7.0445,12.5901,13.5785,11.0711,12.868,38.6,5.395,7.475,0.722,0.117,78.4,502840.85,5192995.45,502843.77,5193011.37,502848.63,5193033.26,2.55,19,1,0.692
kprcnn-adamiak-v2,Centralia_01_20260511,Centralia/I-5-south,trained,1,1,555,3555,1,0.1175,555.0,3557.15,560.01,3573.49,5.01,16.33,81.81,558.29,3558.65,557.35,3564.32,556.41,3570.65,-1.9895,11.2047,17.6518,8.9557,12.146,36.44,5.744,6.402,0.897,0.052,261.1,502821.86,5193001.04,502819.04,5192984.04,502816.23,5192965.04,39.06,,0,
kprcnn-adamiak-v2,Centralia_01_20260511,Centralia/I-5-south,trained,1,1,540,3585,1,0.22994,542.83,3595.16,552.89,3607.93,10.06,12.77,128.36,549.16,3595.98,548.19,3601.87,546.89,3607.44,0.7611,11.2279,10.8826,7.6239,11.679,35.04,5.972,5.714,1.045,0.191,258.8,502794.48,5192889.05,502791.56,5192871.38,502787.66,5192854.68,1.84,18,1,1.449
kprcnn-adamiak-v2,Centralia_01_20260511,Centralia/I-5-south,trained,1,1,540,3585,0,0.14022,540.0,3598.79,556.41,3607.5,16.41,8.71,142.9,553.62,3601.85,548.7,3601.85,546.73,3607.01,6.0198,9.8814,9.663,8.5214,8.61,25.83,4.923,5.523,0.891,2.951,216.8,502807.86,5192871.45,502793.09,5192871.45,502787.18,5192855.96,0.33,18,1,3.321
kprcnn-adamiak-v2,Centralia_01_20260511,Centralia/I-5-south,trained,1,1,540,3600,1,0.11062,540.0,3600.0,555.06,3603.38,15.06,3.38,50.89,553.91,3601.38,548.67,3601.69,542.78,3601.38,3.7099,11.0929,7.9427,7.5818,11.129,33.39,5.246,5.9,0.889,0.307,180.0,502808.73,5192872.85,502793.02,5192871.93,502775.35,5192872.85,0.48,18,1,5.414
kprcnn-adamiak-v2,Centralia_01_20260511,Centralia/I-5-south,trained,1,1,510,3690,1,0.3435,522.86,3691.59,529.85,3711.21,6.99,19.62,137.1,528.02,3695.08,526.02,3700.74,525.35,3707.72,4.7262,13.0123,17.2864,11.675,12.915,38.75,5.996,7.016,0.855,0.788,258.1,502731.05,5192591.76,502725.06,5192574.79,502723.06,5192553.84,1.83,17,1,0.512
kprcnn-adamiak-v2,Centralia_01_20260511,Centralia/I-5-south,trained,1,1,525,3705,1,0.16625,525.0,3720.86,533.57,3729.0,8.57,8.14,69.75,526.48,3727.21,528.79,3726.23,531.43,3721.02,-1.3123,9.7107,11.7576,6.7186,7.919,23.76,2.506,5.838,0.429,1.193,51.4,502726.45,5192495.37,502733.37,5192498.3,502741.28,5192513.93,2.24,16,1,2.806
kprcnn-adamiak-v2,Centralia_01_20260511,Centralia/I-5-south,trained,1,1,510,3720,1,0.15481,525.41,3720.0,533.88,3735.16,8.47,15.16,128.49,528.5,3732.36,529.16,3726.76,530.79,3720.82,7.9025,14.1586,13.9639,12.0083,11.761,35.28,5.642,6.153,0.917,0.448,78.8,502732.51,5192479.91,502734.47,5192496.73,502739.36,5192514.53,0.33,16,1,0.746
kprcnn-adamiak-v2,Centralia_01_20260511,Centralia/I-5-south,trained,1,1,495,3735,1,0.09483,509.98,3743.08,519.0,3757.26,9.02,14.19,128.03,516.58,3745.22,515.29,3750.5,513.68,3756.77,3.2406,12.9863,12.4141,9.547,11.907,35.72,5.435,6.473,0.84,0.036,255.9,502696.75,5192441.34,502692.88,5192425.5,502688.05,5192406.69,82.26,,0,
kprcnn-adamiak-v2,Centralia_01_20260511,Centralia/I-5-south,trained,1,1,510,3735,1,0.73569,510.57,3741.85,519.18,3759.0,8.61,17.15,147.67,516.37,3744.65,515.04,3750.59,513.39,3756.2,5.5241,14.9985,16.4685,12.3304,11.921,35.76,6.082,5.846,1.04,0.202,255.5,502696.1,5192443.04,502692.13,5192425.23,502687.16,5192408.41,82.88,,0,
kprcnn-adamiak-v2,Centralia_01_20260511,Centralia/I-5-south,trained,1,1,510,3735,0,0.08246,510.06,3746.36,517.06,3757.77,7.0,11.41,79.85,515.89,3746.85,515.22,3750.76,513.89,3755.98,0.2478,9.3132,14.6472,8.0694,9.343,28.03,3.968,5.383,0.737,0.186,257.6,502694.67,5192436.45,502692.67,5192424.71,502688.67,5192409.07,83.05,,0,
kprcnn-adamiak-v2,Centralia_01_20260511,Centralia/I-5-south,trained,1,1,510,3735,0,0.06278,510.99,3751.79,523.75,3757.95,12.76,6.16,78.59,521.62,3755.52,515.74,3752.28,513.45,3756.49,2.6333,1.9322,15.1321,6.5659,8.235,24.71,6.722,4.797,1.401,3.915,186.8,502711.87,5192410.44,502694.21,5192420.17,502687.34,5192407.53,86.27,,0,
kprcnn-adamiak-v2,Centralia_01_20260511,Centralia/I-5-south,trained,1,1,495,3825,1,0.32068,499.65,3831.85,509.13,3849.0,9.47,17.15,162.47,502.76,3843.56,504.39,3839.6,506.02,3832.02,6.0593,15.9985,18.6975,13.5851,11.996,35.99,4.281,7.759,0.552,0.494,74.2,502655.27,5192146.32,502660.17,5192158.2,502665.07,5192180.95,1.43,15,1,0.493
kprcnn-adamiak-v2,Centralia_01_20260511,Centralia/I-5-south,trained,1,1,495,3825,0,0.18513,500.47,3829.6,513.81,3845.67,13.33,16.07,214.28,503.24,3843.21,504.54,3839.27,506.16,3832.39,3.5262,13.0918,20.3107,12.3096,11.211,33.63,4.145,7.076,0.586,0.228,74.9,502656.71,5192147.38,502660.61,5192159.18,502665.49,5192179.84,0.43,15,1,0.402
kprcnn-adamiak-v2,Centralia_01_20260511,Centralia/I-5-south,trained,1,1,465,3885,1,0.13956,478.01,3885.0,485.46,3903.75,7.45,18.75,139.72,484.33,3888.78,481.74,3894.37,479.47,3900.62,-5.0465,13.3983,14.2365,7.5294,12.799,38.4,6.163,6.648,0.927,0.275,247.7,502599.99,5192010.65,502592.21,5191993.88,502585.4,5191975.13,0.93,14,1,1.402
kprcnn-adamiak-v2,Centralia_01_20260511,Centralia/I-5-south,trained,1,1,480,3885,1,0.05153,480.0,3885.89,484.38,3901.49,4.38,15.6,68.41,482.66,3889.04,482.04,3894.02,480.78,3901.33,-2.3962,10.9781,10.9686,6.5168,12.427,37.28,5.019,7.411,0.677,0.134,261.3,502594.99,5192009.88,502593.11,5191994.94,502589.35,5191973.02,1.58,14,1,0.71
kprcnn-adamiak-v2,Centralia_01_20260511,Centralia/I-5-south,trained,1,1,465,3960,1,0.85695,468.74,3967.87,479.33,3981.01,10.59,13.14,139.15,473.2,3980.19,474.2,3975.92,476.18,3970.01,3.9693,12.9511,16.8184,11.2463,10.61,31.83,4.384,6.237,0.703,0.246,73.7,502566.61,5191736.43,502569.59,5191749.24,502575.55,5191766.98,1.18,13,1,0.348
kprcnn-adamiak-v2,Centralia_01_20260511,Centralia/I-5-south,trained,1,1,450,3975,1,0.05359,452.36,3994.06,471.82,3999.0,19.45,4.94,96.12,456.16,3998.18,460.77,3996.53,468.68,3996.86,-5.9967,7.1392,9.6639,3.6022,12.597,37.79,4.901,7.919,0.619,1.155,6.0,502515.47,5191682.47,502529.31,5191687.41,502553.05,5191686.42,72.75,,0,
kprcnn-adamiak-v2,Centralia_01_20260511,Centralia/I-5-south,trained,1,1,450,3990,1,0.54996,454.23,4008.52,470.66,4013.4,16.43,4.88,80.17,457.35,4011.94,460.31,4011.29,466.88,4011.94,6.3365,4.6248,16.6978,9.2197,9.53,28.59,3.028,6.605,0.459,0.651,0.0,502519.06,5191641.19,502527.93,5191643.14,502547.65,5191641.19,31.3,,0,
kprcnn-adamiak-v2,Centralia_01_20260511,Centralia/I-5-south,trained,1,1,435,4050,1,0.284,448.04,4054.46,458.23,4070.28,10.19,15.83,161.33,451.49,4067.81,452.48,4063.53,454.45,4056.93,3.1583,9.9127,12.2332,8.4347,11.275,33.83,4.398,6.883,0.639,0.173,74.8,502501.48,5191473.56,502504.44,5191486.42,502510.36,5191506.2,132.59,,0,
kprcnn-adamiak-v2,Centralia_01_20260511,Centralia/I-5-south,trained,1,1,420,4110,1,0.93443,428.59,4112.56,437.04,4132.97,8.46,20.41,172.58,434.28,4116.02,433.63,4121.62,431.35,4129.19,6.0379,15.4531,19.2491,13.58,13.489,40.47,5.634,7.906,0.713,0.579,257.5,502449.83,5191328.94,502447.88,5191312.15,502441.05,5191289.44,2.55,11,1,0.945
kprcnn-adamiak-v2,Centralia_01_20260511,Centralia/I-5-south,trained,1,1,420,4125,1,0.07725,423.27,4142.07,433.58,4149.0,10.32,6.93,71.46,428.76,4142.57,428.09,4146.2,433.42,4147.85,1.0418,8.4979,5.1214,4.887,7.04,21.12,3.688,5.575,0.662,2.9,311.5,502433.27,5191249.29,502431.28,5191238.41,502447.25,5191233.46,2.0,9,1,3.851
kprcnn-adamiak-v2,Centralia_01_20260511,Centralia/I-5-south,trained,1,1,420,4140,1,0.11085,427.41,4149.17,437.74,4164.0,10.33,14.83,153.17,431.9,4161.53,432.9,4157.24,434.9,4151.64,8.4796,14.4273,16.6855,13.1974,10.33,30.99,4.399,5.948,0.74,0.287,73.1,502442.71,5191192.41,502445.71,5191205.27,502451.71,5191222.07,4.51,8,1,1.066
kprcnn-adamiak-v2,Centralia_01_20260511,Centralia/I-5-south,trained,1,1,420,4140,0,0.05025,422.64,4140.0,435.07,4154.95,12.43,14.95,185.76,429.02,4141.16,428.04,4146.81,434.9,4150.47,2.8191,9.4824,13.2033,8.5016,11.008,33.02,5.732,7.778,0.737,3.849,302.3,502434.05,5191253.51,502431.11,5191236.57,502451.71,5191225.6,2.71,9,1,3.439
kprcnn-adamiak-v2,Centralia_01_20260511,Centralia/I-5-south,trained,1,1,420,4155,1,0.05504,425.77,4155.07,441.58,4158.35,15.81,3.29,51.96,432.52,4155.23,432.85,4156.54,425.93,4155.89,-4.9084,10.1751,7.3303,4.199,6.622,19.86,1.355,6.949,0.195,1.341,185.7,502444.56,5191211.31,502445.55,5191207.37,502424.79,5191209.34,6.16,8,1,6.427
kprcnn-adamiak-v2,Centralia_01_20260511,Centralia/I-5-south,trained,1,1,420,4170,1,0.06936,422.25,4181.21,429.88,4194.0,7.63,12.79,97.61,425.07,4191.87,426.07,4186.95,427.73,4181.37,4.2472,7.2128,9.4297,6.9633,10.827,32.48,5.02,5.818,0.863,0.241,75.8,502422.22,5191101.4,502425.21,5191116.16,502430.18,5191132.89,46.64,,0,
kprcnn-adamiak-v2,Centralia_01_20260511,Centralia/I-5-south,trained,1,1,420,4185,1,0.27425,420.0,4196.9,430.0,4207.4,10.0,10.51,105.12,422.74,4206.58,424.36,4202.97,425.0,4197.06,3.5333,8.1167,10.2772,7.3091,9.788,29.36,3.956,5.946,0.665,0.736,76.7,502415.23,5191057.25,502420.07,5191068.09,502422.01,5191085.82,1.71,7,1,0.736
kprcnn-adamiak-v2,Centralia_01_20260511,Centralia/I-5-south,trained,1,1,420,4185,0,0.13875,420.91,4194.0,426.83,4208.3,5.91,14.31,84.59,423.05,4205.81,424.03,4202.48,425.02,4196.49,4.7263,11.4998,14.1584,10.1282,9.521,28.56,3.47,6.069,0.572,0.275,78.1,502416.14,5191059.58,502419.1,5191069.57,502422.05,5191087.53,1.26,7,1,0.999
kprcnn-adamiak-v2,Centralia_01_20260511,Centralia/I-5-south,trained,1,1,405,4230,1,0.81108,408.9,4238.57,418.95,4252.42,10.04,13.85,139.11,413.28,4250.28,413.6,4246.65,415.87,4240.72,5.0464,13.1924,14.6389,10.9592,9.908,29.72,3.642,6.354,0.573,0.636,74.8,502386.83,5190926.16,502387.8,5190937.05,502394.6,5190954.85,1.85,6,1,0.734
kprcnn-adamiak-v2,Centralia_01_20260511,Centralia/I-5-south,trained,1,1,375,4290,1,0.16226,386.98,4297.01,397.54,4311.51,10.57,14.5,153.24,393.42,4299.81,393.08,4303.44,391.43,4309.37,-0.4843,12.3229,16.4218,9.4201,9.762,29.29,3.641,6.159,0.591,0.412,258.3,502327.25,5190777.57,502326.25,5190766.69,502321.3,5190748.89,29.31,,0,
kprcnn-adamiak-v2,Centralia_01_20260511,Centralia/I-5-south,trained,1,1,390,4290,1,0.35924,390.0,4297.4,395.14,4312.05,5.14,14.65,75.29,393.37,4299.9,392.73,4303.56,391.45,4309.56,-1.3469,12.8446,20.852,10.7832,9.847,29.54,3.719,6.13,0.607,0.087,258.7,502327.12,5190777.3,502325.19,5190766.31,502321.34,5190748.33,29.92,,0,
kprcnn-adamiak-v2,Centralia_01_20260511,Centralia/I-5-south,trained,1,1,390,4290,0,0.3235,390.78,4304.6,406.91,4314.0,16.13,9.4,151.61,398.19,4312.22,399.51,4309.3,391.6,4310.27,1.1263,10.0235,15.1206,8.7568,6.867,20.6,3.2,7.962,0.402,3.17,163.6,502341.57,5190740.35,502345.52,5190749.09,502321.81,5190746.18,3.64,5,1,5.61
kprcnn-adamiak-v2,Centralia_01_20260511,Centralia/I-5-south,trained,1,1,375,4350,1,0.48403,383.23,4353.93,392.47,4373.74,9.25,19.82,183.27,386.69,4369.94,388.01,4364.66,389.67,4357.06,4.0077,14.6151,14.2379,10.9536,13.219,39.66,5.447,7.773,0.701,0.099,77.0,502307.08,5190567.17,502311.04,5190583.02,502316.0,5190605.81,3.66,4,1,0.895
kprcnn-adamiak-v2,Centralia_01_20260511,Centralia/I-5-south,trained,1,1,360,4365,1,0.10138,368.2,4378.63,384.0,4389.0,15.8,10.37,163.88,376.92,4379.44,376.26,4384.63,381.53,4385.92,1.0536,11.2141,9.113,7.1269,7.953,23.86,5.226,5.425,0.963,3.542,305.4,502277.76,5190538.68,502275.79,5190523.12,502291.59,5190519.24,0.9,53,1,3.59
kprcnn-adamiak-v2,Centralia_01_20260511,Centralia/I-5-south,trained,1,1,360,4380,1,0.05881,365.01,4390.54,375.07,4403.77,10.06,13.23,133.11,370.36,4393.36,370.36,4396.99,369.07,4401.62,-3.7463,6.7857,15.6823,6.2406,8.368,25.1,3.637,4.808,0.757,0.564,261.1,502258.09,5190496.93,502258.09,5190486.02,502254.2,5190472.13,41.9,,0,
kprcnn-adamiak-v2,Centralia_01_20260511,Centralia/I-5-south,trained,1,1,360,4410,1,0.40047,362.59,4418.23,368.94,4433.65,6.35,15.42,97.95,366.25,4420.69,365.93,4424.3,364.34,4431.19,0.1651,9.5108,14.4051,8.027,10.671,32.01,3.623,7.071,0.512,0.332,259.7,502245.74,5190414.93,502244.78,5190404.1,502240.02,5190383.44,123.69,,0,
kprcnn-adamiak-v2,Centralia_01_20260511,Centralia/I-5-south,trained,1,1,360,4410,0,0.23277,363.37,4426.46,374.87,4433.57,11.5,7.11,81.77,366.16,4427.59,368.46,4430.82,364.52,4431.79,-3.1776,6.5172,11.6231,4.9876,4.512,13.53,3.967,4.06,0.977,3.319,248.6,502245.48,5190394.23,502252.38,5190384.53,502240.55,5190381.62,141.21,,0,
kprcnn-adamiak-v2,Centralia_01_20260511,Centralia/I-5-south,trained,1,1,360,4410,0,0.05721,360.37,4420.75,373.0,4434.0,12.63,13.25,167.29,365.52,4423.23,365.86,4424.89,363.86,4431.52,-4.663,6.8326,15.4226,5.8641,8.447,25.34,1.689,6.919,0.244,0.652,258.7,502243.57,5190407.3,502244.57,5190402.33,502238.59,5190382.45,125.46,,0,
kprcnn-adamiak-v2,Centralia_01_20260511,Centralia/I-5-south,trained,1,1,315,4560,1,0.06562,331.68,4565.65,339.0,4584.0,7.32,18.35,134.43,336.5,4568.76,335.5,4574.0,333.51,4580.89,5.306,14.2435,15.5942,11.7145,12.491,37.47,5.338,7.167,0.745,0.288,256.1,502156.51,5189970.72,502153.51,5189954.99,502147.52,5189934.34,3.69,3,1,0.96
kprcnn-adamiak-v2,Centralia_01_20260511,Centralia/I-5-south,trained,1,1,330,4560,1,0.62727,330.56,4566.2,338.79,4584.0,8.23,17.8,146.52,335.99,4569.0,335.33,4574.27,333.35,4581.2,4.7205,13.5764,17.727,12.008,12.479,37.44,5.316,7.199,0.738,0.47,257.8,502154.97,5189970.0,502152.99,5189954.18,502147.06,5189933.41,3.12,3,1,0.859
kprcnn-adamiak-v2,Centralia_01_20260511,Centralia/I-5-south,trained,1,1,330,4560,0,0.05473,331.53,4576.85,344.12,4583.12,12.58,6.27,78.88,343.95,4581.64,338.65,4581.31,333.68,4581.31,-5.9241,0.9547,15.8179,3.6162,10.272,30.82,5.309,4.968,1.069,0.16,178.2,502178.85,5189932.09,502162.96,5189933.08,502148.05,5189933.08,20.21,,0,
kprcnn-adamiak-v2,Centralia_01_20260511,Centralia/I-5-south,trained,1,1,300,4665,1,0.70081,304.88,4669.53,313.98,4687.93,9.09,18.4,167.31,310.89,4672.32,310.24,4677.58,307.32,4684.81,2.4024,11.7712,15.1754,9.783,12.986,38.96,5.297,7.797,0.679,0.822,254.0,502079.68,5189660.03,502077.73,5189644.26,502068.96,5189622.58,2.06,2,1,0.551
kprcnn-adamiak-v2,Centralia_01_20260511,Centralia/I-5-south,trained,1,1,285,4710,1,0.51754,285.44,4723.87,295.43,4732.79,9.99,8.92,89.12,295.26,4724.03,291.27,4727.0,287.6,4731.3,-4.1971,10.0194,15.5537,7.1254,10.559,31.68,4.981,5.645,0.882,0.594,223.5,502032.79,5189504.91,502020.8,5189495.99,502009.8,5189483.1,2.92,1,1,2.042
kprcnn-adamiak-v2,Centralia_01_20260511,Centralia/I-5-south,trained,1,1,285,4710,0,0.13747,286.0,4719.19,297.42,4734.0,11.42,14.81,169.09,292.69,4721.66,291.06,4726.6,288.12,4731.2,3.3394,13.2656,15.1004,10.5684,10.579,31.74,5.198,5.463,0.952,0.66,244.4,502025.06,5189512.02,502020.17,5189497.21,502011.36,5189483.39,2.18,1,1,0.744
kprcnn-adamiak-v2,Centralia_01_20260511,Centralia/I-5-south,trained,1,1,285,4725,1,0.32834,287.3,4734.18,298.51,4748.26,11.2,14.08,157.77,290.43,4745.81,293.07,4741.55,295.7,4735.0,1.4689,9.8976,9.0579,6.8081,12.025,36.08,5.008,7.061,0.709,0.503,64.0,502018.3,5189439.58,502026.2,5189452.35,502034.11,5189472.0,46.63,,0,
kprcnn-adamiak-v2,Centralia_01_20260511,Centralia/I-5-south,trained,1,1,255,4770,1,0.0694,260.77,4788.95,279.0,4793.79,18.23,4.84,88.21,272.87,4789.76,268.89,4791.37,275.85,4791.37,-3.3971,5.8421,6.2251,2.89,3.391,10.17,4.292,6.96,0.617,3.311,331.6,501965.61,5189307.72,501953.68,5189302.88,501974.55,5189302.88,41.31,,0,
kprcnn-adamiak-v2,Centralia_01_20260511,Centralia/I-5-south,trained,1,1,225,4845,1,0.36142,230.21,4854.95,239.49,4868.97,9.27,14.02,130.02,236.67,4857.72,235.68,4861.31,233.36,4866.53,-1.1765,10.5377,16.1662,8.5091,9.406,28.22,3.722,5.709,0.652,0.333,249.4,501857.01,5189103.83,501854.03,5189093.07,501847.07,5189077.42,271.68,,0,
kprcnn-adamiak-v2,auburn-snoqualmie_03_20260614,auburn-snoqualmie/I-90,unseen,0,1,8010,915,1,0.9637,8015.18,933.42,8030.96,938.81,15.77,5.39,84.96,8028.16,934.84,8024.22,935.8,8017.98,936.75,4.9703,15.5919,16.7614,12.4412,10.362,31.09,4.056,6.315,0.642,0.211,190.6,582396.49,5258316.47,582384.66,5258313.61,582365.93,5258310.76,2.36,0,1,0.895
kprcnn-adamiak-v2,auburn-snoqualmie_03_20260614,auburn-snoqualmie/I-90,unseen,0,1,8010,915,0,0.32569,8011.36,935.09,8030.7,935.17,19.34,0.07,1.42,8028.9,935.26,8023.98,935.26,8017.75,935.26,1.4196,14.5883,12.8079,9.6052,11.148,33.44,4.918,6.23,0.789,0.0,180.0,582398.7,5258315.23,582383.94,5258315.23,582365.25,5258315.23,3.55,0,1,1.562
kprcnn-adamiak-v2,auburn-snoqualmie_03_20260614,auburn-snoqualmie/I-90,unseen,0,1,8010,915,0,0.23907,8020.54,935.39,8034.0,935.88,13.46,0.49,6.63,8028.25,935.51,8024.64,935.51,8033.84,935.51,1.8415,6.9983,3.06,3.9666,5.583,16.75,3.612,9.195,0.393,0.0,0.0,582396.76,5258314.46,582385.92,5258314.46,582413.51,5258314.46,1.49,0,1,5.812
kprcnn-adamiak-v2,auburn-snoqualmie_03_20260614,auburn-snoqualmie/I-90,unseen,0,1,7935,930,1,0.58413,7942.74,948.46,7958.3,953.87,15.56,5.4,84.07,7953.83,951.48,7950.19,951.48,7945.22,952.12,3.1773,9.2545,9.2557,7.2292,8.629,25.89,3.641,5.005,0.727,0.268,184.2,582173.48,5258266.56,582162.56,5258266.56,582147.66,5258264.65,3.88,1,1,1.818
kprcnn-adamiak-v2,auburn-snoqualmie_03_20260614,auburn-snoqualmie/I-90,unseen,0,1,7950,930,1,0.14467,7950.04,947.28,7968.51,954.0,18.47,6.72,124.05,7953.18,951.28,7959.44,951.28,7965.38,950.0,1.8932,10.5835,13.2549,8.5772,12.268,36.8,6.265,6.072,1.032,0.654,6.0,582171.53,5258267.16,582190.32,5258267.16,582208.13,5258271.0,3.38,2,1,2.253
kprcnn-adamiak-v2,auburn-snoqualmie_03_20260614,auburn-snoqualmie/I-90,unseen,0,1,7770,1035,1,0.06542,7775.66,1049.58,7790.43,1057.59,14.77,8.02,118.42,7783.37,1051.34,7780.42,1053.91,7776.48,1056.47,8.9258,10.2386,11.4033,10.1893,8.593,25.78,3.913,4.7,0.832,0.294,216.7,581662.11,5257966.98,581653.25,5257959.28,581641.43,5257951.59,1.76,4,1,1.112
kprcnn-adamiak-v2,auburn-snoqualmie_03_20260614,auburn-snoqualmie/I-90,unseen,0,1,7395,1185,1,0.2108,7395.0,1197.82,7410.66,1205.91,15.66,8.08,126.55,7397.83,1202.19,7401.83,1201.87,7408.16,1202.84,6.1515,14.2064,14.851,11.7363,10.347,31.04,4.01,6.403,0.626,0.572,356.4,580505.49,5257514.43,580517.49,5257515.4,580536.47,5257512.49,2.97,5,1,0.793
kprcnn-adamiak-v2,auburn-snoqualmie_03_20260614,auburn-snoqualmie/I-90,unseen,0,1,7395,1200,1,0.62841,7395.0,1200.0,7412.99,1202.58,17.99,2.58,46.47,7397.83,1201.78,7401.83,1201.45,7408.83,1201.45,4.5951,13.9669,15.2219,11.2613,11.001,33.0,4.012,6.997,0.573,0.205,1.7,580505.5,5257515.67,580517.49,5257516.64,580538.48,5257516.64,3.89,5,1,1.342
kprcnn-adamiak-v2,auburn-snoqualmie_03_20260614,auburn-snoqualmie/I-90,unseen,0,1,7260,1215,1,0.79904,7262.38,1222.26,7278.31,1235.34,15.93,13.08,208.35,7274.16,1227.0,7270.51,1228.31,7265.2,1232.56,0.4484,15.8732,15.2179,10.5132,10.545,31.64,3.878,6.802,0.57,0.813,211.8,580134.48,5257440.0,580123.52,5257436.07,580107.59,5257423.32,1.16,6,1,0.919
kprcnn-adamiak-v2,auburn-snoqualmie_03_20260614,auburn-snoqualmie/I-90,unseen,0,1,7110,1305,1,0.86827,7111.07,1319.61,7126.53,1329.0,15.47,9.39,145.23,7123.41,1323.66,7119.13,1324.31,7114.19,1326.9,3.0237,14.8614,13.6977,10.5276,9.766,29.3,4.327,5.574,0.776,0.807,199.4,579682.22,5257150.03,579669.39,5257148.08,579654.58,5257140.31,2.77,7,1,1.321
kprcnn-adamiak-v2,auburn-snoqualmie_03_20260614,auburn-snoqualmie/I-90,unseen,0,1,7110,1320,1,0.29888,7111.17,1320.0,7127.2,1330.6,16.03,10.6,169.88,7123.11,1323.48,7119.51,1324.8,7114.28,1328.12,-0.0381,14.0381,16.1922,10.0641,9.974,29.92,3.834,6.193,0.619,0.5,207.7,579681.33,5257150.57,579670.53,5257146.59,579654.84,5257136.65,2.7,7,1,0.867
kprcnn-adamiak-v2,auburn-snoqualmie_03_20260614,auburn-snoqualmie/I-90,unseen,0,1,7005,1380,1,0.07801,7019.78,1388.72,7029.0,1402.33,9.22,13.61,125.47,7028.84,1393.2,7025.87,1396.52,7022.25,1400.17,-5.7629,14.9152,19.7369,9.6297,9.589,28.77,4.45,5.143,0.865,0.125,226.6,579398.51,5256941.4,579389.62,5256931.44,579378.75,5256920.49,2.93,8,1,1.11
kprcnn-adamiak-v2,auburn-snoqualmie_03_20260614,auburn-snoqualmie/I-90,unseen,0,1,7020,1380,1,0.91307,7020.0,1391.08,7032.56,1402.52,12.56,11.44,143.66,7029.75,1393.86,7026.45,1396.15,7022.48,1400.4,6.3802,17.1041,18.396,13.9601,9.777,29.33,4.02,5.812,0.692,0.508,222.0,579401.25,5256939.42,579391.34,5256932.55,579379.44,5256919.81,1.2,8,1,0.745
kprcnn-adamiak-v2,auburn-snoqualmie_03_20260614,auburn-snoqualmie/I-90,unseen,0,1,6915,1605,1,0.22306,6915.99,1615.23,6925.9,1629.0,9.9,13.77,136.4,6919.46,1626.54,6920.45,1623.26,6921.77,1617.36,6.0951,13.9024,14.4124,11.47,9.467,28.4,3.425,6.048,0.566,0.16,75.9,579070.38,5256241.38,579073.35,5256251.21,579077.31,5256268.92,2.65,10,1,1.458
kprcnn-adamiak-v2,auburn-snoqualmie_03_20260614,auburn-snoqualmie/I-90,unseen,0,1,6825,1725,1,0.11418,6828.9,1738.48,6844.49,1747.48,15.6,9.0,140.33,6831.72,1743.65,6835.7,1742.98,6840.01,1738.65,4.6057,14.0903,9.8838,9.5266,9.685,29.06,4.037,6.114,0.66,1.484,31.1,578807.16,5255890.06,578819.1,5255892.06,578832.04,5255905.06,1.94,11,1,1.167
kprcnn-adamiak-v2,auburn-snoqualmie_03_20260614,auburn-snoqualmie/I-90,unseen,0,1,6660,1920,1,0.51207,6674.66,1924.27,6683.75,1939.17,9.09,14.9,135.46,6679.36,1927.75,6679.36,1932.05,6677.09,1938.34,7.501,19.8606,15.4399,14.2672,10.835,32.5,4.304,6.688,0.643,0.903,257.9,578350.09,5255337.75,578350.09,5255324.84,578343.27,5255305.97,1.27,13,1,0.663
kprcnn-adamiak-v2,auburn-snoqualmie_03_20260614,auburn-snoqualmie/I-90,unseen,0,1,6675,1920,1,0.9566,6675.0,1924.56,6683.59,1940.56,8.59,16.0,137.44,6679.46,1927.39,6679.46,1931.73,6677.15,1937.72,7.6919,20.2828,18.4907,15.4885,10.588,31.76,4.333,6.43,0.674,0.947,257.4,578350.38,5255338.82,578350.38,5255325.82,578343.44,5255307.83,2.15,13,1,0.946
kprcnn-adamiak-v2,auburn-snoqualmie_03_20260614,auburn-snoqualmie/I-90,unseen,0,1,6600,2175,1,0.11706,6615.79,2175.73,6624.0,2188.13,8.21,12.41,101.81,6621.21,2177.85,6619.9,2181.11,6617.6,2185.68,1.8718,12.9848,15.3882,10.0816,8.628,25.88,3.519,5.116,0.688,0.174,245.3,578175.63,5254587.45,578171.69,5254577.66,578164.8,5254563.95,1.67,16,1,0.694
kprcnn-adamiak-v2,auburn-snoqualmie_03_20260614,auburn-snoqualmie/I-90,unseen,0,1,6615,2175,1,0.48725,6615.59,2175.0,6624.32,2187.28,8.73,12.28,107.22,6621.57,2177.49,6620.28,2180.81,6617.37,2185.12,1.2519,13.3252,14.7931,9.7901,8.713,26.14,3.561,5.204,0.684,0.468,241.1,578176.71,5254588.53,578172.83,5254578.58,578164.1,5254565.64,0.85,16,1,0.744
kprcnn-adamiak-v2,auburn-snoqualmie_03_20260614,auburn-snoqualmie/I-90,unseen,0,1,6450,2310,1,0.94477,6453.52,2328.99,6470.15,2334.0,16.62,5.01,83.28,6467.32,2331.03,6462.33,2331.65,6456.35,2332.28,6.7687,13.9742,11.9432,10.8954,11.044,33.13,5.027,6.018,0.835,0.057,186.5,577713.96,5254127.92,577698.99,5254126.04,577681.04,5254124.17,274.35,,0,
kprcnn-adamiak-v2,auburn-snoqualmie_03_20260614,auburn-snoqualmie/I-90,unseen,0,1,6450,2310,0,0.18602,6454.43,2330.09,6473.8,2330.41,19.38,0.32,6.15,6466.74,2330.26,6462.47,2330.26,6457.22,2330.26,4.262,10.4335,6.5453,7.0802,9.524,28.57,4.269,5.255,0.813,0.0,180.0,577712.22,5254130.22,577699.41,5254130.22,577683.65,5254130.22,275.28,,0,
kprcnn-adamiak-v2,auburn-snoqualmie_03_20260614,auburn-snoqualmie/I-90,unseen,0,1,6360,2325,1,0.07853,6365.91,2341.98,6384.0,2342.47,18.09,0.49,8.86,6366.73,2342.1,6371.34,2342.1,6380.88,2342.1,1.4007,8.6703,12.289,7.4533,14.141,42.42,4.604,9.537,0.483,0.0,0.0,577412.2,5254094.69,577426.02,5254094.69,577454.63,5254094.69,0.43,17,1,0.995
kprcnn-adamiak-v2,auburn-snoqualmie_03_20260614,auburn-snoqualmie/I-90,unseen,0,1,6360,2325,0,0.05154,6362.93,2336.7,6384.0,2347.12,21.07,10.43,219.67,6366.72,2341.1,6371.0,2341.42,6380.54,2342.4,6.3276,14.017,14.3999,11.5815,13.887,41.66,4.292,9.596,0.447,0.077,354.6,577412.15,5254097.71,577424.99,5254096.74,577453.63,5254093.8,2.38,17,1,1.084
kprcnn-adamiak-v2,auburn-snoqualmie_03_20260614,auburn-snoqualmie/I-90,unseen,0,1,6360,2340,1,0.09336,6367.76,2340.0,6384.0,2342.95,16.24,2.95,47.89,6368.25,2340.82,6371.57,2341.15,6380.19,2341.47,1.1472,9.7912,12.8179,7.9188,11.953,35.86,3.331,8.626,0.386,0.145,356.9,577416.76,5254098.54,577426.7,5254097.56,577452.56,5254096.58,2.74,17,1,1.431
kprcnn-adamiak-v2,auburn-snoqualmie_03_20260614,auburn-snoqualmie/I-90,unseen,0,1,6210,2370,1,0.27289,6211.69,2378.91,6228.49,2392.05,16.8,13.14,220.83,6225.69,2381.7,6221.41,2384.66,6215.15,2389.26,5.1953,13.0095,16.2455,11.4834,12.972,38.92,5.205,7.768,0.67,0.092,215.6,576989.07,5253975.89,576976.22,5253967.02,576957.44,5253953.22,2.4,19,1,0.93
kprcnn-adamiak-v2,auburn-snoqualmie_03_20260614,auburn-snoqualmie/I-90,unseen,0,1,6180,2400,1,0.05612,6184.89,2418.42,6201.85,2423.04,16.96,4.62,78.4,6188.05,2421.56,6191.37,2420.9,6196.36,2420.9,5.5311,7.0577,8.1299,6.9062,8.342,25.03,3.391,4.99,0.68,0.395,4.5,576876.14,5253856.32,576886.12,5253858.3,576901.09,5253858.3,142.4,,0,
kprcnn-adamiak-v2,auburn-snoqualmie_03_20260614,auburn-snoqualmie/I-90,unseen,0,1,6105,2445,1,0.05132,6118.47,2454.81,6129.0,2468.67,10.53,13.86,145.91,6121.27,2464.55,6123.9,2460.92,6126.86,2465.87,6.9228,9.5606,10.2538,8.9124,5.747,17.24,4.483,5.768,0.777,4.137,346.7,576675.8,5253727.36,576683.7,5253738.25,576692.58,5253723.4,121.99,,0,
kprcnn-adamiak-v2,auburn-snoqualmie_03_20260614,auburn-snoqualmie/I-90,unseen,0,1,6075,2460,1,0.5008,6081.95,2478.27,6096.11,2484.0,14.16,5.73,81.11,6091.99,2478.75,6089.03,2481.29,6084.09,2481.29,1.7124,11.0295,7.8582,6.8667,8.303,24.91,3.907,4.939,0.791,1.515,197.9,576587.97,5253684.75,576579.08,5253677.12,576564.26,5253677.12,2.27,20,1,2.518
kprcnn-adamiak-v2,auburn-snoqualmie_03_20260614,auburn-snoqualmie/I-90,unseen,0,1,6075,2460,0,0.14515,6081.81,2479.35,6097.31,2479.67,15.51,0.32,4.9,6091.87,2479.52,6088.9,2479.52,6084.28,2479.52,-2.3677,6.9506,7.1071,3.8967,7.588,22.76,2.969,4.619,0.643,0.0,180.0,576587.61,5253682.45,576578.71,5253682.45,576564.85,5253682.45,7.62,20,1,3.915
kprcnn-adamiak-v2,auburn-snoqualmie_03_20260614,auburn-snoqualmie/I-90,unseen,0,1,6075,2475,1,0.12603,6082.41,2476.3,6097.82,2490.64,15.41,14.34,220.98,6092.09,2477.44,6089.13,2481.68,6083.56,2485.91,4.2415,11.2574,12.5793,9.3594,12.02,36.06,5.163,7.002,0.737,0.925,224.8,576588.26,5253688.68,576579.4,5253675.97,576562.68,5253663.27,1.1,20,1,0.824
kprcnn-adamiak-v2,auburn-snoqualmie_03_20260614,auburn-snoqualmie/I-90,unseen,0,1,6000,2550,1,0.44794,6009.86,2562.43,6024.0,2574.0,14.14,11.57,163.62,6014.3,2571.85,6017.26,2569.21,6021.53,2564.58,5.3247,12.645,14.9789,10.9829,10.259,30.78,3.969,6.3,0.63,0.233,45.1,576354.89,5253405.44,576363.77,5253413.38,576376.6,5253427.26,0.65,21,1,0.483
kprcnn-adamiak-v2,auburn-snoqualmie_03_20260614,auburn-snoqualmie/I-90,unseen,0,1,5820,2775,1,0.26802,5822.54,2781.0,5839.22,2792.82,16.68,11.81,196.98,5833.17,2783.14,5829.9,2786.09,5825.65,2790.03,4.376,9.0912,13.1934,8.8869,10.2,30.6,4.406,5.794,0.76,0.032,222.5,575811.51,5252771.59,575801.71,5252762.73,575788.95,5252750.92,1.23,22,1,0.783
kprcnn-adamiak-v2,auburn-snoqualmie_03_20260614,auburn-snoqualmie/I-90,unseen,0,1,5610,2910,1,0.13124,5610.0,2928.18,5623.32,2934.0,13.32,5.82,77.52,5610.17,2933.84,5613.83,2931.9,5621.16,2929.64,-6.3711,6.2073,16.8305,5.5556,11.767,35.3,4.145,7.669,0.541,0.503,20.9,575142.5,5252319.48,575153.49,5252325.3,575175.47,5252332.09,9.06,23,1,2.679
kprcnn-adamiak-v2,auburn-snoqualmie_03_20260614,auburn-snoqualmie/I-90,unseen,0,1,5550,2955,1,0.73964,5550.0,2960.26,5568.05,2971.93,18.05,11.66,210.52,5554.76,2968.76,5558.04,2966.1,5564.93,2962.76,2.3521,12.7583,15.4013,10.1706,11.81,35.43,4.228,7.655,0.552,0.63,30.5,574976.28,5252214.72,574986.12,5252222.71,575006.8,5252232.71,2.35,25,1,0.519
kprcnn-adamiak-v2,auburn-snoqualmie_03_20260614,auburn-snoqualmie/I-90,unseen,0,1,4635,3450,1,0.129,4645.5,3452.48,4655.81,3474.0,10.31,21.52,221.83,4652.65,3458.27,4649.99,3463.57,4647.66,3470.19,-1.8823,12.8272,18.0111,9.652,12.92,38.76,5.927,7.018,0.845,0.409,247.3,572269.95,5250746.18,572261.97,5250730.29,572254.99,5250710.42,3.04,27,1,1.091
kprcnn-adamiak-v2,auburn-snoqualmie_03_20260614,auburn-snoqualmie/I-90,unseen,0,1,4575,3630,1,0.26314,4578.84,3647.8,4588.31,3654.0,9.48,6.2,58.78,4581.29,3651.88,4583.57,3651.22,4586.19,3648.61,2.4905,6.8211,3.6581,4.3232,5.889,17.67,2.379,3.695,0.644,0.725,33.7,572055.86,5250165.37,572062.72,5250167.33,572070.57,5250175.16,264.42,,0,
kprcnn-adamiak-v2,auburn-snoqualmie_03_20260614,auburn-snoqualmie/I-90,unseen,0,1,4545,3810,1,0.14592,4554.79,3810.0,4563.97,3827.05,9.19,17.05,156.65,4559.87,3813.11,4558.89,3817.71,4556.92,3823.61,5.3023,13.3801,15.468,11.3835,10.9,32.7,4.695,6.222,0.755,0.296,254.3,571991.62,5249681.66,571988.66,5249667.88,571982.76,5249650.18,3.06,30,1,0.841
kprcnn-adamiak-v2,auburn-snoqualmie_03_20260614,auburn-snoqualmie/I-90,unseen,0,1,4305,4080,1,0.07366,4305.0,4098.29,4323.33,4103.31,18.33,5.03,92.18,4311.17,4101.9,4314.83,4100.96,4320.16,4098.44,4.6548,8.5203,6.4644,6.5465,9.64,28.92,3.785,5.895,0.642,0.435,21.0,571245.5,5248815.3,571256.49,5248818.13,571272.49,5248825.67,0.62,31,1,1.4
kprcnn-adamiak-v2,auburn-snoqualmie_03_20260614,auburn-snoqualmie/I-90,unseen,0,1,4170,4185,1,0.41331,4170.0,4199.29,4183.47,4209.0,13.47,9.71,130.78,4180.35,4201.39,4176.08,4204.31,4171.48,4207.22,6.4317,12.6914,13.7828,10.9686,10.612,31.84,5.169,5.444,0.95,0.09,213.3,570853.04,5248516.82,570840.23,5248508.08,570826.43,5248499.34,2.41,32,1,1.06
kprcnn-adamiak-v2,auburn-snoqualmie_03_20260614,auburn-snoqualmie/I-90,unseen,0,1,3990,4305,1,0.50689,3997.66,4322.07,4009.86,4329.0,12.2,6.93,84.56,4006.07,4323.88,4003.1,4326.19,3999.15,4327.51,3.2191,10.6645,5.9423,6.6086,7.817,23.45,3.761,4.17,0.902,0.668,207.7,570330.21,5248149.35,570321.31,5248142.42,570309.44,5248138.46,1.49,34,1,1.215
kprcnn-adamiak-v2,auburn-snoqualmie_03_20260614,auburn-snoqualmie/I-90,unseen,0,1,3990,4320,1,0.36349,3996.16,4320.0,4009.82,4333.68,13.66,13.68,186.87,4006.32,4323.75,4002.99,4326.03,3998.66,4329.61,3.0859,9.6804,14.6745,9.147,9.649,28.95,4.037,5.621,0.718,0.214,217.4,570330.97,5248149.76,570320.98,5248142.92,570307.98,5248132.18,1.6,34,1,0.447
kprcnn-adamiak-v2,auburn-snoqualmie_03_20260614,auburn-snoqualmie/I-90,unseen,0,1,3990,4320,0,0.11397,4001.54,4326.52,4014.0,4337.18,12.46,10.66,132.77,4005.31,4334.35,4008.26,4332.02,4013.84,4328.69,4.6187,12.228,10.2368,9.0278,10.233,30.7,3.76,6.493,0.579,0.309,33.6,570327.94,5248117.95,570336.79,5248124.95,570353.51,5248134.94,3.2,33,1,1.015
kprcnn-adamiak-v2,auburn-snoqualmie_03_20260614,auburn-snoqualmie/I-90,unseen,0,1,3900,4380,1,0.06096,3900.0,4387.81,3914.56,4400.82,14.56,13.01,189.47,3910.42,4391.87,3905.46,4393.83,3900.17,4398.38,4.8576,12.178,11.7844,9.6067,12.148,36.44,5.334,6.984,0.764,1.01,212.4,570043.27,5247945.38,570028.38,5247939.52,570012.5,5247925.86,2.1,35,1,0.789
kprcnn-adamiak-v2,auburn-snoqualmie_03_20260614,auburn-snoqualmie/I-90,unseen,0,1,3660,4515,1,0.0673,3661.12,4532.39,3674.96,4539.0,13.84,6.61,91.55,3671.17,4533.54,3668.2,4535.86,3662.6,4536.85,1.8254,7.8527,9.2639,6.314,9.186,27.56,3.763,5.691,0.661,1.092,201.1,569325.51,5247520.37,569316.61,5247513.42,569299.8,5247510.45,829.03,,0,
kprcnn-adamiak-v2,auburn-snoqualmie_03_20260614,auburn-snoqualmie/I-90,unseen,0,1,3555,4590,1,0.05893,3555.27,4595.96,3569.05,4604.13,13.79,8.18,112.77,3565.94,4596.45,3562.32,4600.05,3556.74,4602.01,1.8655,8.5673,9.5097,6.6475,10.744,32.23,5.098,5.916,0.862,1.21,211.2,569009.81,5247331.66,568998.97,5247320.86,568982.23,5247314.98,1200.47,,0,
kprcnn-adamiak-v2,auburn-snoqualmie_03_20260614,auburn-snoqualmie/I-90,unseen,0,1,3210,4830,1,0.18326,3222.97,4838.27,3234.0,4850.34,11.03,12.07,133.12,3225.4,4847.89,3229.3,4845.28,3232.22,4840.72,9.1708,10.9886,10.7746,10.3113,9.895,29.68,4.687,5.42,0.865,1.027,46.5,567988.21,5246577.32,567999.89,5246585.15,568008.65,5246598.84,3.49,36,1,1.626
kprcnn-adamiak-v2,auburn-snoqualmie_03_20260614,auburn-snoqualmie/I-90,unseen,0,1,3225,4830,1,0.1675,3225.0,4840.54,3237.36,4849.27,12.36,8.73,107.98,3226.14,4847.49,3229.72,4845.55,3234.6,4841.02,5.0501,9.6741,13.4984,9.4076,10.65,31.95,4.072,6.658,0.612,0.632,37.4,567990.42,5246578.52,568001.15,5246584.34,568015.8,5246597.93,2.34,36,1,0.943
kprcnn-adamiak-v2,auburn-snoqualmie_03_20260614,auburn-snoqualmie/I-90,unseen,0,1,2865,5070,1,0.0645,2868.43,5082.71,2889.0,5093.56,20.57,10.85,223.26,2880.54,5085.83,2877.55,5088.13,2872.24,5091.42,2.3218,8.3041,16.1436,8.9232,10.003,30.01,3.771,6.245,0.604,0.24,214.0,566953.62,5245863.51,566944.66,5245856.6,566928.73,5245846.73,2.27,38,1,0.795
kprcnn-adamiak-v2,auburn-snoqualmie_03_20260614,auburn-snoqualmie/I-90,unseen,0,1,2865,5070,0,0.05146,2869.11,5088.7,2885.68,5093.41,16.57,4.71,78.04,2881.87,5091.37,2877.56,5089.17,2871.93,5091.68,-3.9624,1.8221,18.427,5.4289,9.949,29.85,4.837,6.169,0.784,2.332,181.8,566957.61,5245846.89,566944.68,5245853.48,566927.78,5245845.95,4.03,38,1,2.58
kprcnn-adamiak-v2,auburn-snoqualmie_03_20260614,auburn-snoqualmie/I-90,unseen,0,1,2805,5115,1,0.82527,2816.42,5125.2,2829.0,5137.11,12.58,11.91,149.85,2820.89,5134.63,2822.87,5131.32,2827.84,5126.36,3.2679,13.5528,12.4463,9.7557,10.805,32.41,3.859,7.021,0.55,0.608,49.9,566774.66,5245717.11,566780.62,5245727.04,566795.52,5245741.92,2.97,39,1,1.376
kprcnn-adamiak-v2,auburn-snoqualmie_03_20260614,auburn-snoqualmie/I-90,unseen,0,1,2820,5115,1,0.28449,2820.0,5126.98,2831.84,5134.88,11.84,7.9,93.54,2820.82,5133.4,2822.8,5131.1,2829.04,5128.13,1.3338,7.7407,15.9757,8.3501,9.764,29.29,3.034,6.915,0.439,0.876,32.7,566774.47,5245720.8,566780.39,5245727.71,566799.13,5245736.6,3.4,39,1,0.814
kprcnn-adamiak-v2,auburn-snoqualmie_03_20260614,auburn-snoqualmie/I-90,unseen,0,1,2700,5205,1,0.05803,2704.48,5223.12,2715.63,5229.0,11.15,5.88,65.58,2711.86,5224.26,2709.56,5226.55,2713.82,5227.86,2.0003,6.8763,2.5159,3.7975,4.097,12.29,3.24,4.46,0.727,3.112,298.7,566447.57,5245448.21,566440.68,5245441.35,566453.47,5245437.43,28.1,,0,
kprcnn-adamiak-v2,auburn-snoqualmie_03_20260614,auburn-snoqualmie/I-90,unseen,0,1,2070,5775,1,0.68984,2082.47,5784.18,2094.0,5799.0,11.53,14.82,170.86,2085.6,5796.53,2088.24,5792.25,2091.86,5786.65,8.8383,15.4897,16.0373,13.4551,11.695,35.09,5.027,6.669,0.754,0.065,57.6,564568.8,5243731.41,564576.71,5243744.25,564587.58,5243761.05,3.14,41,1,0.792
kprcnn-adamiak-v2,auburn-snoqualmie_03_20260614,auburn-snoqualmie/I-90,unseen,0,1,2085,5775,1,0.22479,2085.0,5787.09,2096.04,5797.02,11.04,9.93,109.53,2085.81,5796.19,2088.41,5792.22,2091.98,5787.59,3.306,10.8116,13.6854,9.2677,10.584,31.75,4.744,5.848,0.811,0.203,54.4,564569.43,5243732.42,564577.22,5243744.34,564587.93,5243758.23,3.14,41,1,1.031
kprcnn-adamiak-v2,auburn-snoqualmie_03_20260614,auburn-snoqualmie/I-90,unseen,0,1,2055,5805,1,0.05216,2058.54,5815.11,2068.31,5828.46,9.77,13.35,130.47,2065.87,5815.92,2063.59,5820.81,2060.65,5826.02,0.4165,5.9063,11.3083,5.877,11.361,34.08,5.39,5.978,0.902,0.215,242.7,564509.6,5243673.23,564502.76,5243658.57,564493.96,5243642.94,111.37,,0,
kprcnn-adamiak-v2,auburn-snoqualmie_03_20260614,auburn-snoqualmie/I-90,unseen,0,1,2025,5880,1,0.14194,2035.88,5881.95,2045.16,5894.48,9.28,12.53,116.18,2040.02,5883.76,2040.02,5887.39,2043.0,5882.45,-0.3263,11.3993,8.9359,6.6696,3.26,9.78,3.626,5.774,0.628,3.316,23.9,564432.07,5243469.71,564432.07,5243458.83,564441.01,5243473.66,317.59,,0,
kprcnn-adamiak-v2,Tri-Cities-New_01_20260611,Tri-Cities (arid),unseen,0,1,3915,645,1,0.14272,3916.81,645.0,3932.59,665.0,15.77,20.0,315.5,3929.8,651.72,3925.85,655.0,3922.24,661.56,-4.1863,10.1472,6.9294,4.2968,12.405,37.22,5.129,7.488,0.685,1.129,232.5,324227.39,5134857.84,324215.55,5134848.0,324204.71,5134828.33,2107.12,,0,
kprcnn-adamiak-v2,Tri-Cities-New_01_20260611,Tri-Cities (arid),unseen,0,1,3900,1365,1,0.09692,3914.58,1373.03,3924.0,1386.19,9.42,13.15,123.88,3919.29,1375.17,3919.62,1379.12,3918.64,1383.72,4.208,13.3616,13.2627,10.2774,8.573,25.72,3.959,4.705,0.841,0.623,265.7,324195.87,5132687.48,324196.85,5132675.65,324193.92,5132661.84,2.6,14,1,1.211
kprcnn-adamiak-v2,Tri-Cities-New_01_20260611,Tri-Cities (arid),unseen,0,1,3915,1365,1,0.07407,3915.4,1371.98,3923.75,1386.96,8.35,14.99,125.16,3919.74,1375.47,3919.74,1378.8,3919.09,1384.13,2.9192,14.0555,13.7914,10.2554,8.683,26.05,3.331,5.368,0.621,0.246,265.8,324197.21,5132686.58,324197.21,5132676.59,324195.28,5132660.6,3.39,14,1,0.934
kprcnn-adamiak-v2,Tri-Cities-New_01_20260611,Tri-Cities (arid),unseen,0,1,3780,2025,1,0.45486,3780.0,2038.61,3790.31,2047.3,10.31,8.69,89.57,3781.83,2045.53,3783.82,2043.6,3787.15,2040.06,2.3977,9.8009,16.0959,9.4315,7.631,22.89,2.777,4.857,0.572,0.084,45.8,323783.49,5130676.41,323789.47,5130682.2,323799.45,5130692.82,1.59,13,1,0.742
kprcnn-adamiak-v2,Tri-Cities-New_01_20260611,Tri-Cities (arid),unseen,0,1,3540,2265,1,0.28625,3544.93,2269.47,3561.5,2283.03,16.57,13.56,224.81,3554.71,2272.61,3551.06,2275.59,3547.08,2279.89,8.7515,12.1423,14.6794,11.8578,10.54,31.62,4.708,5.858,0.804,0.364,223.7,323102.12,5129995.17,323091.18,5129986.24,323079.25,5129973.34,2.12,11,1,0.661
kprcnn-adamiak-v2,Tri-Cities-New_01_20260611,Tri-Cities (arid),unseen,0,1,8760,2535,1,0.18974,8765.9,2544.61,8774.84,2559.0,8.94,14.39,128.73,8770.37,2547.06,8770.04,2552.29,8769.71,2557.2,8.1346,11.77,6.6603,8.855,10.163,30.49,5.244,4.918,1.066,0.011,266.3,338749.12,5129171.82,338748.12,5129156.12,338747.13,5129141.4,3.07,98,1,1.934
kprcnn-adamiak-v2,Tri-Cities-New_01_20260611,Tri-Cities (arid),unseen,0,1,3285,2880,1,0.88849,3289.15,2886.25,3298.37,2901.43,9.23,15.18,140.07,3292.61,2898.95,3293.26,2895.32,3293.26,2888.72,5.9223,14.2763,18.1389,12.7792,10.252,30.76,3.69,6.601,0.559,0.424,86.3,322315.82,5128116.14,322317.79,5128127.03,322317.79,5128146.83,0.66,9,1,0.75
kprcnn-adamiak-v2,Tri-Cities-New_01_20260611,Tri-Cities (arid),unseen,0,1,3285,2880,0,0.142,3292.77,2887.81,3292.78,2900.88,0.0,13.08,0.05,3292.94,2898.76,3292.94,2895.49,3292.94,2889.6,3.0205,12.1032,12.3887,9.1708,9.154,27.46,3.269,5.884,0.556,0.0,90.0,322316.82,5128116.73,322316.82,5128126.53,322316.82,5128144.19,1.53,9,1,0.782
kprcnn-adamiak-v2,Tri-Cities-New_01_20260611,Tri-Cities (arid),unseen,0,1,5415,3255,1,0.39372,5416.45,3275.63,5436.55,3277.58,20.1,1.95,39.22,5419.91,3276.77,5425.51,3276.44,5432.76,3275.79,4.7482,17.462,15.9992,12.7365,12.887,38.66,5.611,7.278,0.771,0.1,4.3,328697.73,5126982.7,328714.54,5126983.68,328736.29,5126985.63,6.52,52,1,2.134
kprcnn-adamiak-v2,Tri-Cities-New_01_20260611,Tri-Cities (arid),unseen,0,1,4215,3480,1,0.13906,4215.2,3491.36,4220.78,3502.34,5.58,10.98,61.26,4217.99,3494.52,4217.99,3496.85,4219.31,3500.17,0.2128,8.1828,10.8721,6.4226,5.806,17.42,2.329,3.577,0.651,0.527,283.1,325091.98,5126329.44,325091.98,5126322.46,325095.92,5126312.48,25.94,,0,
kprcnn-adamiak-v2,Tri-Cities-New_01_20260611,Tri-Cities (arid),unseen,0,1,4245,3585,1,0.25267,4249.63,3594.15,4259.17,3605.89,9.54,11.74,111.98,4252.75,3597.57,4254.4,3600.51,4255.05,3604.09,4.239,12.6394,11.0352,9.3045,6.917,20.75,3.365,3.647,0.922,0.574,289.4,325196.26,5126020.29,325201.19,5126011.48,325203.16,5126000.72,304.17,,0,
kprcnn-adamiak-v2,Tri-Cities-New_01_20260611,Tri-Cities (arid),unseen,0,1,720,3600,1,0.78849,720.0,3615.32,734.57,3624.0,14.57,8.68,126.51,720.83,3619.02,725.46,3618.69,732.09,3618.05,5.1405,12.6612,19.1188,12.3069,11.3,33.9,4.647,6.654,0.698,0.075,4.9,314600.48,5125955.95,314614.39,5125956.92,314634.26,5125958.85,1.8,0,1,0.797
kprcnn-adamiak-v2,Tri-Cities-New_01_20260611,Tri-Cities (arid),unseen,0,1,720,3615,1,0.54631,720.0,3615.66,735.48,3622.57,15.48,6.91,106.92,720.82,3619.12,725.43,3618.46,732.02,3618.46,4.7741,12.0066,18.0922,11.6243,11.214,33.64,4.656,6.585,0.707,0.386,3.4,314600.47,5125955.65,314614.3,5125957.62,314634.05,5125957.62,2.49,0,1,0.722
kprcnn-adamiak-v2,Tri-Cities-New_01_20260611,Tri-Cities (arid),unseen,0,1,915,3615,1,0.3813,915.0,3631.02,932.4,3639.0,17.4,7.98,138.89,917.79,3633.85,921.73,3634.51,928.3,3635.51,6.1691,12.1325,16.0751,11.4589,10.637,31.91,3.996,6.642,0.602,0.041,351.0,315191.37,5125911.46,315203.19,5125909.47,315222.89,5125906.48,2.74,1,1,0.973
kprcnn-adamiak-v2,Tri-Cities-New_01_20260611,Tri-Cities (arid),unseen,0,1,6435,3630,1,0.21357,6435.0,3636.33,6449.76,3646.96,14.76,10.63,156.91,6437.46,3638.82,6441.39,3640.81,6446.31,3643.81,4.4595,11.632,15.4151,10.5022,10.161,30.48,4.411,5.757,0.766,0.193,330.6,331750.38,5125896.54,331762.18,5125890.56,331776.94,5125881.58,3.59,42,1,1.082
kprcnn-adamiak-v2,Tri-Cities-New_01_20260611,Tri-Cities (arid),unseen,0,1,4305,3735,1,0.13927,4312.62,3736.69,4320.77,3746.48,8.15,9.79,79.77,4318.0,3744.35,4316.69,3741.09,4314.74,3737.18,5.0361,9.6477,9.6235,8.1025,7.884,23.65,3.514,4.377,0.803,0.162,114.4,325391.99,5125579.94,325388.07,5125589.72,325382.21,5125601.47,1.98,18,1,0.794
kprcnn-adamiak-v2,Tri-Cities-New_01_20260611,Tri-Cities (arid),unseen,0,1,8910,3765,1,0.25382,8917.34,3768.9,8926.28,3786.53,8.94,17.63,157.62,8919.82,3772.06,8920.82,3777.05,8922.14,3783.7,7.3392,11.8208,12.6617,10.6072,11.871,35.61,5.088,6.784,0.75,0.0,281.3,339197.47,5125496.82,339200.45,5125481.85,339204.42,5125461.89,2.9,66,1,0.885
kprcnn-adamiak-v2,Tri-Cities-New_01_20260611,Tri-Cities (arid),unseen,0,1,4350,3795,1,0.12337,4353.0,3801.11,4363.79,3810.99,10.79,9.88,106.6,4359.38,3809.18,4357.74,3806.22,4354.8,3801.93,2.9679,10.4297,13.6349,9.0109,8.571,25.71,3.385,5.196,0.652,0.201,122.3,325516.13,5125385.46,325511.23,5125394.35,325502.41,5125407.2,1.93,19,1,0.699
kprcnn-adamiak-v2,Tri-Cities-New_01_20260611,Tri-Cities (arid),unseen,0,1,3735,3810,1,0.55456,3736.77,3820.78,3759.0,3831.35,22.23,10.57,234.85,3741.25,3825.9,3747.89,3825.57,3755.18,3825.24,-4.6843,13.643,19.8082,9.5889,13.95,41.85,6.644,7.306,0.909,0.016,2.7,323661.75,5125335.3,323681.66,5125336.3,323703.55,5125337.29,1.99,8,1,1.092
kprcnn-adamiak-v2,Tri-Cities-New_01_20260611,Tri-Cities (arid),unseen,0,1,3945,3810,1,0.05224,3945.0,3815.85,3964.85,3825.37,19.85,9.52,189.03,3959.06,3818.97,3954.1,3819.3,3947.48,3818.31,6.001,8.0568,14.7993,9.619,11.6,34.8,4.974,6.691,0.743,0.609,176.8,324315.19,5125356.09,324300.3,5125355.1,324280.44,5125358.06,617.64,,0,
kprcnn-adamiak-v2,Tri-Cities-New_01_20260611,Tri-Cities (arid),unseen,0,1,4380,3810,1,0.51252,4380.0,3815.94,4393.0,3823.16,13.0,7.21,93.79,4390.17,3820.7,4386.5,3819.71,4381.5,3817.09,4.7846,11.6375,12.4336,9.6186,9.387,28.16,3.796,5.646,0.672,0.501,157.4,325608.5,5125350.91,325597.5,5125353.86,325582.5,5125361.73,1.15,20,1,0.432
kprcnn-adamiak-v2,Tri-Cities-New_01_20260611,Tri-Cities (arid),unseen,0,1,3735,3825,1,0.17409,3741.93,3825.0,3759.0,3827.84,17.07,2.84,48.51,3747.67,3825.16,3748.0,3826.42,3754.9,3826.11,-5.7263,11.7602,18.3542,8.1294,7.284,21.85,1.305,6.901,0.189,1.21,352.5,323681.02,5125337.53,323682.01,5125333.74,323702.69,5125334.68,1.46,8,1,1.837
kprcnn-adamiak-v2,Tri-Cities-New_01_20260611,Tri-Cities (arid),unseen,0,1,4410,3825,1,0.44941,4410.61,3844.38,4431.36,3849.0,20.75,4.62,95.87,4416.37,3847.18,4420.0,3847.18,4427.9,3847.18,0.846,10.9231,13.4278,8.399,11.526,34.58,3.623,7.904,0.458,0.0,0.0,325687.12,5125271.45,325697.99,5125271.45,325721.7,5125271.45,6.05,22,1,1.92
kprcnn-adamiak-v2,Tri-Cities-New_01_20260611,Tri-Cities (arid),unseen,0,1,4410,3825,0,0.09081,4410.75,3846.67,4433.29,3848.98,22.54,2.31,52.06,4416.55,3847.5,4420.86,3847.5,4428.15,3847.17,-1.3309,10.0894,12.0305,6.9296,11.606,34.82,4.309,7.299,0.59,0.123,1.6,325687.65,5125270.51,325700.58,5125270.51,325722.46,5125271.5,4.03,22,1,1.605
kprcnn-adamiak-v2,Tri-Cities-New_01_20260611,Tri-Cities (arid),unseen,0,1,4410,3840,1,0.20464,4413.27,3845.92,4431.68,3849.36,18.41,3.43,63.17,4416.39,3848.26,4420.34,3847.95,4427.57,3848.26,4.6637,13.8721,14.892,11.1426,11.177,33.53,3.957,7.239,0.547,0.312,0.0,325687.18,5125268.21,325699.02,5125269.14,325720.71,5125268.21,3.63,22,1,1.005
kprcnn-adamiak-v2,Tri-Cities-New_01_20260611,Tri-Cities (arid),unseen,0,1,4410,3840,0,0.09564,4410.11,3843.7,4431.71,3855.16,21.6,11.45,247.47,4416.59,3848.78,4420.91,3848.12,4428.22,3848.45,3.397,10.244,16.5713,10.0708,11.638,34.91,4.37,7.319,0.597,0.533,1.6,325687.76,5125266.67,325700.73,5125268.64,325722.66,5125267.66,2.21,22,1,0.784
kprcnn-adamiak-v2,Tri-Cities-New_01_20260611,Tri-Cities (arid),unseen,0,1,3465,3885,1,0.15627,3472.93,3898.06,3489.0,3909.0,16.07,10.94,175.74,3478.02,3905.85,3482.28,3904.52,3486.54,3901.87,9.0585,11.3238,14.9311,11.7711,9.407,28.22,4.464,5.02,0.889,0.601,25.0,322872.05,5125095.45,322884.84,5125099.43,322897.62,5125107.38,2.21,7,1,1.166
kprcnn-adamiak-v2,Tri-Cities-New_01_20260611,Tri-Cities (arid),unseen,0,1,4470,3975,1,0.10906,4478.98,3978.71,4491.71,3989.09,12.73,10.38,132.1,4482.41,3980.49,4484.69,3982.44,4489.26,3980.49,-0.7235,10.5355,4.677,4.8297,6.852,20.56,3.001,4.966,0.604,1.946,0.0,325885.23,5124871.53,325892.08,5124865.69,325905.78,5124871.53,443.86,,0,
kprcnn-adamiak-v2,Tri-Cities-New_01_20260611,Tri-Cities (arid),unseen,0,1,8970,4035,1,0.07753,8974.53,4053.12,8983.2,4059.0,8.67,5.88,50.95,8977.9,4054.26,8978.22,4056.88,8981.11,4053.94,0.8681,3.631,3.4054,2.6348,3.227,9.68,2.632,4.121,0.639,2.632,5.8,339371.7,5124650.21,339372.66,5124642.37,339381.33,5124651.19,5.86,64,1,4.569
kprcnn-adamiak-v2,Tri-Cities-New_01_20260611,Tri-Cities (arid),unseen,0,1,7350,4050,1,0.13949,7353.49,4064.69,7370.15,4074.0,16.66,9.31,155.09,7364.98,4069.84,7360.98,4068.85,7356.65,4066.52,4.2564,9.4981,14.9275,9.5607,8.97,26.91,4.121,4.918,0.838,0.556,158.2,334532.95,5124603.47,334520.95,5124606.46,334507.96,5124613.44,3.72,34,1,0.759
kprcnn-adamiak-v2,Tri-Cities-New_01_20260611,Tri-Cities (arid),unseen,0,1,8970,4050,1,0.11263,8973.13,4050.0,8982.78,4066.9,9.65,16.9,162.98,8977.96,4054.47,8978.29,4058.78,8979.29,4064.08,0.0462,10.9694,13.1716,8.0624,9.699,29.1,4.32,5.394,0.801,0.261,277.9,339371.87,5124649.58,339372.87,5124636.66,339375.86,5124620.76,2.52,64,1,0.954
kprcnn-adamiak-v2,Tri-Cities-New_01_20260611,Tri-Cities (arid),unseen,0,1,9000,4200,1,0.17912,9006.54,4218.2,9024.0,4223.17,17.46,4.97,86.84,9018.89,4221.02,9014.61,4220.36,9010.33,4222.35,6.8665,9.2431,3.01,6.3732,8.669,26.01,4.334,4.723,0.918,1.311,188.8,339494.68,5124149.94,339481.83,5124151.93,339468.98,5124145.96,163.49,,0,
kprcnn-adamiak-v2,Tri-Cities-New_01_20260611,Tri-Cities (arid),unseen,0,1,2685,4215,1,0.50659,2685.0,4227.67,2704.61,4229.91,19.61,2.24,43.93,2688.16,4229.11,2692.48,4228.47,2700.12,4227.83,6.7395,14.8282,14.8702,12.1459,12.031,36.09,4.367,7.67,0.569,0.177,6.1,320502.47,5124125.67,320515.43,5124127.59,320538.36,5124129.51,3.66,6,1,0.779
kprcnn-adamiak-v2,Tri-Cities-New_01_20260611,Tri-Cities (arid),unseen,0,1,2685,4215,0,0.41793,2685.0,4222.99,2706.18,4232.52,21.18,9.52,201.73,2688.14,4229.4,2692.78,4228.41,2699.73,4226.77,7.7974,16.4836,19.3175,14.5329,11.879,35.64,4.737,7.142,0.663,0.064,12.8,320502.43,5124124.81,320516.33,5124127.76,320537.19,5124132.69,2.85,6,1,0.725
kprcnn-adamiak-v2,Tri-Cities-New_01_20260611,Tri-Cities (arid),unseen,0,1,2685,4215,0,0.32651,2685.0,4228.03,2704.75,4228.03,19.75,0.0,0.08,2688.13,4228.19,2692.41,4228.19,2699.98,4228.19,6.173,14.6891,10.8983,10.5868,11.852,35.56,4.28,7.572,0.565,0.0,0.0,320502.38,5124128.42,320515.22,5124128.42,320537.94,5124128.42,4.12,6,1,1.257
kprcnn-adamiak-v2,Tri-Cities-New_01_20260611,Tri-Cities (arid),unseen,0,1,8880,4215,1,0.80412,8885.15,4230.77,8904.0,4239.0,18.85,8.23,155.25,8900.86,4233.57,8897.22,4234.55,8891.27,4236.53,7.385,17.1325,18.3552,14.2909,10.04,30.12,3.77,6.273,0.601,0.13,197.2,339140.57,5124112.3,339129.66,5124109.34,339111.8,5124103.41,0.95,63,1,0.4
kprcnn-adamiak-v2,Tri-Cities-New_01_20260611,Tri-Cities (arid),unseen,0,1,2445,4230,1,0.53354,2445.0,4242.61,2459.75,4249.38,14.75,6.76,99.76,2445.82,4245.99,2449.75,4245.67,2456.31,4244.38,3.2348,11.3035,16.6507,10.3963,10.613,31.84,3.947,6.681,0.591,0.279,8.7,319775.46,5124075.02,319787.26,5124075.98,319806.93,5124079.85,312.21,,0,
kprcnn-adamiak-v2,Tri-Cities-New_01_20260611,Tri-Cities (arid),unseen,0,1,2550,4230,1,0.49884,2550.0,4237.41,2561.68,4244.74,11.68,7.33,85.66,2550.16,4241.57,2553.41,4240.57,2559.9,4239.91,-0.2441,8.933,17.7014,8.7967,9.879,29.64,3.396,6.525,0.52,0.438,9.7,320088.49,5124088.28,320098.22,5124091.28,320117.7,5124093.28,1.71,5,1,0.926
kprcnn-adamiak-v2,Tri-Cities-New_01_20260611,Tri-Cities (arid),unseen,0,1,8880,4230,1,0.1652,8892.09,4230.0,8904.0,4238.89,11.91,8.89,105.88,8901.19,4233.79,8897.22,4234.44,8892.25,4236.42,7.535,15.4478,9.4365,10.8064,9.315,27.94,4.025,5.342,0.753,0.491,196.4,339141.56,5124111.64,339129.65,5124109.67,339114.76,5124103.74,1.25,63,1,0.48
kprcnn-adamiak-v2,Tri-Cities-New_01_20260611,Tri-Cities (arid),unseen,0,1,8880,4230,0,0.0743,8887.23,4231.86,8904.0,4236.94,16.77,5.07,85.07,8901.2,4233.93,8897.26,4234.56,8890.68,4236.14,7.4696,19.1349,16.52,14.3748,10.757,32.27,3.998,6.767,0.591,0.194,191.9,339141.61,5124111.22,339129.77,5124109.32,339110.04,5124104.57,0.99,63,1,0.711
kprcnn-adamiak-v2,Tri-Cities-New_01_20260611,Tri-Cities (arid),unseen,0,1,2445,4245,1,0.05003,2445.0,4245.26,2459.55,4247.01,14.55,1.75,25.54,2445.83,4245.69,2449.8,4245.99,2456.08,4245.69,2.6456,9.0846,10.6432,7.4578,10.253,30.76,3.98,6.291,0.633,0.292,0.0,319775.48,5124075.92,319787.39,5124075.04,319806.24,5124075.92,312.12,,0,
kprcnn-adamiak-v2,Tri-Cities-New_01_20260611,Tri-Cities (arid),unseen,0,1,7740,4245,1,0.05285,7740.0,4264.4,7759.77,4269.0,19.77,4.59,90.82,7746.42,4266.21,7750.38,4266.54,7755.65,4268.18,4.4196,9.0801,3.6946,5.7314,9.432,28.3,3.967,5.52,0.719,0.504,347.9,335677.27,5124014.37,335689.13,5124013.38,335704.94,5124008.46,5.86,30,1,2.492
kprcnn-adamiak-v2,Tri-Cities-New_01_20260611,Tri-Cities (arid),unseen,0,1,8715,4275,1,0.07029,8723.49,4276.21,8736.54,4285.53,13.05,9.33,121.7,8733.44,4278.7,8730.18,4281.04,8725.29,4280.7,8.4803,11.6276,16.2146,12.1075,8.398,25.19,4.01,4.905,0.817,1.488,193.8,338638.33,5123976.89,338628.54,5123969.89,338613.86,5123970.89,1.81,70,1,0.64
kprcnn-adamiak-v2,Tri-Cities-New_01_20260611,Tri-Cities (arid),unseen,0,1,1905,4290,1,0.45905,1905.36,4301.85,1923.18,4305.03,17.82,3.18,56.69,1910.47,4303.92,1914.43,4303.28,1921.36,4302.96,4.8853,17.29,14.3366,12.1706,10.929,32.79,4.01,6.936,0.578,0.288,5.0,318169.42,5123901.25,318181.3,5123903.16,318202.09,5123904.12,2.11,4,1,0.825
kprcnn-adamiak-v2,Tri-Cities-New_01_20260611,Tri-Cities (arid),unseen,0,1,1905,4290,0,0.14016,1905.03,4303.84,1923.43,4303.84,18.4,0.0,0.07,1910.45,4304.0,1914.72,4304.0,1920.64,4304.0,3.3274,12.1014,8.8045,8.0777,10.185,30.56,4.271,5.914,0.722,0.0,0.0,318169.35,5123900.99,318182.17,5123900.99,318199.91,5123900.99,1.44,4,1,0.986
kprcnn-adamiak-v2,Tri-Cities-New_01_20260611,Tri-Cities (arid),unseen,0,1,8610,4305,1,0.96983,8610.0,4310.63,8626.79,4321.47,16.79,10.84,182.0,8612.47,4317.04,8616.42,4316.38,8623.99,4313.75,6.9545,14.8608,16.6942,12.8365,11.979,35.94,4.004,8.014,0.5,0.451,15.9,338275.41,5123861.89,338287.26,5123863.86,338309.97,5123871.75,3.2,72,1,1.057
kprcnn-adamiak-v2,Tri-Cities-New_01_20260611,Tri-Cities (arid),unseen,0,1,8415,4320,1,0.56413,8424.96,4330.56,8439.0,4341.99,14.04,11.43,160.47,8427.74,4334.64,8433.29,4335.62,8438.84,4335.3,11.8068,14.989,9.0698,11.9552,11.118,33.36,5.635,5.559,1.014,0.652,356.6,337721.21,5123809.07,337737.86,5123806.13,337754.51,5123807.11,1.65,73,1,1.162
kprcnn-adamiak-v2,Tri-Cities-New_01_20260611,Tri-Cities (arid),unseen,0,1,8430,4320,1,0.68648,8430.0,4332.0,8441.27,4339.4,11.27,7.4,83.43,8430.17,4334.09,8433.48,4335.38,8439.45,4335.7,-0.2548,10.2999,16.2424,8.7625,9.419,28.26,3.556,5.975,0.595,0.702,350.2,337728.5,5123810.73,337738.44,5123806.87,337756.34,5123805.91,1.97,73,1,1.131
kprcnn-adamiak-v2,Tri-Cities-New_01_20260611,Tri-Cities (arid),unseen,0,1,1875,4500,1,0.09022,1877.66,4506.04,1886.46,4523.16,8.8,17.12,150.67,1880.43,4509.17,1881.73,4513.78,1883.69,4520.03,5.2996,9.6926,14.7337,9.9086,11.342,34.03,4.79,6.553,0.731,0.076,286.7,318079.29,5123285.49,318083.2,5123271.67,318089.07,5123252.9,4.56,77,1,1.096
kprcnn-adamiak-v2,Tri-Cities-New_01_20260611,Tri-Cities (arid),unseen,0,1,4890,4590,1,0.76787,4893.58,4607.63,4905.21,4613.34,11.63,5.71,66.38,4903.05,4611.59,4899.73,4610.64,4895.74,4608.74,2.1415,11.1431,14.236,9.1735,7.849,23.55,3.457,4.419,0.782,0.322,158.7,327147.15,5122978.22,327137.18,5122981.07,327125.22,5122986.78,1.29,24,1,0.381
kprcnn-adamiak-v2,Tri-Cities-New_01_20260611,Tri-Cities (arid),unseen,0,1,4890,4590,0,0.11362,4896.44,4603.69,4908.88,4614.0,12.43,10.31,128.19,4903.15,4611.51,4900.21,4609.84,4896.61,4608.18,2.016,8.5371,5.4134,5.3221,7.34,22.02,3.382,3.964,0.853,0.148,153.1,327147.45,5122978.48,327138.62,5122983.47,327127.82,5122988.46,2.66,24,1,0.872
kprcnn-adamiak-v2,Tri-Cities-New_01_20260611,Tri-Cities (arid),unseen,0,1,8955,4605,1,0.18678,8961.49,4615.71,8970.75,4629.0,9.26,13.29,123.06,8964.63,4620.2,8966.95,4621.86,8967.94,4626.51,-1.0263,12.4905,16.7894,9.4179,7.125,21.38,2.85,4.755,0.599,1.28,297.7,339331.89,5122952.4,339338.84,5122947.42,339341.81,5122933.47,1053.61,,0,
kprcnn-adamiak-v2,Tri-Cities-New_01_20260611,Tri-Cities (arid),unseen,0,1,9000,4740,1,0.22184,9008.12,4745.93,9017.8,4764.0,9.68,18.07,174.92,9014.74,4759.57,9013.77,4755.3,9011.51,4747.74,2.9342,8.9936,13.3515,8.4265,12.258,36.77,4.379,7.886,0.555,0.19,105.3,339482.21,5122534.3,339479.3,5122547.11,339472.52,5122569.78,930.34,,0,
kprcnn-adamiak-v2,Tri-Cities-New_01_20260611,Tri-Cities (arid),unseen,0,1,9885,4920,1,0.09574,9885.0,4931.39,9898.19,4943.06,13.19,11.67,153.99,9895.72,4939.66,9892.09,4936.74,9888.46,4931.88,4.7474,8.8649,10.991,8.2011,10.639,31.92,4.656,6.067,0.767,0.663,133.0,342125.16,5121994.03,342114.28,5122002.78,342103.39,5122017.37,1.49,61,1,0.473
kprcnn-adamiak-v2,Tri-Cities-New_01_20260611,Tri-Cities (arid),unseen,0,1,9060,4935,1,0.05893,9065.47,4952.53,9074.62,4958.71,9.15,6.18,56.54,9068.57,4957.57,9070.21,4956.27,9066.94,4955.29,-1.7949,1.4701,6.331,2.0021,2.802,8.41,2.089,3.411,0.612,2.086,125.7,339643.71,5121940.3,339648.62,5121944.2,339638.81,5121947.13,304.89,,0,
kprcnn-adamiak-v2,Tri-Cities-New_01_20260611,Tri-Cities (arid),unseen,0,1,2175,5370,1,0.14999,2186.69,5370.0,2194.18,5383.51,7.48,13.51,101.12,2192.06,5381.04,2190.43,5376.1,2188.16,5370.82,5.942,11.0562,12.8962,9.9648,10.939,32.82,5.205,5.745,0.906,0.245,110.9,319014.18,5120669.87,319009.3,5120684.71,319002.47,5120700.53,2.83,79,1,1.056
kprcnn-adamiak-v2,Tri-Cities-New_01_20260611,Tri-Cities (arid),unseen,0,1,7365,5520,1,0.177,7368.67,5532.06,7387.61,5534.99,18.95,2.93,55.49,7381.47,5532.88,7377.14,5533.2,7371.83,5533.2,6.4954,18.8003,17.3119,14.2025,9.645,28.93,4.333,5.318,0.815,0.179,181.9,334582.4,5120214.37,334569.43,5120213.39,334553.48,5120213.39,1.05,75,1,0.597
kprcnn-adamiak-v2,Tri-Cities-New_01_20260611,Tri-Cities (arid),unseen,0,1,6150,5565,1,0.07774,6165.86,5572.54,6170.11,5584.05,4.26,11.51,49.0,6168.64,5582.24,6168.31,5579.28,6168.31,5574.68,3.4555,9.8523,10.4143,7.9074,7.572,22.72,2.978,4.605,0.647,0.199,92.5,330943.92,5120066.28,330942.94,5120075.16,330942.94,5120088.97,1.84,95,1,0.857
kprcnn-adamiak-v2,Tri-Cities-New_01_20260611,Tri-Cities (arid),unseen,0,1,6195,5595,1,0.07831,6199.18,5605.82,6210.62,5618.08,11.44,12.26,140.21,6201.31,5612.61,6204.25,5611.95,6208.82,5612.61,5.4647,10.096,12.4383,9.333,7.517,22.55,3.015,4.623,0.652,0.663,0.0,331041.92,5119975.16,331050.75,5119977.15,331064.47,5119975.16,3.47,94,1,0.741
kprcnn-adamiak-v2,Tri-Cities-New_01_20260611,Tri-Cities (arid),unseen,0,1,6270,5595,1,0.05569,6270.0,5595.0,6288.23,5604.74,18.23,9.74,177.53,6285.08,5596.79,6278.12,5599.38,6285.08,5596.79,-4.4916,10.3694,5.3201,3.7326,0.0,0.0,7.428,7.428,1.0,0.0,0.0,331293.23,5120022.64,331272.36,5120014.85,331293.23,5120022.64,222.98,,0,
kprcnn-adamiak-v2,Tri-Cities-New_01_20260611,Tri-Cities (arid),unseen,0,1,5730,5610,1,0.19069,5731.61,5625.15,5743.78,5631.59,12.16,6.44,78.32,5733.75,5630.14,5736.05,5628.53,5740.0,5626.28,7.2694,10.4707,16.5472,11.4291,7.344,22.03,2.808,4.543,0.618,0.159,31.7,329639.25,5119922.57,329646.15,5119927.4,329657.99,5119934.16,3.48,96,1,1.111
kprcnn-adamiak-v2,Tri-Cities-New_01_20260611,Tri-Cities (arid),unseen,0,1,6195,5610,1,0.18435,6200.34,5610.0,6212.63,5613.91,12.29,3.91,48.07,6201.17,5612.12,6204.16,5612.12,6208.81,5612.45,3.319,10.5918,11.1393,8.35,7.645,22.93,2.989,4.661,0.641,0.127,357.6,331041.51,5119976.64,331050.47,5119976.64,331064.42,5119975.66,3.32,94,1,0.902
kprcnn-adamiak-v2,Tri-Cities-New_01_20260611,Tri-Cities (arid),unseen,0,1,5730,5625,1,0.10619,5731.83,5625.0,5742.97,5633.34,11.14,8.34,92.95,5733.63,5630.61,5735.93,5628.05,5740.19,5626.44,6.2796,8.318,15.5074,10.035,7.769,23.31,3.442,4.553,0.756,0.934,32.5,329638.9,5119921.16,329645.78,5119928.86,329658.56,5119933.67,4.72,96,1,1.098
kprcnn-adamiak-v2,Tri-Cities-New_01_20260611,Tri-Cities (arid),unseen,0,1,6990,5865,1,0.07352,6994.94,5875.51,7004.86,5887.16,9.92,11.65,115.61,7002.05,5877.34,7001.39,5880.67,7001.72,5885.33,2.1191,10.2872,10.0395,7.4819,7.997,23.99,3.394,4.673,0.726,0.523,267.6,333444.15,5119180.98,333442.16,5119170.99,333443.15,5119157.0,3.61,93,1,1.425
kprcnn-adamiak-v2,Tri-Cities-New_01_20260611,Tri-Cities (arid),unseen,0,1,2985,6030,1,0.78153,2988.91,6049.01,3006.71,6054.0,17.8,4.99,88.86,2993.03,6051.17,2996.99,6051.5,3003.58,6052.17,4.7025,12.0776,11.3886,9.3896,10.593,31.78,3.969,6.625,0.599,0.041,354.6,321417.09,5118659.49,321428.96,5118658.49,321448.73,5118656.49,545.33,,0,
kprcnn-adamiak-v2,Tri-Cities-New_01_20260611,Tri-Cities (arid),unseen,0,1,3165,6060,1,0.78469,3169.46,6071.56,3189.0,6071.57,19.54,0.01,0.12,3172.61,6071.73,3176.91,6071.73,3184.53,6071.73,5.3686,15.4775,14.9139,11.92,11.923,35.77,4.306,7.618,0.565,0.0,0.0,321955.82,5118597.82,321968.73,5118597.82,321991.59,5118597.82,4.12,80,1,1.27
kprcnn-adamiak-v2,Tri-Cities-New_01_20260611,Tri-Cities (arid),unseen,0,1,3165,6060,0,0.07053,3167.89,6072.37,3189.0,6074.61,21.11,2.24,47.27,3171.68,6072.85,3177.29,6073.17,3184.22,6072.85,5.7283,12.6086,13.7063,10.681,12.533,37.6,5.616,6.934,0.81,0.32,0.0,321953.05,5118594.46,321969.87,5118593.5,321990.65,5118594.46,0.84,80,1,0.594
kprcnn-adamiak-v2,Tri-Cities-New_01_20260611,Tri-Cities (arid),unseen,0,1,3285,6060,1,0.93061,3286.15,6076.54,3307.05,6076.54,20.9,0.01,0.13,3289.63,6076.71,3294.28,6076.71,3302.24,6076.71,6.3069,16.6429,15.5801,12.8433,12.608,37.82,4.645,7.963,0.583,0.0,0.0,322306.9,5118582.88,322320.83,5118582.88,322344.72,5118582.88,5.48,81,1,1.452
kprcnn-adamiak-v2,Tri-Cities-New_01_20260611,Tri-Cities (arid),unseen,0,1,3285,6060,0,0.59636,3285.0,6071.71,3306.93,6081.3,21.93,9.59,210.35,3289.49,6076.84,3294.8,6077.17,3303.11,6077.17,7.9863,17.0079,18.2152,14.4031,13.626,40.88,5.326,8.306,0.641,0.202,358.6,322306.46,5118582.49,322322.4,5118581.5,322347.32,5118581.5,3.68,81,1,1.12
kprcnn-adamiak-v2,Tri-Cities-New_01_20260611,Tri-Cities (arid),unseen,0,1,3285,6060,0,0.27112,3288.7,6071.56,3300.08,6084.0,11.38,12.44,141.46,3290.49,6076.64,3294.72,6077.29,3299.92,6076.64,6.0506,10.8705,6.918,7.9464,9.425,28.28,4.276,5.241,0.816,0.655,0.0,322309.47,5118583.09,322322.15,5118581.13,322337.75,5118583.09,3.94,81,1,1.709
kprcnn-adamiak-v2,Tri-Cities-New_01_20260611,Tri-Cities (arid),unseen,0,1,3285,6060,0,0.06912,3288.71,6074.0,3307.39,6074.02,18.68,0.02,0.36,3289.86,6074.17,3295.43,6074.17,3301.99,6074.17,0.7192,5.2252,8.7264,4.8903,12.126,36.38,5.571,6.555,0.85,0.0,0.0,322307.58,5118590.49,322324.3,5118590.49,322343.96,5118590.49,9.33,81,1,3.3
kprcnn-adamiak-v2,Tri-Cities-New_01_20260611,Tri-Cities (arid),unseen,0,1,3420,6060,1,0.45836,3426.22,6064.15,3441.45,6075.88,15.23,11.73,178.67,3435.99,6070.5,3432.02,6070.17,3426.39,6070.17,6.6075,14.2051,10.6633,10.492,9.608,28.82,3.987,5.629,0.708,0.191,178.1,322745.97,5118601.5,322734.05,5118602.48,322717.16,5118602.48,1.9,82,1,0.679
kprcnn-adamiak-v2,Tri-Cities-New_01_20260611,Tri-Cities (arid),unseen,0,1,3420,6060,0,0.12581,3424.72,6062.54,3437.47,6083.41,12.75,20.87,266.07,3435.35,6070.66,3431.42,6070.32,3425.87,6070.32,4.1062,11.0152,15.5551,10.2255,9.485,28.45,3.936,5.557,0.708,0.194,178.0,322744.04,5118601.03,322732.27,5118602.03,322715.6,5118602.03,1.52,82,1,0.57
kprcnn-adamiak-v2,Tri-Cities-New_01_20260611,Tri-Cities (arid),unseen,0,1,3435,6060,1,0.45186,3443.58,6068.03,3459.0,6078.51,15.42,10.48,161.57,3456.54,6071.8,3452.6,6073.44,3446.04,6072.13,4.4976,16.8315,17.6904,13.0065,10.505,31.51,4.264,6.692,0.637,1.514,181.8,322807.62,5118597.6,322795.81,5118592.69,322776.12,5118596.62,1.29,83,1,1.309
kprcnn-adamiak-v2,Tri-Cities-New_01_20260611,Tri-Cities (arid),unseen,0,1,3285,6075,1,0.96888,3287.26,6075.0,3307.85,6078.17,20.59,3.17,65.36,3290.42,6076.43,3295.06,6076.43,3303.03,6076.75,6.0327,17.8818,17.4833,13.7993,12.622,37.87,4.649,7.976,0.583,0.117,358.6,322309.25,5118583.71,322323.19,5118583.71,322347.1,5118582.76,3.75,81,1,1.047
kprcnn-adamiak-v2,Tri-Cities-New_01_20260611,Tri-Cities (arid),unseen,0,1,3285,6075,0,0.87538,3286.69,6076.03,3306.02,6076.05,19.34,0.02,0.35,3289.8,6076.2,3295.05,6076.2,3302.58,6076.2,6.313,16.2738,17.5468,13.3779,12.781,38.34,5.243,7.538,0.696,0.0,0.0,322307.41,5118584.4,322323.14,5118584.4,322345.75,5118584.4,4.26,81,1,1.475
kprcnn-adamiak-v2,Tri-Cities-New_01_20260611,Tri-Cities (arid),unseen,0,1,3285,6075,0,0.82205,3286.54,6075.55,3306.09,6075.56,19.55,0.01,0.11,3290.02,6075.72,3294.99,6075.72,3302.61,6075.72,6.6934,16.3659,17.2447,13.4347,12.591,37.77,4.97,7.621,0.652,0.0,0.0,322308.05,5118585.84,322322.96,5118585.84,322345.82,5118585.84,5.48,81,1,1.842
kprcnn-adamiak-v2,Tri-Cities-New_01_20260611,Tri-Cities (arid),unseen,0,1,3285,6075,0,0.50468,3286.93,6075.16,3306.28,6075.16,19.35,0.0,0.08,3290.04,6075.33,3294.31,6075.33,3302.84,6075.33,5.6686,14.4903,14.5227,11.5605,12.793,38.38,4.264,8.529,0.5,0.0,0.0,322308.13,5118587.02,322320.92,5118587.02,322346.51,5118587.02,7.68,81,1,2.323
kprcnn-adamiak-v2,Tri-Cities-New_01_20260611,Tri-Cities (arid),unseen,0,1,3285,6075,0,0.35617,3287.14,6075.0,3306.7,6075.52,19.56,0.52,10.25,3290.29,6075.39,3294.6,6075.39,3302.23,6075.39,5.8312,13.5228,14.7654,11.3731,11.933,35.8,4.309,7.624,0.565,0.0,0.0,322308.88,5118586.82,322321.81,5118586.82,322344.68,5118586.82,6.96,81,1,2.189
kprcnn-adamiak-v2,Tri-Cities-New_01_20260611,Tri-Cities (arid),unseen,0,1,3285,6075,0,0.08793,3285.34,6075.0,3307.74,6082.31,22.4,7.31,163.84,3289.46,6076.83,3295.06,6077.16,3302.64,6076.5,7.1977,16.8338,17.9831,14.0049,13.183,39.55,5.611,7.607,0.738,0.474,1.4,322306.38,5118582.51,322323.18,5118581.52,322345.91,5118583.51,2.91,81,1,1.233
kprcnn-adamiak-v2,Tri-Cities-New_01_20260611,Tri-Cities (arid),unseen,0,1,11205,6285,1,0.09327,11206.59,6295.9,11219.23,6308.18,12.64,12.28,155.23,11217.07,6298.39,11213.08,6302.04,11217.07,6304.69,-4.3662,8.8834,4.2761,2.9311,6.307,18.92,5.409,4.794,1.128,3.991,270.0,346089.21,5117917.84,346077.24,5117906.89,346089.21,5117898.92,572.81,,0,
kprcnn-adamiak-v2,Tri-Cities-New_01_20260611,Tri-Cities (arid),unseen,0,1,6615,6525,1,0.08815,6621.06,6534.28,6630.44,6547.03,9.39,12.75,119.71,6628.66,6539.35,6626.07,6541.31,6623.81,6544.58,3.1708,7.4838,13.024,7.8929,7.138,21.41,3.249,3.978,0.817,0.564,227.1,332323.99,5117194.96,332316.22,5117189.07,332309.42,5117179.26,3.2,92,1,0.697
kprcnn-adamiak-v2,Tri-Cities-New_01_20260611,Tri-Cities (arid),unseen,0,1,4800,6690,1,0.08881,4805.31,6690.0,4818.9,6699.16,13.58,9.16,124.4,4816.08,6697.36,4812.44,6694.74,4808.13,6691.47,4.8224,13.1064,17.341,11.7566,9.893,29.68,4.486,5.408,0.83,0.066,143.5,326886.24,5116720.92,326875.31,5116728.77,326862.39,5116738.58,2.26,86,1,0.438
kprcnn-adamiak-v2,Tri-Cities-New_01_20260611,Tri-Cities (arid),unseen,0,1,4800,6690,0,0.0615,4807.25,6706.23,4823.52,6714.0,16.27,7.77,126.39,4810.41,6707.69,4813.4,6709.63,4818.71,6712.22,3.6535,13.0562,12.6803,9.7967,9.457,28.37,3.564,5.91,0.603,0.273,331.4,326869.23,5116689.94,326878.19,5116684.11,326894.13,5116676.34,1.51,85,1,0.758
kprcnn-adamiak-v2,Tri-Cities-New_01_20260611,Tri-Cities (arid),unseen,0,1,4800,6705,1,0.19488,4804.48,6705.0,4823.32,6714.24,18.84,9.24,174.1,4810.26,6707.15,4813.24,6709.79,4818.86,6713.75,3.3618,12.4911,14.8678,10.2402,10.836,32.51,3.978,6.875,0.579,0.282,322.5,326868.79,5116691.56,326877.71,5116683.64,326894.57,5116671.76,1.72,85,1,0.58
kprcnn-adamiak-v2,Tri-Cities-New_01_20260611,Tri-Cities (arid),unseen,0,1,6450,6705,1,0.0957,6450.0,6721.39,6460.9,6729.0,10.9,7.61,82.96,6451.82,6726.85,6454.13,6725.19,6457.76,6721.55,0.4643,6.4364,9.7194,5.54,7.961,23.88,2.843,5.143,0.553,0.302,41.7,331793.45,5116632.45,331800.38,5116637.42,331811.28,5116648.34,422.01,,0,
kprcnn-adamiak-v2,Tri-Cities-New_01_20260611,Tri-Cities (arid),unseen,0,1,5835,7350,1,0.75668,5839.29,7360.82,5848.54,7374.0,9.25,13.18,121.91,5841.44,7362.96,5842.76,7367.57,5843.75,7371.86,7.4915,14.2722,14.1819,11.9818,9.192,27.58,4.798,4.397,1.091,0.118,284.6,329962.31,5114724.11,329966.27,5114710.28,329969.24,5114697.43,2.41,89,1,1.669
kprcnn-adamiak-v2,spokane-i90_01_20260622,Spokane (arid),unseen,0,1,8325,1470,1,0.06515,8337.04,1481.27,8349.0,1492.73,11.96,11.46,137.08,8348.83,1481.43,8344.85,1486.35,8339.53,1483.4,-5.1384,8.4734,13.3546,5.5632,9.509,28.53,6.326,6.079,1.041,3.982,191.9,488381.5,5282539.7,488369.54,5282524.96,488353.59,5282533.81,3398.16,,0,
kprcnn-adamiak-v2,spokane-i90_01_20260622,Spokane (arid),unseen,0,1,8340,1470,1,0.29555,8340.0,1481.73,8351.17,1490.08,11.17,8.35,93.35,8340.82,1487.03,8345.09,1486.07,8342.14,1483.18,-1.2052,6.7588,9.0517,4.8684,4.074,12.22,4.38,4.137,1.059,3.733,71.2,488357.46,5282522.91,488370.28,5282525.8,488361.41,5282534.47,3399.04,,0,
kprcnn-adamiak-v2,spokane-i90_01_20260622,Spokane (arid),unseen,0,1,9615,2145,1,0.05362,9624.63,2156.43,9639.0,2169.0,14.37,12.57,180.64,9634.92,2159.57,9631.0,2163.21,9625.77,2166.52,8.4906,17.3455,12.952,12.9294,11.485,34.45,5.348,6.185,0.865,0.527,217.2,492239.75,5280505.28,492227.99,5280494.36,492212.31,5280484.44,1.93,49,1,1.403
kprcnn-adamiak-v2,spokane-i90_01_20260622,Spokane (arid),unseen,0,1,3405,2400,1,0.08855,3413.66,2403.67,3429.0,2419.19,15.34,15.52,238.03,3426.55,2406.81,3422.64,2410.44,3426.55,2415.39,-5.0506,8.0357,16.3726,6.4526,8.586,25.76,5.341,6.314,0.846,3.916,270.0,473614.66,5279763.57,473602.91,5279752.68,473614.66,5279737.82,1904.47,,0,
kprcnn-adamiak-v2,spokane-i90_01_20260622,Spokane (arid),unseen,0,1,2985,2655,1,0.05982,2991.21,2655.0,3005.05,2658.34,13.83,3.34,46.2,3004.88,2655.15,2997.31,2656.67,2992.69,2657.58,-5.6278,3.5915,10.1665,2.7101,12.427,37.28,7.726,4.7,1.644,0.008,191.3,472349.64,5279018.54,472326.92,5279013.99,472313.08,5279011.26,1123.85,,0,
kprcnn-adamiak-v2,spokane-i90_01_20260622,Spokane (arid),unseen,0,1,4305,2700,1,0.66372,4305.0,2715.94,4319.99,2724.0,14.99,8.06,120.85,4316.83,2717.39,4312.83,2720.61,4307.83,2716.42,8.7408,15.2713,9.0828,11.0316,9.047,27.14,5.136,6.523,0.787,3.633,173.9,476285.48,5278831.83,476273.49,5278822.16,476258.5,5278834.73,2.28,29,1,3.434
kprcnn-adamiak-v2,spokane-i90_01_20260622,Spokane (arid),unseen,0,1,4290,2715,1,0.30665,4306.46,2715.0,4314.0,2727.28,7.54,12.28,92.64,4313.84,2720.15,4311.54,2721.14,4307.93,2725.13,-4.9029,12.6197,18.2912,8.6693,7.723,23.17,2.502,5.374,0.466,0.719,220.2,476276.51,5278823.56,476269.62,5278820.57,476258.8,5278808.62,3.14,29,1,1.933
kprcnn-adamiak-v2,spokane-i90_01_20260622,Spokane (arid),unseen,0,1,4305,2715,1,0.1411,4305.0,2715.0,4320.33,2727.5,15.33,12.49,191.53,4316.83,2717.47,4312.83,2720.76,4307.83,2725.03,8.543,18.0844,16.7202,14.4492,11.754,35.26,5.177,6.577,0.787,0.056,220.0,476285.5,5278831.59,476273.5,5278821.73,476258.5,5278808.9,1.88,29,1,0.499
kprcnn-adamiak-v2,spokane-i90_01_20260622,Spokane (arid),unseen,0,1,3255,2730,1,0.05546,3257.91,2742.06,3268.4,2754.0,10.49,11.94,125.22,3262.66,2751.84,3263.32,2748.2,3260.04,2743.89,-0.5809,3.1085,9.0548,3.8608,8.379,25.14,3.706,5.415,0.684,1.764,108.2,473122.98,5278728.47,473124.95,5278739.41,473115.11,5278752.34,835.17,,0,
kprcnn-adamiak-v2,spokane-i90_01_20260622,Spokane (arid),unseen,0,1,2445,3015,1,0.12483,2446.17,3033.26,2460.42,3038.18,14.26,4.92,70.09,2457.94,3034.74,2453.63,3035.72,2448.65,3036.71,2.3844,8.8306,7.6932,6.3027,9.491,28.47,4.421,5.07,0.872,0.069,192.0,470708.81,5277879.78,470695.88,5277876.83,470680.96,5277873.88,2.14,8,1,1.344
kprcnn-adamiak-v2,spokane-i90_01_20260622,Spokane (arid),unseen,0,1,840,3315,1,0.2924,840.21,3334.54,857.14,3339.0,16.93,4.46,75.4,844.69,3338.2,848.68,3336.93,854.32,3335.66,-4.4165,7.5833,13.6993,5.622,9.955,29.87,4.181,5.784,0.723,0.212,14.8,465869.08,5276969.39,465881.03,5276973.21,465897.96,5276977.02,5.74,3,1,1.916
kprcnn-adamiak-v2,spokane-i90_01_20260622,Spokane (arid),unseen,0,1,315,3645,1,0.16246,315.07,3663.84,329.22,3669.0,14.15,5.16,72.95,325.77,3664.97,322.48,3666.26,326.75,3667.87,2.4362,9.0851,3.8098,5.1104,3.064,9.19,3.533,4.57,0.773,3.53,288.8,464312.3,5275989.09,464302.43,5275985.22,464315.26,5275980.38,3.5,1,1,3.783
kprcnn-adamiak-v2,blaine-bellingham_02_20260528,blaine-bellingham/I-5-north,unseen,0,1,3255,3960,1,0.07518,3259.77,3969.28,3268.9,3984.0,9.12,14.72,134.28,3263.2,3981.55,3263.85,3977.95,3262.54,3971.74,3.5357,9.1521,16.174,9.6206,9.832,29.5,3.656,6.349,0.576,0.889,93.8,530211.59,5412379.36,530213.54,5412390.15,530209.63,5412408.79,0.9,8,1,1.252
kprcnn-adamiak-v2,blaine-bellingham_02_20260528,blaine-bellingham/I-5-north,unseen,0,1,4875,6675,1,0.07317,4877.24,6689.46,4892.79,6698.89,15.55,9.43,146.63,4892.63,6689.62,4884.35,6694.17,4879.72,6694.17,-4.6022,8.1541,5.8656,3.1392,13.686,41.06,9.443,4.633,2.038,1.541,199.4,535099.88,5404255.13,535075.06,5404241.48,535061.16,5404241.48,473.42,,0,
kprcnn-adamiak-v2,blaine-bellingham_02_20260528,blaine-bellingham/I-5-north,unseen,0,1,6315,7335,1,0.05917,6316.47,7347.79,6328.51,7359.0,12.04,11.21,135.01,6323.79,7357.19,6321.84,7354.22,6319.24,7349.6,1.3511,9.4244,14.2802,8.3519,8.849,26.55,3.553,5.301,0.67,0.146,121.0,539393.38,5402252.44,539387.53,5402261.35,539379.72,5402275.2,2.62,37,1,0.976
kprcnn-adamiak-v2,blaine-bellingham_02_20260528,blaine-bellingham/I-5-north,unseen,0,1,6225,8535,1,0.10588,6233.29,8538.1,6241.84,8556.42,8.56,18.32,156.74,6238.06,8541.6,6238.39,8546.26,6238.06,8553.59,-1.0855,9.2103,13.2963,7.1403,11.991,35.97,4.675,7.335,0.637,0.329,270.0,539136.18,5398699.21,539137.17,5398685.22,539136.18,5398663.24,2.39,45,1,0.841
kprcnn-adamiak-v2,Yakima-Toppenish_04_20260620,Yakima (arid),unseen,0,1,270,120,1,0.27355,272.62,138.56,289.13,143.5,16.51,4.94,81.6,277.08,141.36,281.04,141.03,286.32,141.03,-4.0897,6.02,12.5149,4.8151,9.25,27.75,3.975,5.282,0.753,0.188,2.0,693951.24,5155651.92,693963.13,5155652.9,693978.97,5155652.9,83.63,,0,
kprcnn-adamiak-v2,Yakima-Toppenish_04_20260620,Yakima (arid),unseen,0,1,285,210,1,0.16892,285.0,228.84,302.78,233.44,17.78,4.6,81.79,299.65,230.98,295.37,230.98,299.98,231.63,-1.7403,6.4431,8.2627,4.3219,0.735,2.21,4.28,4.655,0.919,3.827,296.6,694018.95,5155383.07,694006.11,5155383.07,694019.94,5155381.1,83.03,,0,
kprcnn-adamiak-v2,Yakima-Toppenish_04_20260620,Yakima (arid),unseen,0,1,450,360,1,0.17974,450.0,367.29,463.79,374.43,13.79,7.14,98.44,450.82,368.75,454.43,369.72,461.33,369.4,4.372,8.6807,18.0509,10.3678,10.528,31.58,3.741,6.903,0.542,0.749,356.5,694472.46,5154969.75,694483.3,5154966.83,694503.99,5154967.8,2.58,41,1,0.947
kprcnn-adamiak-v2,Yakima-Toppenish_04_20260620,Yakima (arid),unseen,0,1,615,405,1,0.05418,626.06,414.01,639.0,426.45,12.94,12.43,160.87,636.84,418.1,633.53,421.38,636.84,416.47,-4.2349,4.1172,9.5552,3.1458,1.636,4.91,4.66,5.924,0.787,3.318,90.0,695030.53,5154821.69,695020.58,5154811.87,695030.53,5154826.6,74.39,,0,
kprcnn-adamiak-v2,Yakima-Toppenish_04_20260620,Yakima (arid),unseen,0,1,630,405,1,0.06294,630.0,422.05,647.21,429.0,17.21,6.95,119.72,632.81,426.52,637.45,424.53,647.05,426.85,-4.5519,-0.2347,11.9139,2.3758,14.239,42.72,5.043,9.876,0.511,2.094,358.7,695018.44,5154796.45,695032.35,5154802.41,695061.15,5154795.46,60.87,,0,
kprcnn-adamiak-v2,Yakima-Toppenish_04_20260620,Yakima (arid),unseen,0,1,30,435,1,0.34913,33.95,445.37,43.68,457.1,9.73,11.72,114.08,38.0,448.14,39.62,450.74,40.6,455.3,2.4518,10.3246,12.4339,8.4034,7.62,22.86,3.069,4.662,0.658,0.638,289.9,693234.01,5154731.58,693238.87,5154723.77,693241.79,5154710.09,0.85,2,1,0.831
kprcnn-adamiak-v2,Yakima-Toppenish_04_20260620,Yakima (arid),unseen,0,1,645,435,1,0.06799,647.76,446.51,658.97,459.0,11.21,12.49,139.93,654.85,456.86,653.53,452.92,649.9,449.63,0.1272,6.4251,15.2218,7.258,8.758,26.27,4.158,4.893,0.85,1.138,124.4,695084.55,5154705.41,695080.59,5154717.24,695069.71,5154727.1,38.47,,0,
kprcnn-adamiak-v2,Yakima-Toppenish_04_20260620,Yakima (arid),unseen,0,1,660,450,1,0.08323,660.0,466.14,677.95,473.48,17.95,7.34,131.74,663.16,471.4,668.15,469.17,674.79,470.13,6.2448,-0.7954,8.1761,4.5418,11.706,35.12,5.464,6.718,0.813,1.676,6.3,695109.48,5154661.79,695124.44,5154668.49,695144.38,5154665.62,104.04,,0,
kprcnn-adamiak-v2,Yakima-Toppenish_04_20260620,Yakima (arid),unseen,0,1,45,465,1,0.15831,47.11,483.94,64.31,489.0,17.2,5.06,87.0,51.24,485.37,55.21,486.0,61.5,486.0,1.3311,8.4885,3.8078,4.5424,10.275,30.83,4.02,6.286,0.64,0.387,356.5,693273.73,5154619.9,693285.64,5154618.01,693304.49,5154618.01,115.68,,0,
kprcnn-adamiak-v2,Yakima-Toppenish_04_20260620,Yakima (arid),unseen,0,1,675,480,1,0.11492,675.0,499.34,693.06,503.77,18.06,4.42,79.9,689.94,501.71,685.67,501.4,679.76,501.4,-4.7086,4.6698,10.7917,3.5843,10.185,30.56,4.281,5.911,0.724,0.183,178.2,695189.83,5154570.86,695177.02,5154571.81,695159.29,5154571.81,212.63,,0,
kprcnn-adamiak-v2,Yakima-Toppenish_04_20260620,Yakima (arid),unseen,0,1,690,510,1,0.21332,690.0,529.38,711.02,533.35,21.02,3.97,83.44,707.57,531.86,701.0,531.19,695.42,531.53,-2.2171,9.1403,13.5246,6.8159,12.155,36.46,6.601,5.592,1.18,0.483,178.4,695242.71,5154480.43,695223.0,5154482.42,695206.26,5154481.42,312.52,,0,
kprcnn-adamiak-v2,Yakima-Toppenish_04_20260620,Yakima (arid),unseen,0,1,735,600,1,0.19877,735.77,619.18,757.29,623.14,21.52,3.97,85.35,753.48,621.98,747.19,621.32,741.24,620.33,-4.0439,7.094,10.8754,4.6418,12.36,37.08,6.325,6.041,1.047,0.186,172.3,695380.45,5154210.05,695361.58,5154212.03,695343.71,5154215.0,571.31,,0,
kprcnn-adamiak-v2,Yakima-Toppenish_04_20260620,Yakima (arid),unseen,0,1,735,600,0,0.09684,739.98,615.38,758.89,622.79,18.91,7.41,140.19,750.43,616.83,746.78,618.77,753.08,621.02,-0.9769,3.1322,10.8507,4.3353,4.96,14.88,4.13,6.695,0.617,4.118,302.3,695371.28,5154225.51,695360.33,5154219.7,695379.24,5154212.93,579.01,,0,
kprcnn-adamiak-v2,Yakima-Toppenish_04_20260620,Yakima (arid),unseen,0,1,750,630,1,0.13121,750.0,649.33,769.89,653.34,19.89,4.01,79.73,766.41,651.64,761.44,651.03,755.14,650.1,-1.8239,5.4562,10.3034,4.6453,11.377,34.13,5.011,6.367,0.787,0.063,172.2,695419.23,5154121.07,695404.32,5154122.92,695385.42,5154125.7,473.68,,0,
kprcnn-adamiak-v2,Yakima-Toppenish_04_20260620,Yakima (arid),unseen,0,1,765,675,1,0.13677,771.34,690.04,789.0,697.3,17.66,7.26,128.29,782.17,691.52,776.84,694.16,771.5,695.81,2.2693,5.379,8.8635,5.5039,11.495,34.49,5.95,5.582,1.066,0.459,201.9,695466.5,5154001.43,695450.51,5153993.51,695434.51,5153988.56,336.69,,0,
kprcnn-adamiak-v2,Yakima-Toppenish_04_20260620,Yakima (arid),unseen,0,1,765,675,0,0.11073,769.91,684.91,779.13,697.78,9.21,12.87,118.62,778.96,691.02,776.0,693.0,771.72,695.64,-4.4395,1.0696,13.1467,3.2589,8.589,25.77,3.563,5.028,0.709,0.076,212.5,695456.88,5154002.95,695448.0,5153997.01,695435.16,5153989.09,340.7,,0,
kprcnn-adamiak-v2,Yakima-Toppenish_04_20260620,Yakima (arid),unseen,0,1,765,675,0,0.10658,767.24,693.84,787.28,697.8,20.04,3.96,79.32,783.83,696.65,777.59,695.99,772.33,696.32,0.7234,9.3376,12.0894,7.3835,11.501,34.5,6.276,5.266,1.192,0.48,178.4,695471.49,5153986.06,695452.77,5153988.04,695437.0,5153987.05,330.83,,0,
kprcnn-adamiak-v2,Yakima-Toppenish_04_20260620,Yakima (arid),unseen,0,1,780,720,1,0.16056,782.14,738.97,802.63,742.85,20.49,3.89,79.64,787.26,741.72,792.55,741.07,799.16,741.72,0.0833,5.921,7.9651,4.6565,11.898,35.69,5.328,6.642,0.802,0.648,0.0,695481.79,5153850.84,695497.65,5153852.79,695517.48,5153850.84,188.99,,0,
kprcnn-adamiak-v2,Yakima-Toppenish_04_20260620,Yakima (arid),unseen,0,1,780,750,1,0.12243,782.63,768.73,800.25,773.29,17.62,4.57,80.42,795.76,771.5,790.78,770.52,797.09,771.82,-2.5493,3.5352,8.0521,3.0127,1.369,4.11,5.081,6.448,0.788,0.238,346.2,695507.29,5153761.51,695492.33,5153764.44,695511.27,5153760.53,105.63,,0,
kprcnn-adamiak-v2,Yakima-Toppenish_04_20260620,Yakima (arid),unseen,0,1,795,765,1,0.05798,795.0,784.35,811.83,788.7,16.83,4.35,73.19,800.44,786.99,805.06,786.37,799.78,785.12,-4.7339,5.283,9.6414,3.3969,1.978,5.93,4.66,5.423,0.859,4.562,109.5,695521.33,5153715.03,695535.19,5153716.9,695519.35,5153720.63,49.65,,0,
kprcnn-adamiak-v2,Yakima-Toppenish_04_20260620,Yakima (arid),unseen,0,1,795,795,1,0.24451,798.19,795.0,809.63,811.93,11.44,16.93,193.75,802.6,797.82,803.91,802.47,806.2,809.11,5.4587,10.8759,18.6517,11.6621,11.849,35.55,4.829,7.024,0.687,0.165,287.7,695527.81,5153682.53,695531.73,5153668.59,695538.59,5153648.66,2.4,39,1,0.891
kprcnn-adamiak-v2,Yakima-Toppenish_04_20260620,Yakima (arid),unseen,0,1,810,825,1,0.08261,810.88,844.25,832.22,848.06,21.34,3.81,81.33,828.45,846.31,822.87,846.0,816.63,846.31,2.0455,6.4741,10.4686,6.3294,11.819,35.46,5.59,6.246,0.895,0.318,180.0,695605.35,5153537.06,695588.6,5153538.01,695569.89,5153537.06,140.42,,0,
kprcnn-adamiak-v2,Yakima-Toppenish_04_20260620,Yakima (arid),unseen,0,1,810,825,0,0.06704,815.97,840.22,834.0,847.54,18.03,7.32,131.96,827.94,846.05,822.69,844.72,817.45,846.05,2.065,1.6141,7.806,3.8284,10.487,31.46,5.41,5.41,1.0,1.331,180.0,695603.81,5153537.86,695588.08,5153541.85,695572.35,5153537.86,136.68,,0,
kprcnn-adamiak-v2,Yakima-Toppenish_04_20260620,Yakima (arid),unseen,0,1,825,870,1,0.16368,825.0,889.25,842.5,893.59,17.5,4.34,75.9,839.69,891.57,835.4,891.26,830.78,890.95,-3.5619,6.5806,10.4954,4.5047,8.937,26.81,4.304,4.633,0.929,0.011,176.0,695639.08,5153401.28,695626.21,5153402.21,695612.34,5153403.14,280.73,,0,
kprcnn-adamiak-v2,Yakima-Toppenish_04_20260620,Yakima (arid),unseen,0,1,840,915,1,0.12761,840.0,934.36,857.9,938.67,17.9,4.32,77.32,855.08,936.18,850.44,936.18,844.81,935.85,-4.0599,7.0117,9.7354,4.2291,10.282,30.85,4.641,5.645,0.822,0.15,178.1,695685.25,5153267.45,695671.33,5153267.45,695654.42,5153268.45,221.9,,0,
kprcnn-adamiak-v2,Yakima-Toppenish_04_20260620,Yakima (arid),unseen,0,1,840,915,0,0.07319,840.14,930.52,860.14,938.08,20.01,7.55,151.12,855.39,936.27,850.47,935.29,856.7,935.94,-3.0284,4.5868,10.1468,3.9017,1.352,4.06,5.017,6.266,0.801,2.15,14.1,695686.16,5153267.19,695671.41,5153270.14,695690.1,5153268.17,224.07,,0,
kprcnn-adamiak-v2,Yakima-Toppenish_04_20260620,Yakima (arid),unseen,0,1,855,945,1,0.14983,855.0,964.41,873.8,968.76,18.8,4.35,81.81,859.45,966.43,865.72,966.43,870.67,966.12,-3.3629,6.0341,11.2715,4.6475,11.22,33.66,6.268,4.958,1.264,0.174,1.6,695698.36,5153176.7,695717.16,5153176.7,695732.01,5153177.63,122.1,,0,
kprcnn-adamiak-v2,Yakima-Toppenish_04_20260620,Yakima (arid),unseen,0,1,855,945,0,0.05139,855.0,960.92,876.12,968.07,21.12,7.15,151.04,858.8,966.28,865.73,965.63,871.34,965.95,-2.5713,3.1878,11.7465,4.121,12.545,37.63,6.961,5.62,1.239,0.47,1.5,695696.39,5153177.16,695717.18,5153179.12,695734.01,5153178.14,123.9,,0,
kprcnn-adamiak-v2,Yakima-Toppenish_04_20260620,Yakima (arid),unseen,0,1,885,975,1,0.20872,887.53,993.62,898.24,999.0,10.72,5.38,57.63,893.53,997.26,892.89,995.68,889.64,993.78,2.204,3.2924,8.1638,4.5534,5.224,15.67,1.71,3.761,0.455,0.747,138.2,695800.6,5153084.22,695798.66,5153088.96,695788.91,5153094.66,3.51,38,1,2.86
kprcnn-adamiak-v2,Yakima-Toppenish_04_20260620,Yakima (arid),unseen,0,1,360,990,1,0.09472,366.95,997.72,376.2,1010.6,9.25,12.89,119.21,371.41,1009.45,370.42,1005.48,371.41,1001.19,-3.0515,12.2621,7.937,5.7159,8.262,24.79,4.088,4.409,0.927,0.991,90.0,694234.23,5153047.66,694231.26,5153059.55,694234.23,5153072.44,1437.28,,0,
kprcnn-adamiak-v2,Yakima-Toppenish_04_20260620,Yakima (arid),unseen,0,1,900,1005,1,0.06978,900.0,1025.68,924.0,1026.86,24.0,1.18,28.25,919.83,1026.41,910.83,1026.12,904.17,1026.12,-4.0339,4.7069,8.6202,3.0977,15.669,47.01,9.005,6.667,1.351,0.125,178.9,695879.5,5152996.76,695852.5,5152997.64,695832.5,5152997.64,103.2,,0,
kprcnn-adamiak-v2,Yakima-Toppenish_04_20260620,Yakima (arid),unseen,0,1,1155,1215,1,0.05436,1155.0,1231.77,1173.01,1238.23,18.01,6.46,116.32,1170.23,1236.78,1164.01,1234.84,1158.11,1236.45,-6.2743,4.0671,12.6806,3.4911,12.121,36.36,6.517,6.112,1.066,1.771,178.5,696630.68,5152365.67,696612.02,5152371.49,696594.33,5152366.64,400.1,,0,
kprcnn-adamiak-v2,Yakima-Toppenish_04_20260620,Yakima (arid),unseen,0,1,1155,1230,1,0.05149,1166.27,1239.49,1179.0,1251.32,12.73,11.84,150.76,1166.43,1239.65,1171.98,1243.93,1176.88,1241.95,-5.9238,2.8589,11.7505,2.8952,10.699,32.1,7.006,5.28,1.327,2.981,347.6,696619.29,5152357.05,696635.94,5152344.22,696650.63,5152350.14,436.13,,0,
kprcnn-adamiak-v2,Yakima-Toppenish_04_20260620,Yakima (arid),unseen,0,1,1170,1245,1,0.09961,1180.41,1253.35,1194.0,1265.57,13.59,12.21,165.95,1183.89,1265.07,1187.54,1260.45,1191.85,1256.82,1.3859,4.1452,13.2938,6.275,11.461,34.38,5.886,5.634,1.045,0.582,46.1,696671.67,5152280.78,696682.61,5152294.65,696695.54,5152305.54,504.05,,0,
kprcnn-adamiak-v2,Yakima-Toppenish_04_20260620,Yakima (arid),unseen,0,1,1185,1260,1,0.05108,1185.91,1279.22,1203.16,1284.0,17.24,4.78,82.37,1202.99,1282.25,1194.7,1281.61,1200.34,1280.66,-1.4531,0.5095,8.9852,2.6805,3.094,9.28,8.315,5.718,1.454,3.72,149.0,696728.97,5152229.25,696704.1,5152231.17,696721.01,5152234.03,499.21,,0,
kprcnn-adamiak-v2,Yakima-Toppenish_04_20260620,Yakima (arid),unseen,0,1,1200,1260,1,0.06905,1200.0,1277.11,1218.28,1284.0,18.28,6.89,125.94,1201.5,1282.2,1208.14,1280.88,1215.45,1280.88,-1.7139,1.0089,9.1928,2.8293,14.018,42.05,6.774,7.31,0.927,0.684,5.4,696724.49,5152229.41,696744.42,5152233.35,696766.35,5152233.35,466.72,,0,
kprcnn-adamiak-v2,Yakima-Toppenish_04_20260620,Yakima (arid),unseen,0,1,1365,1365,1,0.05031,1369.23,1374.24,1378.16,1388.37,8.93,14.14,126.21,1378.0,1379.0,1374.36,1381.63,1375.35,1376.37,-5.4319,5.9132,9.4313,3.3042,3.73,11.19,4.489,5.353,0.839,4.43,135.2,697253.99,5151938.99,697243.08,5151931.1,697246.05,5151946.88,120.81,,0,
kprcnn-adamiak-v2,Yakima-Toppenish_04_20260620,Yakima (arid),unseen,0,1,1695,1530,1,0.13043,1695.0,1544.79,1710.2,1552.78,15.2,7.99,121.51,1696.16,1546.29,1700.78,1548.29,1707.06,1551.29,5.1721,6.7159,14.3005,8.7295,11.996,35.99,5.04,6.958,0.724,0.11,335.4,698208.47,5151437.13,698222.35,5151431.14,698241.19,5151422.14,106.45,,0,
kprcnn-adamiak-v2,Yakima-Toppenish_04_20260620,Yakima (arid),unseen,0,1,1800,1605,1,0.06062,1809.93,1614.91,1824.0,1627.26,14.07,12.35,173.7,1810.1,1615.07,1818.27,1621.9,1821.55,1617.35,-4.5641,5.629,11.1162,4.0604,11.675,35.02,10.652,5.603,1.901,5.099,348.8,698550.29,5151230.78,698574.82,5151210.31,698584.64,5151223.96,510.0,,0,
kprcnn-adamiak-v2,Yakima-Toppenish_04_20260620,Yakima (arid),unseen,0,1,1815,1605,1,0.07261,1815.0,1622.3,1831.54,1629.0,16.54,6.7,110.88,1831.38,1626.93,1822.44,1626.29,1817.48,1626.61,-3.4665,4.5704,8.6085,3.2375,13.9,41.7,8.956,4.973,1.801,0.433,178.7,698614.14,5151195.22,698587.33,5151197.14,698572.44,5151196.18,491.88,,0,
kprcnn-adamiak-v2,Yakima-Toppenish_04_20260620,Yakima (arid),unseen,0,1,1830,1620,1,0.11044,1830.0,1637.67,1850.37,1643.97,20.37,6.3,128.41,1846.59,1641.81,1839.03,1641.15,1846.92,1640.82,0.6738,4.7703,7.9174,4.4538,1.048,3.14,7.585,7.891,0.961,7.383,71.7,698659.77,5151150.56,698637.1,5151152.55,698660.75,5151153.55,425.91,,0,
kprcnn-adamiak-v2,Yakima-Toppenish_04_20260620,Yakima (arid),unseen,0,1,1845,1635,1,0.06588,1845.0,1652.39,1863.71,1659.0,18.71,6.61,123.7,1845.82,1656.52,1853.37,1656.19,1860.59,1656.19,0.2102,5.0874,11.688,5.6619,14.777,44.33,7.558,7.223,1.046,0.162,1.3,698657.46,5151106.44,698680.12,5151107.43,698701.78,5151107.43,363.9,,0,
kprcnn-adamiak-v2,Yakima-Toppenish_04_20260620,Yakima (arid),unseen,0,1,1830,1650,1,0.22212,1842.48,1658.29,1854.0,1671.57,11.52,13.28,153.0,1852.19,1663.76,1848.24,1666.09,1850.87,1660.44,-3.0428,4.7659,10.6325,4.1185,3.572,10.72,4.583,6.229,0.736,4.528,111.6,698676.57,5151084.71,698664.72,5151077.74,698672.62,5151094.67,350.94,,0,
kprcnn-adamiak-v2,Yakima-Toppenish_04_20260620,Yakima (arid),unseen,0,1,1905,1710,1,0.05168,1905.0,1725.73,1925.75,1734.0,20.75,8.27,171.57,1921.96,1731.52,1917.02,1731.19,1910.43,1731.52,-0.9611,4.5582,9.423,4.34,11.528,34.59,4.952,6.596,0.751,0.331,180.0,698885.89,5150881.44,698871.07,5150882.43,698851.3,5150881.44,70.87,,0,
kprcnn-adamiak-v2,Yakima-Toppenish_04_20260620,Yakima (arid),unseen,0,1,1920,1725,1,0.21257,1920.0,1741.98,1938.24,1748.71,18.24,6.73,122.78,1921.16,1746.95,1928.13,1745.34,1935.09,1745.66,2.204,3.7714,8.6403,4.8719,13.988,41.96,7.147,6.972,1.025,0.958,5.3,698883.48,5150835.16,698904.38,5150839.97,698925.27,5150839.01,22.12,,0,
kprcnn-adamiak-v2,Yakima-Toppenish_04_20260620,Yakima (arid),unseen,0,1,1920,1740,1,0.15398,1928.58,1751.25,1943.98,1762.8,15.39,11.55,177.78,1941.52,1756.7,1937.59,1757.03,1932.68,1759.34,1.4401,8.6015,15.4131,8.4849,9.229,27.69,3.944,5.429,0.727,0.808,196.6,698944.56,5150805.91,698932.77,5150804.92,698918.03,5150797.99,34.54,,0,
kprcnn-adamiak-v2,Yakima-Toppenish_04_20260620,Yakima (arid),unseen,0,1,1920,1740,0,0.07234,1929.5,1742.17,1937.39,1762.28,7.88,20.11,158.6,1936.24,1748.93,1934.26,1752.88,1932.62,1758.82,-4.9784,7.8951,17.13,6.6822,10.532,31.6,4.421,6.159,0.718,0.494,249.9,698928.71,5150829.22,698922.79,5150817.35,698917.87,5150799.54,21.94,,0,
kprcnn-adamiak-v2,Yakima-Toppenish_04_20260620,Yakima (arid),unseen,0,1,1980,1800,1,0.10564,1980.2,1815.03,2000.0,1823.96,19.8,8.93,176.8,1985.32,1821.81,1990.6,1819.83,1996.54,1818.51,-2.9683,4.6381,16.9181,6.196,11.698,35.1,5.641,6.086,0.927,0.41,16.4,699075.95,5150610.56,699091.79,5150616.51,699109.61,5150620.48,37.56,,0,
kprcnn-adamiak-v2,Yakima-Toppenish_04_20260620,Yakima (arid),unseen,0,1,1995,1815,1,0.09404,1995.0,1835.81,2013.07,1837.05,18.07,1.25,22.53,2010.27,1836.59,2004.36,1836.28,1998.12,1836.28,-6.2596,4.5505,10.7262,3.0057,12.158,36.47,5.921,6.241,0.949,0.16,178.5,699150.82,5150566.24,699133.08,5150567.17,699114.36,5150567.17,34.86,,0,
kprcnn-adamiak-v2,Yakima-Toppenish_04_20260620,Yakima (arid),unseen,0,1,1995,1815,0,0.09242,1995.0,1832.41,2015.56,1838.56,20.56,6.14,126.36,2012.08,1837.1,2004.12,1835.81,2012.08,1836.45,-3.8959,5.1078,10.6213,3.9444,0.647,1.94,8.065,7.986,1.01,7.96,90.0,699156.24,5150564.7,699132.36,5150568.58,699156.24,5150566.64,33.34,,0,
kprcnn-adamiak-v2,Yakima-Toppenish_04_20260620,Yakima (arid),unseen,0,1,2010,1830,1,0.06081,2010.0,1847.63,2025.2,1854.0,15.2,6.37,96.83,2025.03,1852.57,2016.77,1850.97,2022.72,1850.34,-4.8648,4.1587,9.8187,3.0375,3.213,9.64,8.413,5.982,1.406,4.587,136.0,699195.1,5150518.3,699170.32,5150523.08,699188.16,5150524.99,89.86,,0,
kprcnn-adamiak-v2,Yakima-Toppenish_04_20260620,Yakima (arid),unseen,0,1,2070,1920,1,0.09697,2081.31,1929.77,2094.0,1941.91,12.69,12.14,154.0,2091.24,1931.9,2087.98,1936.16,2085.71,1940.1,-4.0794,4.7993,12.9233,4.5477,9.892,29.68,5.364,4.548,1.179,0.313,236.0,699393.71,5150280.3,699383.95,5150267.51,699377.12,5150255.7,421.78,,0,
kprcnn-adamiak-v2,Yakima-Toppenish_04_20260620,Yakima (arid),unseen,0,1,2070,1920,0,0.07623,2071.27,1939.22,2088.25,1943.7,16.98,4.48,76.03,2075.76,1942.9,2080.09,1941.3,2085.42,1940.98,-6.2568,2.2075,15.195,3.7153,9.843,29.53,4.614,5.336,0.865,0.725,11.2,699347.29,5150247.29,699360.27,5150252.09,699376.25,5150253.05,420.46,,0,
kprcnn-adamiak-v2,Yakima-Toppenish_04_20260620,Yakima (arid),unseen,0,1,2130,1980,1,0.08555,2131.7,2000.51,2154.0,2001.7,22.3,1.19,26.46,2150.17,2001.25,2142.19,2001.25,2135.53,2001.25,-3.5302,7.9862,10.5305,4.9955,14.644,43.93,7.987,6.656,1.2,0.0,180.0,699570.52,5150072.24,699546.56,5150072.24,699526.59,5150072.24,675.79,,0,
kprcnn-adamiak-v2,Yakima-Toppenish_04_20260620,Yakima (arid),unseen,0,1,2145,1995,1,0.09307,2145.0,2011.98,2166.0,2018.3,21.0,6.31,132.59,2148.5,2016.47,2154.5,2015.8,2162.17,2016.14,-2.2808,3.4143,10.3062,3.8132,13.67,41.01,6.036,7.673,0.787,0.519,1.4,699565.5,5150026.59,699583.5,5150028.59,699606.5,5150027.59,732.95,,0,
kprcnn-adamiak-v2,Yakima-Toppenish_04_20260620,Yakima (arid),unseen,0,1,2145,1995,0,0.08614,2145.0,2015.66,2165.55,2016.83,20.55,1.18,24.2,2148.81,2016.39,2155.44,2016.1,2162.07,2016.39,-3.6336,4.0828,10.1211,3.5234,13.256,39.77,6.634,6.634,1.0,0.294,0.0,699566.43,5150026.82,699586.32,5150027.71,699606.2,5150026.82,735.39,,0,
kprcnn-adamiak-v2,Yakima-Toppenish_04_20260620,Yakima (arid),unseen,0,1,2160,2040,1,0.22373,2172.77,2048.17,2184.0,2059.72,11.23,11.55,129.67,2174.92,2050.32,2178.55,2053.29,2182.18,2057.24,4.756,10.0862,18.0301,10.9574,10.04,30.12,4.692,5.373,0.873,0.358,316.4,699644.75,5149925.05,699655.65,5149916.14,699666.55,5149904.27,829.23,,0,
kprcnn-adamiak-v2,Yakima-Toppenish_04_20260620,Yakima (arid),unseen,0,1,2250,2115,1,0.09666,2255.29,2124.12,2264.0,2137.96,8.7,13.83,120.36,2261.9,2135.82,2260.93,2131.21,2257.07,2135.49,-3.9631,4.3773,12.2757,4.23,4.845,14.54,4.711,5.769,0.817,4.534,176.1,699905.7,5149668.55,699902.8,5149682.38,699891.2,5149669.54,491.75,,0,
kprcnn-adamiak-v2,Yakima-Toppenish_04_20260620,Yakima (arid),unseen,0,1,1170,2295,1,0.17827,1173.67,2301.75,1182.55,2319.0,8.88,17.25,153.27,1179.75,2313.86,1178.44,2310.21,1175.81,2304.57,4.636,8.8676,13.5083,9.0039,10.095,30.28,3.88,6.225,0.623,0.216,113.0,696659.26,5149134.43,696655.31,5149145.38,696647.42,5149162.3,2466.8,,0,
kprcnn-adamiak-v2,Yakima-Toppenish_04_20260620,Yakima (arid),unseen,0,1,2655,2340,1,0.05492,2656.49,2350.85,2673.55,2364.0,17.06,13.15,224.37,2670.43,2358.25,2665.84,2356.27,2660.59,2352.98,6.052,6.2229,15.2655,9.1801,11.16,33.48,4.999,6.194,0.807,0.425,151.9,701131.3,5149001.26,701117.52,5149007.18,701101.77,5149017.05,1.23,30,1,0.723
kprcnn-adamiak-v2,Yakima-Toppenish_04_20260620,Yakima (arid),unseen,0,1,2700,2370,1,0.10399,2700.0,2390.75,2724.0,2391.8,24.0,1.05,25.09,2719.83,2391.41,2710.5,2391.15,2719.83,2391.15,-3.8994,4.3867,9.8821,3.4565,0.261,0.78,9.337,9.333,1.0,9.333,90.0,701279.5,5148901.78,701251.5,5148902.56,701279.5,5148902.56,168.76,,0,
kprcnn-adamiak-v2,Yakima-Toppenish_04_20260620,Yakima (arid),unseen,0,1,1245,2430,1,0.08735,1251.47,2439.5,1260.18,2453.08,8.71,13.58,118.19,1258.73,2448.94,1255.82,2446.62,1256.47,2441.66,0.9336,6.215,5.4852,4.2113,7.627,22.88,3.714,5.009,0.741,2.086,107.2,696896.18,5148729.18,696887.47,5148736.13,696889.4,5148751.03,2010.45,,0,
kprcnn-adamiak-v2,Yakima-Toppenish_04_20260620,Yakima (arid),unseen,0,1,2775,2445,1,0.05123,2783.86,2455.69,2798.89,2467.29,15.03,11.59,174.28,2788.92,2465.46,2792.52,2461.82,2796.44,2457.85,-2.5958,6.2069,10.2122,4.6078,10.702,32.11,5.118,5.584,0.917,0.0,45.4,701486.76,5148679.61,701497.55,5148690.54,701509.31,5148702.46,97.09,,0,
kprcnn-adamiak-v2,Yakima-Toppenish_04_20260620,Yakima (arid),unseen,0,1,2805,2475,1,0.12979,2815.8,2484.78,2829.0,2497.26,13.2,12.47,164.61,2826.86,2488.89,2823.56,2491.84,2820.26,2495.12,-4.3897,4.3771,13.7897,4.5924,9.079,27.24,4.428,4.654,0.952,0.119,223.4,701600.57,5148609.34,701590.67,5148600.47,701580.77,5148590.63,226.06,,0,
kprcnn-adamiak-v2,Yakima-Toppenish_04_20260620,Yakima (arid),unseen,0,1,2820,2475,1,0.07735,2820.0,2492.5,2837.0,2499.0,17.0,6.5,110.43,2834.16,2495.59,2827.5,2496.24,2822.17,2495.59,-3.7326,4.5966,7.8892,2.9177,11.999,36.0,6.697,5.372,1.247,0.65,180.0,701622.49,5148589.23,701602.5,5148587.28,701586.5,5148589.23,243.77,,0,
kprcnn-adamiak-v2,Yakima-Toppenish_04_20260620,Yakima (arid),unseen,0,1,1275,2490,1,0.05619,1284.52,2502.23,1299.0,2514.0,14.48,11.77,170.47,1290.61,2511.87,1291.92,2508.93,1296.53,2504.36,1.821,4.9067,9.619,5.4489,9.574,28.72,3.224,6.495,0.496,0.787,51.8,696991.82,5148540.38,696995.77,5148549.2,697009.59,5148562.93,1803.95,,0,
kprcnn-adamiak-v2,Yakima-Toppenish_04_20260620,Yakima (arid),unseen,0,1,2850,2505,1,0.14164,2850.0,2525.65,2870.47,2526.75,20.47,1.09,22.38,2867.0,2526.34,2860.4,2526.34,2867.0,2526.06,-4.9995,4.0909,9.9082,2.9999,0.273,0.82,6.603,6.609,0.999,6.603,90.0,701721.01,5148496.99,701701.2,5148496.99,701721.01,5148497.81,377.2,,0,
kprcnn-adamiak-v2,Yakima-Toppenish_04_20260620,Yakima (arid),unseen,0,1,2880,2535,1,0.17552,2880.0,2555.68,2904.0,2556.76,24.0,1.09,26.1,2884.5,2556.36,2890.83,2556.08,2899.83,2556.36,-5.9967,6.2059,10.4604,3.5565,15.333,46.0,6.339,9.004,0.704,0.272,0.0,701773.5,5148406.93,701792.5,5148407.75,701819.5,5148406.93,504.83,,0,
kprcnn-adamiak-v2,Yakima-Toppenish_04_20260620,Yakima (arid),unseen,0,1,2895,2550,1,0.09608,2895.0,2570.62,2919.0,2571.72,24.0,1.1,26.31,2914.83,2571.31,2907.17,2571.03,2914.83,2571.03,-3.6845,6.3076,9.8931,4.1721,0.274,0.82,7.672,7.667,1.001,7.667,90.0,701864.5,5148362.08,701841.5,5148362.9,701864.5,5148362.9,571.18,,0,
kprcnn-adamiak-v2,Yakima-Toppenish_04_20260620,Yakima (arid),unseen,0,1,3060,2730,1,0.08245,3060.0,2747.25,3071.78,2752.86,11.78,5.6,66.05,3069.66,2748.41,3065.73,2749.4,3069.66,2751.38,-8.1849,4.4032,15.3679,3.8621,2.967,8.9,4.051,4.398,0.921,3.928,270.0,702328.97,5147830.77,702317.19,5147827.81,702328.97,5147821.87,549.32,,0,
kprcnn-adamiak-v2,Yakima-Toppenish_04_20260620,Yakima (arid),unseen,0,1,3315,2910,1,0.87543,3316.0,2928.5,3329.57,2934.0,13.57,5.5,74.61,3319.47,2929.63,3323.11,2930.93,3327.42,2932.87,5.8227,14.4694,4.537,8.2763,8.576,25.73,3.864,4.72,0.819,0.175,337.8,703078.42,5147287.1,703089.34,5147283.22,703102.25,5147277.4,1.97,26,1,1.2
kprcnn-adamiak-v2,Yakima-Toppenish_04_20260620,Yakima (arid),unseen,0,1,3480,3030,1,0.05274,3490.93,3039.31,3504.0,3051.89,13.07,12.58,164.35,3501.88,3042.79,3497.63,3046.1,3501.22,3041.46,-4.8858,4.4969,11.1706,3.5939,1.476,4.43,5.384,5.864,0.918,5.273,116.3,703625.63,5146947.64,703612.89,5146937.71,703623.67,5146951.61,383.75,,0,
kprcnn-adamiak-v2,Yakima-Toppenish_04_20260620,Yakima (arid),unseen,0,1,3495,3030,1,0.05691,3495.0,3047.28,3513.42,3054.0,18.42,6.72,123.89,3510.63,3051.92,3503.39,3051.28,3510.3,3050.0,-3.8647,3.8214,9.1401,3.0323,1.949,5.85,7.267,7.027,1.034,7.026,99.7,703651.88,5146920.24,703630.17,5146922.17,703650.9,5146926.01,406.92,,0,
kprcnn-adamiak-v2,Yakima-Toppenish_04_20260620,Yakima (arid),unseen,0,1,3510,3045,1,0.10159,3510.0,3062.08,3527.01,3069.0,17.01,6.92,117.63,3526.84,3066.86,3518.67,3066.2,3512.78,3066.2,-4.2247,3.5314,10.5418,3.2828,14.078,42.23,8.203,5.887,1.393,0.275,177.3,703700.53,5146875.42,703676.0,5146877.4,703658.34,5146877.4,470.63,,0,
kprcnn-adamiak-v2,Yakima-Toppenish_04_20260620,Yakima (arid),unseen,0,1,3585,3180,1,0.05126,3585.0,3195.68,3600.53,3202.94,15.53,7.26,112.81,3597.39,3201.45,3592.1,3200.79,3587.81,3200.79,0.6467,-0.0124,8.7307,3.1217,9.606,28.82,5.328,4.296,1.24,0.295,176.1,703912.18,5146471.64,703896.31,5146473.62,703883.43,5146473.62,912.44,,0,
kprcnn-adamiak-v2,Yakima-Toppenish_04_20260620,Yakima (arid),unseen,0,1,3585,3195,1,0.2602,3585.0,3214.18,3603.64,3218.42,18.64,4.23,78.92,3600.48,3216.62,3595.82,3216.3,3591.16,3215.65,1.3557,9.6697,9.5676,6.8644,9.373,28.12,4.672,4.706,0.993,0.162,174.0,703921.44,5146426.13,703907.46,5146427.1,703893.48,5146429.06,955.44,,0,
kprcnn-adamiak-v2,Yakima-Toppenish_04_20260620,Yakima (arid),unseen,0,1,3585,3255,1,0.0574,3590.44,3267.42,3609.0,3277.61,18.56,10.19,189.09,3607.18,3276.13,3602.54,3273.5,3596.57,3271.53,-1.3061,6.5682,11.6798,5.6473,11.56,34.68,5.333,6.283,0.849,0.565,156.5,703941.53,5146247.61,703927.61,5146255.5,703909.72,5146261.42,1105.62,,0,
kprcnn-adamiak-v2,Yakima-Toppenish_04_20260620,Yakima (arid),unseen,0,1,3585,3285,1,0.05276,3590.83,3297.53,3609.0,3307.76,18.17,10.22,185.81,3606.19,3305.28,3602.56,3303.63,3596.94,3304.62,-2.1952,8.3024,11.4916,5.8663,9.276,27.83,3.991,5.704,0.7,1.386,175.9,703938.57,5146160.15,703927.67,5146165.1,703910.82,5146162.13,1181.64,,0,
kprcnn-adamiak-v2,Yakima-Toppenish_04_20260620,Yakima (arid),unseen,0,1,1545,3360,1,0.05029,1549.19,3364.8,1560.48,3381.22,11.28,16.42,185.3,1551.35,3367.92,1553.34,3371.2,1557.99,3375.14,3.8174,9.656,15.1966,9.5567,9.812,29.43,3.841,6.093,0.63,0.755,312.6,697774.05,5145972.25,697780.03,5145962.4,697793.97,5145950.58,2.9,5,1,1.057
kprcnn-adamiak-v2,Yakima-Toppenish_04_20260620,Yakima (arid),unseen,0,1,3600,3435,1,0.09634,3600.29,3449.79,3618.14,3458.48,17.85,8.69,155.13,3613.68,3452.21,3609.38,3455.42,3615.0,3456.39,1.5683,6.4916,7.4149,5.1583,4.389,13.17,5.369,5.701,0.942,5.067,287.5,703961.03,5145719.38,703948.14,5145709.73,703965.0,5145706.83,1020.08,,0,
kprcnn-adamiak-v2,Yakima-Toppenish_04_20260620,Yakima (arid),unseen,0,1,3645,3540,1,0.18512,3645.0,3556.47,3661.61,3563.64,16.61,7.17,119.12,3658.79,3561.52,3653.47,3560.87,3647.82,3560.55,-2.1074,4.4957,12.1192,4.8358,11.007,33.02,5.356,5.657,0.947,0.177,174.9,704096.36,5145391.43,704080.42,5145393.39,704063.47,5145394.36,678.91,,0,
kprcnn-adamiak-v2,Yakima-Toppenish_04_20260620,Yakima (arid),unseen,0,1,3660,3570,1,0.25908,3660.0,3585.88,3678.3,3593.36,18.3,7.48,136.77,3675.14,3591.57,3669.48,3590.27,3675.14,3590.6,-1.3616,6.9531,10.4168,5.3361,0.975,2.93,5.803,5.665,1.024,5.655,90.0,704145.41,5145301.29,704128.44,5145305.19,704145.41,5145304.21,578.5,,0,
kprcnn-adamiak-v2,Yakima-Toppenish_04_20260620,Yakima (arid),unseen,0,1,3660,3570,0,0.05301,3660.0,3589.36,3676.37,3593.87,16.37,4.51,73.88,3664.09,3591.78,3669.66,3591.45,3664.42,3591.78,-3.0869,5.5435,8.3461,3.6009,0.327,0.98,5.575,5.248,1.062,0.322,0.0,704112.28,5145300.67,704128.97,5145301.64,704113.26,5145300.67,575.16,,0,
kprcnn-adamiak-v2,Yakima-Toppenish_04_20260620,Yakima (arid),unseen,0,1,3675,3600,1,0.13243,3675.0,3619.51,3695.63,3623.38,20.63,3.87,79.8,3692.14,3621.61,3685.81,3621.28,3680.16,3620.96,7.4628,7.4768,10.1584,8.366,11.997,35.99,6.331,5.666,1.117,0.018,176.9,704196.41,5145211.18,704177.44,5145212.15,704160.47,5145213.11,473.43,,0,
kprcnn-adamiak-v2,Yakima-Toppenish_04_20260620,Yakima (arid),unseen,0,1,3675,3600,0,0.05229,3675.0,3615.84,3696.29,3622.71,21.29,6.87,146.27,3692.46,3621.24,3685.81,3620.25,3680.49,3620.58,5.6801,3.1054,10.2467,6.3441,11.993,35.98,6.725,5.332,1.261,0.617,176.9,704197.39,5145212.29,704177.43,5145215.24,704161.47,5145214.25,476.11,,0,
kprcnn-adamiak-v2,Yakima-Toppenish_04_20260620,Yakima (arid),unseen,0,1,3690,3630,1,0.15892,3690.0,3649.32,3712.05,3653.13,22.05,3.81,84.08,3706.95,3651.7,3701.35,3651.07,3695.43,3650.43,-2.6449,8.9535,9.7887,5.3657,11.588,34.76,5.63,5.957,0.945,0.018,173.7,704240.84,5145120.9,704224.06,5145122.8,704206.29,5145124.71,372.82,,0,
kprcnn-adamiak-v2,Yakima-Toppenish_04_20260620,Yakima (arid),unseen,0,1,3720,3690,1,0.05431,3724.41,3708.97,3744.0,3713.12,19.59,4.15,81.24,3738.85,3711.68,3733.21,3711.36,3727.89,3711.05,-1.8804,8.2208,10.6712,5.6705,10.978,32.93,5.655,5.323,1.062,0.01,176.7,704336.56,5144940.95,704319.62,5144941.91,704303.68,5144942.86,168.97,,0,
kprcnn-adamiak-v2,Yakima-Toppenish_04_20260620,Yakima (arid),unseen,0,1,3735,3720,1,0.06644,3742.04,3738.45,3759.0,3742.81,16.96,4.36,73.94,3744.87,3741.72,3749.52,3741.1,3756.17,3741.41,-4.5694,7.245,10.9119,4.5292,11.312,33.94,4.697,6.659,0.705,0.494,1.6,704354.6,5144850.83,704368.56,5144852.7,704388.52,5144851.77,68.76,,0,
kprcnn-adamiak-v2,Yakima-Toppenish_04_20260620,Yakima (arid),unseen,0,1,3750,3735,1,0.14697,3750.0,3750.36,3764.9,3758.25,14.9,7.89,117.57,3764.08,3756.77,3756.46,3753.81,3761.43,3751.51,3.5542,2.4198,14.6313,6.8684,5.889,17.67,8.171,5.475,1.493,5.472,116.7,704412.23,5144805.68,704389.37,5144814.56,704404.28,5144821.46,29.48,,0,
kprcnn-adamiak-v2,Yakima-Toppenish_04_20260620,Yakima (arid),unseen,0,1,3765,3765,1,0.10077,3767.27,3781.16,3789.0,3787.78,21.73,6.62,143.86,3783.24,3785.96,3776.98,3785.3,3771.06,3785.96,4.9433,6.5897,10.0402,7.1911,12.181,36.54,6.29,5.963,1.055,0.662,180.0,704469.72,5144718.11,704450.95,5144720.1,704433.17,5144718.11,15.96,23,1,5.99
kprcnn-adamiak-v2,Yakima-Toppenish_04_20260620,Yakima (arid),unseen,0,1,3780,3780,1,0.08465,3780.0,3796.9,3796.74,3803.86,16.74,6.96,116.54,3793.29,3798.06,3788.7,3801.38,3793.95,3800.71,-4.9163,3.8876,10.7833,3.2515,2.732,8.2,5.666,5.294,1.07,5.258,283.9,704499.88,5144681.81,704486.1,5144671.87,704501.85,5144673.86,65.89,,0,
kprcnn-adamiak-v2,Yakima-Toppenish_04_20260620,Yakima (arid),unseen,0,1,3870,3870,1,0.05524,3870.0,3890.79,3894.0,3891.74,24.0,0.96,22.92,3889.83,3891.26,3880.83,3891.26,3873.83,3891.26,-6.0933,5.1131,11.0409,3.3536,16.0,48.0,9.0,7.0,1.286,0.0,180.0,704789.5,5144402.21,704762.5,5144402.21,704741.5,5144402.21,56.49,,0,
kprcnn-adamiak-v2,Yakima-Toppenish_04_20260620,Yakima (arid),unseen,0,1,3900,3900,1,0.05529,3912.28,3908.11,3924.0,3922.09,11.72,13.98,163.85,3922.21,3911.94,3919.28,3916.27,3921.23,3910.61,-6.2105,6.6877,11.521,3.9994,1.651,4.95,5.225,5.985,0.873,4.922,126.3,704886.63,5144340.17,704877.83,5144327.2,704883.7,5144344.17,190.82,,0,
kprcnn-adamiak-v2,Yakima-Toppenish_04_20260620,Yakima (arid),unseen,0,1,4005,3960,1,0.06279,4008.56,3968.58,4017.61,3983.2,9.06,14.62,132.45,4016.16,3971.41,4013.25,3976.06,4012.28,3980.71,-3.3669,6.3935,13.5392,5.5219,10.082,30.24,5.488,4.752,1.155,0.896,247.3,705168.48,5144161.77,705159.74,5144147.82,705156.83,5144133.86,69.2,,0,
kprcnn-adamiak-v2,Yakima-Toppenish_04_20260620,Yakima (arid),unseen,0,1,4005,3960,0,0.05068,4006.94,3974.18,4029.0,3982.26,22.06,8.08,178.33,4007.11,3974.34,4019.95,3979.52,4028.84,3977.58,-5.7675,5.2464,15.3109,4.9299,21.968,65.9,13.843,9.098,1.521,3.228,351.5,705141.32,5144152.97,705179.84,5144137.45,705206.51,5144143.27,47.16,,0,
kprcnn-adamiak-v2,Yakima-Toppenish_04_20260620,Yakima (arid),unseen,0,1,4020,3960,1,0.06688,4028.49,3978.4,4043.37,3983.72,14.87,5.32,79.07,4038.24,3982.22,4035.27,3981.23,4029.98,3978.9,2.2258,8.8892,9.1636,6.7595,8.906,26.72,3.137,5.777,0.543,0.185,158.1,705234.73,5144129.33,705225.81,5144132.32,705209.95,5144139.3,4.27,21,1,1.982
kprcnn-adamiak-v2,Yakima-Toppenish_04_20260620,Yakima (arid),unseen,0,1,4635,4125,1,0.05401,4635.0,4137.39,4655.21,4139.86,20.21,2.47,49.94,4651.4,4139.71,4647.09,4138.78,4638.81,4137.86,1.816,10.3662,16.8803,9.6875,12.727,38.18,4.406,8.335,0.529,0.289,171.6,707074.2,5143656.87,707061.28,5143659.65,707036.43,5143662.43,4.95,19,1,1.801
kprcnn-adamiak-v2,Yakima-Toppenish_04_20260620,Yakima (arid),unseen,0,1,4635,4140,1,0.14609,4635.0,4147.59,4649.85,4154.34,14.85,6.75,100.3,4635.83,4149.04,4640.45,4150.32,4647.38,4151.29,3.9606,6.138,17.5146,9.2044,11.768,35.31,4.796,6.997,0.685,0.379,349.0,707027.48,5143628.89,707041.34,5143625.03,707062.13,5143622.13,0.32,18,1,0.642
kprcnn-adamiak-v2,Yakima-Toppenish_04_20260620,Yakima (arid),unseen,0,1,5040,4260,1,0.08725,5051.22,4268.84,5064.0,4282.03,12.78,13.2,168.68,5061.87,4273.29,5058.59,4276.59,5055.64,4279.89,-1.8096,4.2002,9.8523,4.081,9.073,27.22,4.65,4.426,1.051,0.119,226.7,708305.61,5143256.13,708295.78,5143246.24,708286.93,5143236.34,377.11,,0,
kprcnn-adamiak-v2,Yakima-Toppenish_04_20260620,Yakima (arid),unseen,0,1,5055,4260,1,0.09104,5055.0,4280.72,5078.07,4281.81,23.07,1.09,25.17,5072.63,4281.4,5065.38,4281.13,5074.28,4281.4,-2.6843,5.8801,8.5794,3.9251,1.648,4.94,7.256,8.903,0.815,0.273,0.0,708337.9,5143231.8,708316.15,5143232.62,708342.84,5143231.8,353.97,,0,
kprcnn-adamiak-v2,Yakima-Toppenish_04_20260620,Yakima (arid),unseen,0,1,5070,4275,1,0.14508,5070.0,4295.67,5093.2,4296.88,23.2,1.21,27.99,5087.73,4296.42,5081.77,4296.12,5074.14,4296.12,-2.6827,7.5984,10.672,5.1959,13.594,40.78,5.974,7.624,0.784,0.169,178.7,708383.2,5143186.73,708365.3,5143187.64,708342.43,5143187.64,288.89,,0,
kprcnn-adamiak-v2,Yakima-Toppenish_04_20260620,Yakima (arid),unseen,0,1,5070,4275,0,0.06877,5070.0,4289.62,5088.28,4297.44,18.28,7.82,142.95,5088.11,4295.97,5079.47,4294.02,5073.49,4295.65,-4.0882,3.8067,11.0083,3.5756,14.627,43.88,8.859,6.2,1.429,1.762,178.7,708384.34,5143188.08,708358.42,5143193.94,708340.47,5143189.06,297.97,,0,
kprcnn-adamiak-v2,Yakima-Toppenish_04_20260620,Yakima (arid),unseen,0,1,5085,4290,1,0.31457,5085.0,4306.8,5105.57,4313.76,20.57,6.96,143.11,5102.09,4311.6,5095.45,4310.94,5088.48,4310.61,1.1085,6.5527,9.8014,5.8209,13.641,40.92,6.669,6.976,0.956,0.177,175.8,708426.27,5143141.19,708406.36,5143143.17,708385.45,5143144.17,229.29,,0,
kprcnn-adamiak-v2,Yakima-Toppenish_04_20260620,Yakima (arid),unseen,0,1,5085,4290,0,0.23445,5085.0,4310.6,5104.89,4311.85,19.89,1.25,24.83,5101.41,4311.38,5095.11,4311.38,5088.48,4311.07,0.6637,5.9832,9.3813,5.3427,12.934,38.8,6.299,6.638,0.949,0.152,178.6,708424.23,5143141.86,708405.34,5143141.86,708385.44,5143142.8,228.71,,0,
kprcnn-adamiak-v2,Yakima-Toppenish_04_20260620,Yakima (arid),unseen,0,1,5085,4305,1,0.20929,5096.32,4314.42,5109.0,4326.93,12.68,12.51,158.64,5096.48,4314.59,5103.63,4321.83,5099.73,4324.79,-4.4851,4.5762,11.3152,3.8021,10.709,32.13,10.18,4.9,2.078,4.618,287.7,708409.43,5143132.24,708430.9,5143110.52,708419.19,5143101.63,188.67,,0,
kprcnn-adamiak-v2,Yakima-Toppenish_04_20260620,Yakima (arid),unseen,0,1,5100,4305,1,0.10013,5100.0,4321.07,5114.87,4329.0,14.87,7.93,117.86,5112.39,4327.18,5106.77,4325.86,5111.4,4322.56,-1.4526,6.0606,10.683,5.097,4.729,14.19,5.77,5.684,1.015,5.215,102.1,708457.17,5143094.45,708440.32,5143098.41,708454.2,5143108.32,173.48,,0,
kprcnn-adamiak-v2,Yakima-Toppenish_04_20260620,Yakima (arid),unseen,0,1,5115,4335,1,0.10193,5119.0,4343.69,5128.41,4357.36,9.4,13.68,128.63,5128.25,4350.36,5123.71,4350.04,5121.44,4354.92,-4.7577,2.6833,10.0354,2.6537,8.195,24.59,4.552,5.386,0.845,2.796,213.8,708504.74,5143024.92,708491.12,5143025.89,708484.31,5143011.24,85.73,,0,
kprcnn-adamiak-v2,Yakima-Toppenish_04_20260620,Yakima (arid),unseen,0,1,5115,4335,0,0.05871,5121.36,4350.35,5139.0,4357.42,17.64,7.07,124.73,5134.84,4356.3,5127.85,4355.33,5135.84,4355.98,-3.653,2.3785,9.6482,2.7913,1.049,3.15,7.057,8.015,0.88,3.059,17.8,708524.52,5143007.11,708503.54,5143010.0,708527.51,5143008.07,66.33,,0,
kprcnn-adamiak-v2,Yakima-Toppenish_04_20260620,Yakima (arid),unseen,0,1,5130,4350,1,0.05478,5130.0,4366.99,5147.62,4373.82,17.62,6.82,120.28,5132.83,4371.38,5139.14,4371.38,5144.8,4370.73,5.4208,-0.269,8.7059,4.6192,11.989,35.97,6.318,5.69,1.11,0.343,3.1,708518.48,5142961.86,708537.43,5142961.86,708554.39,5142963.81,18.22,,0,
kprcnn-adamiak-v2,Yakima-Toppenish_04_20260620,Yakima (arid),unseen,0,1,5145,4380,1,0.05501,5150.02,4384.66,5159.14,4402.51,9.13,17.85,162.91,5158.98,4398.38,5154.74,4393.42,5157.02,4387.8,-5.6297,3.589,13.1105,3.69,10.758,32.27,6.522,6.066,1.075,3.265,100.5,708596.93,5142880.86,708584.22,5142895.74,708591.07,5142912.6,77.93,,0,
kprcnn-adamiak-v2,Yakima-Toppenish_04_20260620,Yakima (arid),unseen,0,1,5160,4395,1,0.06223,5163.16,4410.92,5184.0,4417.66,20.84,6.73,140.36,5167.29,4416.53,5172.59,4415.57,5180.53,4415.57,-2.7936,5.0166,9.6827,3.9686,13.269,39.81,5.38,7.941,0.678,0.576,4.2,708621.88,5142826.4,708637.76,5142829.29,708661.58,5142829.29,162.71,,0,
kprcnn-adamiak-v2,Yakima-Toppenish_04_20260620,Yakima (arid),unseen,0,1,5175,4410,1,0.10503,5175.0,4430.64,5199.0,4431.82,24.0,1.19,28.46,5193.5,4431.38,5187.17,4431.08,5179.5,4431.38,-2.7707,7.3929,8.8718,4.498,14.0,42.0,6.34,7.672,0.826,0.296,180.0,708700.5,5142781.87,708681.5,5142782.76,708658.5,5142781.87,142.75,,0,
kprcnn-adamiak-v2,Yakima-Toppenish_04_20260620,Yakima (arid),unseen,0,1,5175,4410,0,0.05211,5175.67,4420.57,5189.11,4432.02,13.44,11.45,153.88,5175.83,4420.73,5181.73,4425.97,5178.45,4429.89,-4.3002,3.0111,8.4675,2.3928,9.526,28.58,7.888,5.114,1.542,4.233,286.0,708647.49,5142813.8,708665.2,5142798.1,708655.36,5142786.32,164.98,,0,
kprcnn-adamiak-v2,Yakima-Toppenish_04_20260620,Yakima (arid),unseen,0,1,5205,4440,1,0.05525,5208.6,4449.77,5218.08,4463.22,9.49,13.46,127.64,5217.92,4460.11,5214.32,4457.48,5211.7,4460.76,-5.2233,3.3382,10.8326,2.9825,6.249,18.75,4.454,4.198,1.061,2.989,186.0,708773.76,5142695.68,708762.96,5142703.56,708755.11,5142693.71,34.18,,0,
kprcnn-adamiak-v2,Yakima-Toppenish_04_20260620,Yakima (arid),unseen,0,1,5220,4440,1,0.13537,5220.0,4454.57,5231.98,4461.78,11.98,7.21,86.32,5228.48,4460.63,5225.16,4458.34,5221.5,4455.06,6.2777,9.6234,13.2683,9.7231,8.935,26.8,4.041,4.912,0.823,0.281,141.4,708805.45,5142694.11,708795.47,5142700.99,708784.49,5142710.82,2.75,16,1,1.208
kprcnn-adamiak-v2,Yakima-Toppenish_04_20260620,Yakima (arid),unseen,0,1,5745,4650,1,0.44762,5754.33,4660.57,5769.0,4671.96,14.67,11.39,167.04,5757.75,4663.01,5761.99,4665.61,5766.56,4668.54,6.3448,12.3797,18.5039,12.4095,10.395,31.19,4.973,5.422,0.917,0.051,327.9,710393.26,5142086.97,710405.97,5142079.16,710419.67,5142070.37,1.17,13,1,0.78
kprcnn-adamiak-v2,Yakima-Toppenish_04_20260620,Yakima (arid),unseen,0,1,6300,4875,1,0.10389,6300.0,4895.79,6323.68,4896.89,23.68,1.11,26.26,6318.25,4896.48,6310.69,4896.2,6319.57,4896.48,-3.7521,4.3469,8.582,3.0589,1.315,3.95,7.568,8.883,0.852,0.277,0.0,712074.75,5141386.56,712052.06,5141387.4,712078.7,5141386.56,556.88,,0,
kprcnn-adamiak-v2,Yakima-Toppenish_04_20260620,Yakima (arid),unseen,0,1,6330,4905,1,0.1273,6335.97,4914.93,6344.64,4928.76,8.67,13.83,119.92,6344.48,4922.67,6340.63,4923.0,6337.74,4926.29,-4.918,2.9795,10.4644,2.842,7.656,22.97,3.868,4.381,0.883,1.533,208.2,712153.44,5141308.0,712141.88,5141307.01,712133.21,5141297.13,668.82,,0,
kprcnn-adamiak-v2,Yakima-Toppenish_04_20260620,Yakima (arid),unseen,0,1,3135,4935,1,0.07917,3137.25,4954.08,3157.23,4958.28,19.98,4.2,83.84,3153.73,4956.82,3147.74,4956.5,3141.74,4956.5,6.477,2.7608,8.458,5.8986,11.99,35.97,6.001,5.993,1.001,0.161,178.5,702581.19,5141205.53,702563.21,5141206.5,702545.23,5141206.5,27.43,,0,
kprcnn-adamiak-v2,Yakima-Toppenish_04_20260620,Yakima (arid),unseen,0,1,3150,4950,1,0.27591,3150.0,4957.22,3165.81,4968.61,15.81,11.39,180.03,3153.13,4958.04,3156.09,4961.94,3161.03,4965.85,2.2219,11.099,13.7481,9.023,11.111,33.33,4.902,6.297,0.779,0.694,315.3,702579.38,5141201.89,702588.28,5141190.17,702603.09,5141178.46,3.41,6,1,1.214
kprcnn-adamiak-v2,Yakima-Toppenish_04_20260620,Yakima (arid),unseen,0,1,6450,5010,1,0.05562,6450.0,5030.75,6474.0,5031.85,24.0,1.11,26.58,6469.83,5031.44,6460.83,5031.16,6454.17,5031.44,-2.5375,6.0259,8.8422,4.1102,15.667,47.0,9.004,6.672,1.349,0.277,180.0,712529.5,5140981.69,712502.5,5140982.52,712482.5,5140981.69,950.23,,0,
kprcnn-adamiak-v2,Yakima-Toppenish_04_20260620,Yakima (arid),unseen,0,1,6600,5145,1,0.11155,6600.0,5165.72,6624.0,5166.83,24.0,1.11,26.54,6619.83,5166.41,6612.17,5166.14,6604.17,5166.14,-3.9749,5.1792,9.7774,3.6606,15.669,47.01,7.672,8.0,0.959,0.141,179.0,712979.5,5140576.76,712956.5,5140577.59,712932.5,5140577.59,342.21,,0,
kprcnn-adamiak-v2,Yakima-Toppenish_04_20260620,Yakima (arid),unseen,0,1,6705,5250,1,0.19911,6716.06,5259.22,6729.0,5272.16,12.94,12.94,167.4,6725.85,5261.71,6722.86,5266.02,6719.55,5270.0,-3.4966,3.5717,14.8478,4.9743,10.417,31.25,5.246,5.182,1.012,0.232,232.8,713297.55,5140290.87,713288.59,5140277.93,713278.64,5140265.99,106.77,,0,
kprcnn-adamiak-v2,Yakima-Toppenish_04_20260620,Yakima (arid),unseen,0,1,6840,5400,1,0.11022,6845.13,5408.01,6853.79,5422.56,8.66,14.55,126.01,6847.63,5422.39,6849.63,5415.45,6851.96,5410.49,0.0242,3.3098,8.853,4.0623,12.666,38.0,7.225,5.48,1.318,0.496,70.0,713662.88,5139808.82,713668.88,5139829.65,713675.87,5139844.53,94.24,,0,
kprcnn-adamiak-v2,Yakima-Toppenish_04_20260620,Yakima (arid),unseen,0,1,6810,5415,1,0.08036,6820.37,5415.55,6829.31,5426.46,8.94,10.9,97.46,6822.52,5417.37,6824.51,5420.34,6827.16,5423.98,6.8975,8.7319,14.89,10.1731,8.071,24.21,3.576,4.497,0.795,0.081,305.1,713587.56,5139823.89,713593.52,5139814.97,713601.47,5139804.06,134.24,,0,
kprcnn-adamiak-v2,Yakima-Toppenish_04_20260620,Yakima (arid),unseen,0,1,6855,5415,1,0.05988,6855.0,5431.96,6873.47,5438.99,18.47,7.03,129.78,6869.35,5436.91,6864.4,5435.95,6870.34,5435.95,-2.0335,7.737,9.3256,5.0097,1.377,4.13,5.04,5.937,0.849,4.13,44.1,713728.05,5139765.27,713713.2,5139768.15,713731.01,5139768.15,25.32,,0,
kprcnn-adamiak-v2,Yakima-Toppenish_04_20260620,Yakima (arid),unseen,0,1,6855,5430,1,0.06542,6858.07,5440.15,6869.77,5452.22,11.7,12.07,141.23,6860.51,5441.29,6862.46,5444.88,6867.01,5450.1,4.0117,5.0821,16.8749,8.6562,10.947,32.84,4.084,6.925,0.59,0.562,306.4,713701.52,5139752.12,713707.37,5139741.36,713721.02,5139725.7,2.2,10,1,0.499
kprcnn-adamiak-v2,Yakima-Toppenish_04_20260620,Yakima (arid),unseen,0,1,6885,5460,1,0.15615,6885.0,5479.23,6902.27,5484.0,17.27,4.77,82.3,6902.1,5482.89,6895.13,5481.3,6900.78,5480.66,-4.9735,5.7007,8.1085,2.9452,2.59,7.77,7.153,5.682,1.259,5.173,120.9,713826.31,5139627.34,713805.39,5139632.1,713822.33,5139634.01,148.54,,0,
kprcnn-adamiak-v2,Yakima-Toppenish_04_20260620,Yakima (arid),unseen,0,1,3855,5490,1,0.06146,3862.28,5493.96,3868.78,5514.0,6.5,20.04,130.29,3864.72,5510.55,3866.02,5502.67,3863.74,5497.41,7.3172,0.7183,15.3053,7.7803,13.175,39.52,7.99,5.727,1.395,1.881,94.2,704714.16,5139544.35,704718.06,5139568.0,704711.23,5139583.76,2053.38,,0,
kprcnn-adamiak-v2,Yakima-Toppenish_04_20260620,Yakima (arid),unseen,0,1,6945,5550,1,0.13417,6945.0,5569.27,6968.06,5573.24,23.06,3.97,91.5,6951.1,5571.75,6957.03,5571.09,6964.27,5571.42,-2.5825,9.3052,8.7641,5.1623,13.183,39.55,5.967,7.256,0.822,0.512,1.4,713973.29,5139360.74,713991.08,5139362.72,714012.82,5139361.73,475.0,,0,
kprcnn-adamiak-v2,Yakima-Toppenish_04_20260620,Yakima (arid),unseen,0,1,6975,5595,1,0.05537,6981.3,5610.45,6999.0,5617.68,17.7,7.23,128.0,6994.9,5616.53,6988.02,5615.54,6994.9,5615.87,-3.4519,4.9032,9.6696,3.707,0.658,1.97,6.952,6.89,1.009,6.882,90.0,714104.71,5139226.41,714084.07,5139229.37,714104.71,5139228.38,637.51,,0,
kprcnn-adamiak-v2,Yakima-Toppenish_04_20260620,Yakima (arid),unseen,0,1,6990,5610,1,0.13049,6990.0,5626.94,7006.65,5634.0,16.65,7.06,117.48,7003.82,5631.27,6998.49,5630.95,6992.83,5630.95,-1.1122,5.5457,10.1382,4.8573,10.992,32.98,5.337,5.66,0.943,0.165,178.3,714131.45,5139182.18,714115.47,5139183.14,714098.49,5139183.14,693.37,,0,
kprcnn-adamiak-v2,Yakima-Toppenish_04_20260620,Yakima (arid),unseen,0,1,7020,5655,1,0.18181,7020.0,5671.94,7039.12,5679.0,19.12,7.06,134.95,7035.99,5676.91,7029.72,5675.95,7023.46,5676.27,3.0156,8.3283,9.5983,6.9807,12.541,37.62,6.336,6.271,1.01,0.641,177.1,714227.96,5139045.26,714209.17,5139048.14,714190.38,5139047.18,762.45,,0,
kprcnn-adamiak-v2,Yakima-Toppenish_04_20260620,Yakima (arid),unseen,0,1,7050,5700,1,0.16284,7050.0,5719.41,7070.84,5723.7,20.84,4.29,89.41,7067.36,5721.88,7060.75,5721.55,7067.36,5720.56,4.8723,8.0918,7.0523,6.6721,1.32,3.96,6.623,6.688,0.99,6.615,90.0,714322.09,5138910.35,714302.25,5138911.34,714322.09,5138914.31,597.01,,0,
kprcnn-adamiak-v2,Yakima-Toppenish_04_20260620,Yakima (arid),unseen,0,1,7080,5745,1,0.08895,7083.02,5765.45,7104.0,5766.79,20.98,1.34,28.08,7086.51,5766.39,7092.18,5766.12,7098.84,5765.85,2.1018,7.2625,7.6456,5.67,12.335,37.0,5.668,6.667,0.85,0.022,2.5,714379.54,5138776.84,714396.53,5138777.64,714416.51,5138778.44,433.41,,0,
kprcnn-adamiak-v2,Yakima-Toppenish_04_20260620,Yakima (arid),unseen,0,1,7080,5745,0,0.06292,7083.34,5764.99,7104.0,5765.0,20.66,0.0,0.07,7086.5,5765.16,7091.17,5765.16,7099.17,5765.16,0.3291,6.0455,7.6966,4.6904,12.665,38.0,4.666,7.999,0.583,0.0,0.0,714379.51,5138780.52,714393.5,5138780.52,714417.5,5138780.52,437.51,,0,
kprcnn-adamiak-v2,Yakima-Toppenish_04_20260620,Yakima (arid),unseen,0,1,7080,5745,0,0.05744,7080.0,5759.7,7102.97,5769.0,22.97,9.3,213.71,7085.83,5766.51,7091.82,5765.84,7099.14,5765.51,3.1017,6.404,8.54,6.0152,13.354,40.06,6.029,7.332,0.822,0.215,4.3,714377.48,5138776.48,714395.46,5138778.47,714417.43,5138779.47,434.71,,0,
kprcnn-adamiak-v2,Yakima-Toppenish_04_20260620,Yakima (arid),unseen,0,1,7095,5760,1,0.09529,7095.0,5777.0,7110.93,5784.0,15.93,7.0,111.48,7110.76,5781.83,7103.13,5781.17,7097.82,5780.83,-2.8357,6.5678,9.2627,4.3316,12.978,38.93,7.66,5.319,1.44,0.077,175.6,714452.28,5138730.5,714429.39,5138732.5,714413.46,5138733.5,377.58,,0,
kprcnn-adamiak-v2,Yakima-Toppenish_04_20260620,Yakima (arid),unseen,0,1,7125,5805,1,0.05144,7126.99,5825.42,7148.2,5826.77,21.21,1.35,28.66,7143.07,5826.36,7136.44,5826.09,7130.8,5826.36,-3.2768,7.5517,9.8349,4.7033,12.263,36.79,6.634,5.641,1.176,0.27,180.0,714549.2,5138596.91,714529.31,5138597.72,714512.41,5138596.91,209.86,,0,
kprcnn-adamiak-v2,Yakima-Toppenish_04_20260620,Yakima (arid),unseen,0,1,4410,5820,1,0.22574,4410.41,5838.71,4429.43,5842.88,19.02,4.18,79.41,4421.07,5838.87,4420.41,5840.15,4425.99,5841.76,-4.9773,9.262,10.8324,5.039,5.705,17.11,1.443,5.8,0.249,1.44,329.5,706383.21,5138559.39,706381.24,5138555.54,706397.96,5138550.72,113.72,,0,
kprcnn-adamiak-v2,Yakima-Toppenish_04_20260620,Yakima (arid),unseen,0,1,7140,5820,1,0.13849,7140.0,5837.01,7157.06,5844.0,17.06,6.99,119.24,7154.27,5841.84,7148.7,5841.17,7154.27,5839.84,-4.7818,5.1195,9.0792,3.139,1.996,5.99,5.618,5.735,0.98,5.579,90.0,714582.82,5138550.49,714566.09,5138552.48,714582.82,5138556.48,151.82,,0,
kprcnn-adamiak-v2,Yakima-Toppenish_04_20260620,Yakima (arid),unseen,0,1,7185,5880,1,0.05455,7187.84,5896.07,7209.0,5903.18,21.16,7.11,150.43,7191.97,5902.05,7197.26,5900.75,7191.31,5901.08,-3.613,7.4347,9.6674,4.4964,1.173,3.52,5.446,5.961,0.914,5.099,124.3,714695.91,5138369.86,714711.78,5138373.74,714693.93,5138372.77,81.5,,0,
kprcnn-adamiak-v2,Yakima-Toppenish_04_20260620,Yakima (arid),unseen,0,1,7200,5910,1,0.08852,7211.15,5919.48,7224.0,5931.97,12.85,12.49,160.48,7221.86,5922.93,7217.91,5925.89,7221.86,5921.95,-3.1651,5.7171,8.9498,3.8339,0.986,2.96,4.937,5.584,0.884,3.953,90.0,714785.58,5138307.2,714773.72,5138298.32,714785.58,5138310.16,178.15,,0,
kprcnn-adamiak-v2,Yakima-Toppenish_04_20260620,Yakima (arid),unseen,0,1,7200,5910,0,0.08726,7201.62,5928.97,7217.89,5934.0,16.27,5.03,81.82,7215.07,5931.64,7210.09,5931.64,7215.07,5930.7,-3.6659,2.2453,9.0208,2.5334,0.943,2.83,4.98,5.068,0.983,4.98,90.0,714765.2,5138281.07,714750.26,5138281.07,714765.2,5138283.9,176.26,,0,
kprcnn-adamiak-v2,Yakima-Toppenish_04_20260620,Yakima (arid),unseen,0,1,7245,5955,1,0.05758,7249.49,5963.05,7258.43,5977.63,8.94,14.57,130.23,7258.26,5974.15,7253.96,5970.18,7252.64,5975.14,-4.4211,3.1721,8.068,2.273,5.713,17.14,5.857,5.142,1.139,4.663,190.0,714894.79,5138153.55,714881.88,5138165.47,714877.91,5138150.57,349.05,,0,
kprcnn-adamiak-v2,Yakima-Toppenish_04_20260620,Yakima (arid),unseen,0,1,4335,6360,1,0.05942,4339.33,6370.95,4348.71,6382.86,9.38,11.91,111.75,4343.38,6373.1,4344.02,6376.74,4343.7,6381.04,5.942,9.5871,9.7716,8.4336,7.948,23.84,3.697,4.314,0.857,0.498,272.3,706150.13,5136956.7,706152.07,5136945.78,706151.1,5136932.88,194.59,,0,
kprcnn-adamiak-v2,Yakima-Toppenish_04_20260620,Yakima (arid),unseen,0,1,4335,6405,1,0.17586,4335.04,6417.22,4348.21,6428.54,13.17,11.32,149.03,4343.76,6419.05,4342.12,6422.38,4337.18,6425.38,2.4729,7.8392,11.245,7.1857,9.13,27.39,3.713,5.776,0.643,1.26,223.8,706151.29,5136818.84,706146.35,5136808.86,706131.54,5136799.87,58.19,,0,
kprcnn-adamiak-v2,Yakima-Toppenish_02_20260509,Yakima (arid),unseen,0,1,270,75,1,0.07929,270.64,93.27,284.37,97.94,13.73,4.67,64.12,273.42,97.17,277.02,95.61,281.92,96.54,-4.9039,-1.0242,12.5762,2.216,8.52,25.56,3.918,4.99,0.785,1.29,4.2,693940.26,5155784.5,693951.05,5155789.17,693965.75,5155786.37,2065.15,,0,
kprcnn-adamiak-v2,Yakima-Toppenish_02_20260509,Yakima (arid),unseen,0,1,285,210,1,0.14821,285.0,228.79,301.62,233.64,16.62,4.85,80.57,290.82,232.83,294.8,231.22,299.13,230.57,-4.5622,6.2994,8.7812,3.5061,8.612,25.84,4.303,4.369,0.985,0.511,15.2,693992.45,5155377.51,694004.41,5155382.35,694017.38,5155384.29,1746.23,,0,
kprcnn-adamiak-v2,Yakima-Toppenish_02_20260509,Yakima (arid),unseen,0,1,675,480,1,0.11686,675.0,499.42,693.91,503.89,18.91,4.46,84.38,679.48,501.5,685.78,501.5,680.14,501.18,-2.5977,7.0248,7.4735,3.9669,0.736,2.21,6.302,5.648,1.116,2.73,25.7,695158.43,5154571.51,695177.34,5154571.51,695160.42,5154572.47,346.74,,0,
kprcnn-adamiak-v2,Yakima-Toppenish_02_20260509,Yakima (arid),unseen,0,1,690,510,1,0.32018,690.0,529.16,711.37,533.35,21.37,4.2,89.68,707.26,531.9,701.34,531.25,707.59,530.93,-4.8246,9.0648,10.5916,4.9439,1.023,3.07,5.953,6.255,0.952,5.811,71.2,695241.78,5154480.3,695224.03,5154482.24,695242.77,5154483.2,246.15,,0,
kprcnn-adamiak-v2,Yakima-Toppenish_02_20260509,Yakima (arid),unseen,0,1,735,600,1,0.25941,735.36,619.1,756.44,623.84,21.08,4.74,99.91,741.12,622.1,746.39,621.47,740.13,619.89,-2.8098,10.0982,5.9039,4.3974,2.422,7.27,5.309,6.455,0.822,5.07,114.1,695343.36,5154209.69,695359.18,5154211.59,695340.4,5154216.33,60.94,,0,
kprcnn-adamiak-v2,Yakima-Toppenish_02_20260509,Yakima (arid),unseen,0,1,840,915,1,0.17706,840.88,933.87,859.55,938.41,18.67,4.54,84.82,845.96,937.6,850.55,935.98,856.44,935.98,-3.6553,7.8367,9.5337,4.5717,10.606,31.82,4.864,5.896,0.825,0.902,8.8,695657.88,5153263.2,695671.64,5153268.07,695689.32,5153268.07,473.72,,0,
kprcnn-adamiak-v2,Yakima-Toppenish_02_20260509,Yakima (arid),unseen,0,1,330,930,1,0.15645,331.37,942.45,345.76,954.0,14.39,11.55,166.21,343.31,946.24,337.75,947.56,343.31,951.19,-1.7508,11.5661,13.0632,7.6262,4.95,14.85,5.714,6.64,0.861,5.56,270.0,694149.92,5153237.27,694133.24,5153233.31,694149.92,5153222.42,168.16,,0,
kprcnn-adamiak-v2,Yakima-Toppenish_02_20260509,Yakima (arid),unseen,0,1,360,990,1,0.17242,364.08,997.84,375.2,1014.0,11.12,16.16,179.67,371.11,1010.21,369.81,1004.93,372.09,1010.87,-0.5949,12.6574,12.7081,8.2569,1.182,3.55,5.436,6.362,0.854,3.649,326.1,694233.34,5153045.38,694229.42,5153061.21,694236.28,5153043.4,126.39,,0,
kprcnn-adamiak-v2,Yakima-Toppenish_02_20260509,Yakima (arid),unseen,0,1,1335,1350,1,0.0592,1339.2,1359.03,1348.65,1371.91,9.45,12.88,121.78,1348.49,1367.12,1344.25,1365.47,1342.3,1369.76,-4.5826,5.79,14.975,5.3941,6.733,20.2,4.548,4.719,0.964,3.182,203.1,697165.47,5151974.63,697152.76,5151979.59,697146.89,5151966.71,22.13,,0,
kprcnn-adamiak-v2,Yakima-Toppenish_02_20260509,Yakima (arid),unseen,0,1,1995,1830,1,0.05823,1995.0,1848.96,2013.09,1853.76,18.09,4.8,86.87,1999.77,1852.96,2005.36,1851.04,1998.45,1850.4,-4.9179,8.4328,12.4841,5.333,2.879,8.64,5.913,6.938,0.852,5.852,117.2,699119.31,5150517.11,699136.09,5150522.87,699115.36,5150524.79,1676.55,,0,
kprcnn-adamiak-v2,Yakima-Toppenish_02_20260509,Yakima (arid),unseen,0,1,2670,2355,1,0.05948,2672.16,2369.08,2694.0,2377.54,21.84,8.47,184.92,2693.83,2375.75,2686.56,2375.1,2677.95,2376.08,-4.0701,4.6275,9.1884,3.2486,15.886,47.66,7.309,8.658,0.844,0.8,181.2,701201.5,5148948.74,701179.67,5148950.7,701153.86,5148947.77,163.33,,0,
kprcnn-adamiak-v2,Yakima-Toppenish_02_20260509,Yakima (arid),unseen,0,1,2715,2385,1,0.36211,2724.41,2396.5,2739.0,2409.0,14.59,12.5,182.46,2736.18,2405.87,2733.2,2402.91,2728.22,2398.64,8.1108,10.75,17.3818,12.0809,10.759,32.28,4.205,6.561,0.641,0.183,137.7,701328.54,5148858.38,701319.59,5148867.26,701304.66,5148880.09,0.63,24,1,0.809
kprcnn-adamiak-v2,Yakima-Toppenish_02_20260509,Yakima (arid),unseen,0,1,2835,2490,1,0.05437,2835.0,2507.52,2852.31,2514.0,17.31,6.48,112.08,2849.48,2512.54,2843.82,2511.25,2836.83,2511.9,-3.3485,8.3271,13.1916,6.0567,12.664,37.99,5.804,7.019,0.827,1.004,177.1,701668.43,5148538.37,701651.46,5148542.26,701630.49,5148540.31,38.29,,0,
kprcnn-adamiak-v2,Yakima-Toppenish_02_20260509,Yakima (arid),unseen,0,1,2835,2505,1,0.10409,2847.07,2513.65,2859.0,2526.35,11.93,12.71,151.53,2857.18,2519.67,2853.87,2520.98,2856.85,2516.09,-4.7702,4.7017,13.9279,4.6198,3.599,10.8,3.56,5.725,0.622,3.419,95.3,701691.53,5148516.98,701681.6,5148513.07,701690.54,5148527.73,78.12,,0,
kprcnn-adamiak-v2,Yakima-Toppenish_02_20260509,Yakima (arid),unseen,0,1,2850,2505,1,0.09176,2850.0,2522.59,2871.13,2529.0,21.13,6.41,135.4,2867.66,2527.56,2859.41,2526.28,2867.66,2526.6,-4.4441,8.4075,10.4245,4.796,0.961,2.88,8.352,8.259,1.011,8.253,90.0,701722.98,5148493.33,701698.22,5148497.17,701722.98,5148496.21,100.72,,0,
kprcnn-adamiak-v2,Yakima-Toppenish_02_20260509,Yakima (arid),unseen,0,1,2850,2505,0,0.08523,2850.0,2525.66,2869.85,2526.83,19.85,1.17,23.17,2866.38,2526.39,2858.77,2526.1,2866.71,2526.39,-6.3976,7.3847,10.0503,3.6791,0.331,0.99,7.616,7.946,0.958,0.292,0.0,701719.14,5148496.82,701696.3,5148497.69,701720.13,5148496.82,98.84,,0,
kprcnn-adamiak-v2,Yakima-Toppenish_02_20260509,Yakima (arid),unseen,0,1,2850,2520,1,0.08406,2862.19,2528.46,2874.0,2541.32,11.81,12.86,151.86,2862.36,2528.62,2869.24,2536.54,2871.54,2530.6,-5.1501,4.887,11.9159,3.8843,9.393,28.18,10.492,6.365,1.648,6.287,347.8,701707.07,5148490.13,701727.73,5148466.38,701734.62,5148484.19,142.71,,0,
kprcnn-adamiak-v2,Yakima-Toppenish_02_20260509,Yakima (arid),unseen,0,1,2865,2520,1,0.0518,2865.0,2540.72,2887.78,2541.8,22.78,1.09,24.75,2883.98,2541.4,2874.74,2541.12,2868.47,2541.4,-4.2371,6.6617,7.9151,3.4466,15.516,46.55,9.247,6.278,1.473,0.272,180.0,701771.95,5148451.81,701744.22,5148452.63,701725.4,5148451.81,164.17,,0,
kprcnn-adamiak-v2,Yakima-Toppenish_02_20260509,Yakima (arid),unseen,0,1,2880,2535,1,0.28376,2880.0,2555.64,2904.0,2556.78,24.0,1.13,27.23,2899.83,2556.35,2890.83,2556.35,2883.83,2556.07,0.43,7.5828,7.8429,5.2852,16.003,48.01,9.0,7.006,1.285,0.16,179.0,701819.5,5148406.94,701792.5,5148406.94,701771.5,5148407.79,230.43,,0,
kprcnn-adamiak-v2,Yakima-Toppenish_02_20260509,Yakima (arid),unseen,0,1,2895,2550,1,0.24071,2895.0,2570.61,2919.0,2571.78,24.0,1.17,28.09,2914.83,2571.34,2905.83,2571.04,2899.17,2571.34,-3.9812,10.1189,9.8804,5.3394,15.667,47.0,9.005,6.673,1.349,0.293,180.0,701864.5,5148361.99,701837.5,5148362.87,701817.5,5148361.99,293.25,,0,
kprcnn-adamiak-v2,Yakima-Toppenish_02_20260509,Yakima (arid),unseen,0,1,2895,2550,0,0.08816,2895.37,2564.72,2913.09,2573.11,17.72,8.38,148.53,2912.92,2571.66,2905.7,2570.37,2898.81,2571.33,-4.8798,7.5084,9.8067,4.1451,14.111,42.33,7.332,6.957,1.054,1.125,178.7,701858.77,5148361.03,701837.11,5148364.9,701816.44,5148362.0,291.63,,0,
kprcnn-adamiak-v2,Yakima-Toppenish_02_20260509,Yakima (arid),unseen,0,1,2895,2550,0,0.05616,2895.0,2569.41,2919.0,2573.27,24.0,3.86,92.64,2914.83,2571.83,2905.83,2571.18,2899.17,2571.5,-2.936,10.6329,9.9244,5.8738,15.67,47.01,9.023,6.674,1.352,0.458,178.8,701864.5,5148360.52,701837.5,5148362.45,701817.5,5148361.49,293.52,,0,
kprcnn-adamiak-v2,Yakima-Toppenish_02_20260509,Yakima (arid),unseen,0,1,2910,2565,1,0.09689,2910.0,2585.62,2934.0,2586.75,24.0,1.13,27.03,2929.83,2586.33,2922.17,2586.04,2929.83,2586.04,-1.0237,7.9735,7.7786,4.9095,0.282,0.84,7.672,7.667,1.001,7.667,90.0,701909.5,5148317.02,701886.5,5148317.87,701909.5,5148317.87,359.75,,0,
kprcnn-adamiak-v2,Yakima-Toppenish_02_20260509,Yakima (arid),unseen,0,1,2910,2565,0,0.06716,2911.43,2578.97,2928.13,2587.31,16.7,8.34,139.22,2915.85,2586.51,2920.1,2583.94,2924.03,2580.42,-3.4997,4.442,9.5169,3.4864,10.204,30.61,4.97,5.28,0.941,0.484,36.7,701867.54,5148316.48,701880.31,5148324.17,701892.1,5148334.75,350.94,,0,
kprcnn-adamiak-v2,Yakima-Toppenish_02_20260509,Yakima (arid),unseen,0,1,3585,3405,1,0.08661,3597.43,3415.31,3609.0,3427.95,11.57,12.63,146.16,3607.18,3417.81,3604.21,3420.13,3599.25,3420.8,-2.6561,4.2705,14.0389,5.2178,8.479,25.44,3.777,5.003,0.755,1.128,200.7,703941.55,5145822.58,703932.62,5145815.6,703917.75,5145813.6,29.63,,0,
kprcnn-adamiak-v2,Yakima-Toppenish_02_20260509,Yakima (arid),unseen,0,1,3645,3540,1,0.12171,3645.0,3556.74,3663.85,3564.0,18.85,7.26,136.81,3660.38,3561.53,3654.75,3560.87,3648.47,3560.87,3.6682,9.9286,8.9585,7.5184,11.922,35.77,5.66,6.282,0.901,0.348,176.8,704101.13,5145391.42,704084.26,5145393.4,704065.42,5145393.4,184.51,,0,
kprcnn-adamiak-v2,Yakima-Toppenish_02_20260509,Yakima (arid),unseen,0,1,3660,3570,1,0.23791,3660.0,3586.54,3679.99,3594.0,19.99,7.46,149.19,3675.16,3591.24,3670.16,3590.92,3676.49,3591.24,-0.5466,10.7294,8.2486,6.1438,1.333,4.0,5.008,6.338,0.79,0.325,0.0,704145.47,5145302.28,704130.48,5145303.25,704149.47,5145302.28,254.69,,0,
kprcnn-adamiak-v2,Yakima-Toppenish_02_20260509,Yakima (arid),unseen,0,1,3675,3600,1,0.28803,3675.07,3619.16,3696.52,3623.34,21.45,4.18,89.77,3692.73,3621.9,3686.46,3621.25,3680.52,3620.61,0.0107,9.8012,7.908,5.9066,12.278,36.84,6.303,5.975,1.055,0.017,174.0,704198.19,5145210.31,704179.37,5145212.24,704161.55,5145214.18,151.95,,0,
kprcnn-adamiak-v2,Yakima-Toppenish_02_20260509,Yakima (arid),unseen,0,1,3690,3630,1,0.06175,3694.6,3645.52,3714.0,3652.92,19.4,7.39,143.46,3707.92,3651.15,3702.0,3650.18,3697.39,3650.83,3.522,7.3383,6.4738,5.778,10.527,31.58,5.997,4.648,1.29,0.783,178.2,704243.75,5145122.55,704225.99,5145125.45,704212.18,5145123.52,55.94,,0,
kprcnn-adamiak-v2,Yakima-Toppenish_02_20260509,Yakima (arid),unseen,0,1,3720,3690,1,0.07138,3725.64,3708.7,3744.0,3713.17,18.36,4.47,82.16,3738.92,3709.81,3734.0,3711.41,3740.88,3711.73,-1.3199,8.3659,9.3954,5.4804,2.747,8.24,5.172,6.894,0.75,4.577,315.7,704336.75,5144946.56,704321.99,5144941.76,704342.65,5144940.8,156.27,,0,
kprcnn-adamiak-v2,Yakima-Toppenish_02_20260509,Yakima (arid),unseen,0,1,3750,3735,1,0.10009,3750.0,3751.89,3767.48,3759.0,17.48,7.11,124.34,3764.35,3754.64,3758.08,3755.93,3753.13,3756.25,1.3843,6.31,8.99,5.5615,11.331,33.99,6.399,4.958,1.291,0.386,188.2,704413.05,5144812.09,704394.24,5144808.21,704379.4,5144807.24,307.62,,0,
kprcnn-adamiak-v2,Yakima-Toppenish_02_20260509,Yakima (arid),unseen,0,1,3780,3780,1,0.05184,3780.0,3796.99,3798.15,3803.85,18.15,6.86,124.59,3793.37,3798.13,3788.42,3801.07,3783.14,3801.4,-0.189,5.8478,9.8126,5.1571,10.74,32.22,5.758,5.291,1.088,1.296,197.7,704500.1,5144681.61,704485.25,5144672.78,704469.41,5144671.8,470.71,,0,
kprcnn-adamiak-v2,Yakima-Toppenish_02_20260509,Yakima (arid),unseen,0,1,4005,3960,1,0.07759,4009.09,3966.85,4018.87,3984.0,9.78,17.15,167.76,4018.38,3972.95,4013.49,3975.59,4011.86,3968.33,2.0249,7.8991,13.563,7.829,7.99,23.97,5.557,7.437,0.747,4.98,144.7,705175.13,5144157.15,705160.46,5144149.23,705155.57,5144171.0,15.66,14,1,3.987
kprcnn-adamiak-v2,Yakima-Toppenish_02_20260509,Yakima (arid),unseen,0,1,4020,3975,1,0.06389,4032.33,3982.78,4044.0,3997.42,11.67,14.65,170.89,4037.03,3985.27,4038.98,3991.27,4035.41,3994.93,-4.9031,8.3244,8.8401,4.0871,9.788,29.37,6.299,5.111,1.233,2.91,260.5,705231.1,5144120.18,705236.93,5144102.2,705226.23,5144091.22,83.69,,0,
kprcnn-adamiak-v2,Yakima-Toppenish_02_20260509,Yakima (arid),unseen,0,1,4560,4110,1,0.06316,4569.99,4119.87,4583.95,4133.09,13.96,13.21,184.48,4581.79,4122.35,4578.13,4126.64,4581.12,4122.02,-4.6715,8.223,8.9802,4.1772,0.742,2.23,5.64,5.508,1.024,5.473,153.6,706865.37,5143708.95,706854.4,5143696.07,706863.37,5143709.94,337.9,,0,
kprcnn-adamiak-v2,Yakima-Toppenish_02_20260509,Yakima (arid),unseen,0,1,5055,4260,1,0.15489,5055.0,4280.67,5077.1,4281.81,22.1,1.14,25.16,5073.31,4281.38,5065.06,4281.1,5058.13,4281.38,-5.0118,7.326,9.3787,3.8976,15.175,45.52,8.252,6.933,1.19,0.285,180.0,708339.93,5143231.86,708315.18,5143232.71,708294.4,5143231.86,1194.68,,0,
kprcnn-adamiak-v2,Yakima-Toppenish_02_20260509,Yakima (arid),unseen,0,1,5070,4275,1,0.09828,5071.45,4289.23,5088.73,4297.37,17.29,8.14,140.69,5088.57,4295.58,5079.26,4293.62,5074.6,4295.58,-5.1774,5.8766,11.3011,4.0001,13.962,41.89,9.511,5.047,1.884,1.953,180.0,708385.7,5143189.27,708357.77,5143195.13,708343.81,5143189.27,1246.74,,0,
kprcnn-adamiak-v2,Yakima-Toppenish_02_20260509,Yakima (arid),unseen,0,1,5070,4275,0,0.08066,5070.0,4295.62,5094.0,4296.8,24.0,1.18,28.22,5089.83,4296.36,5081.17,4296.06,5074.17,4296.36,-3.1622,7.8188,11.1951,5.2839,15.665,47.0,8.671,7.006,1.238,0.294,180.0,708389.49,5143186.93,708363.5,5143187.81,708342.5,5143186.93,1254.49,,0,
kprcnn-adamiak-v2,Yakima-Toppenish_02_20260509,Yakima (arid),unseen,0,1,2505,4305,1,0.07234,2513.2,4323.71,2526.73,4329.0,13.52,5.29,71.58,2515.68,4324.87,2518.32,4326.85,2524.58,4327.84,3.2982,8.4859,3.2311,5.0051,9.391,28.17,3.302,6.346,0.52,1.046,341.5,700667.03,5143101.4,700674.95,5143095.45,700693.75,5143092.47,6.66,2,1,3.447
kprcnn-adamiak-v2,Yakima-Toppenish_02_20260509,Yakima (arid),unseen,0,1,5085,4305,1,0.0535,5095.74,4315.05,5109.0,4326.88,13.26,11.83,156.86,5099.55,4315.22,5103.53,4321.79,5106.85,4317.52,-3.681,5.5391,11.797,4.5517,7.647,22.94,7.683,5.407,1.421,5.072,342.5,708418.66,5143130.35,708430.59,5143110.63,708440.54,5143123.45,1343.69,,0,
kprcnn-adamiak-v2,Yakima-Toppenish_02_20260509,Yakima (arid),unseen,0,1,2505,4320,1,0.18462,2513.23,4321.28,2525.23,4338.17,12.01,16.88,202.71,2515.66,4324.76,2519.23,4329.06,2525.07,4334.36,2.6192,10.6491,13.9233,9.0639,13.444,40.33,5.591,7.885,0.709,0.463,314.4,700666.98,5143101.73,700677.69,5143088.82,700695.21,5143072.93,0.65,2,1,0.665
kprcnn-adamiak-v2,Yakima-Toppenish_02_20260509,Yakima (arid),unseen,0,1,5115,4335,1,0.18562,5119.16,4344.32,5128.75,4357.53,9.6,13.21,126.76,5128.59,4357.36,5124.95,4351.42,5121.64,4355.05,-3.9156,3.9339,11.3397,3.786,7.323,21.97,6.97,4.914,1.419,4.492,161.6,708505.76,5143003.91,708494.84,5143021.75,708484.92,5143010.85,1436.59,,0,
kprcnn-adamiak-v2,Yakima-Toppenish_02_20260509,Yakima (arid),unseen,0,1,5115,4335,0,0.16602,5120.82,4350.38,5139.0,4357.54,18.18,7.17,130.28,5133.22,4353.47,5127.6,4355.1,5135.86,4356.08,0.1482,6.8916,9.0836,5.3745,3.713,11.14,5.851,8.321,0.703,5.104,315.4,708519.65,5143015.59,708502.79,5143010.71,708527.58,5143007.77,1448.26,,0,
kprcnn-adamiak-v2,Yakima-Toppenish_02_20260509,Yakima (arid),unseen,0,1,5115,4335,0,0.05834,5117.24,4353.98,5138.85,4357.88,21.61,3.89,84.09,5133.36,4354.79,5128.38,4355.77,5121.4,4356.09,-1.8925,10.4188,11.0055,6.5106,12.037,36.11,5.08,6.988,0.727,0.43,186.2,708520.09,5143011.62,708505.14,5143008.7,708484.19,5143007.72,1451.21,,0,
kprcnn-adamiak-v2,Yakima-Toppenish_02_20260509,Yakima (arid),unseen,0,1,5130,4350,1,0.27721,5130.0,4366.92,5148.05,4373.88,18.05,6.96,125.63,5133.77,4372.72,5139.35,4371.07,5145.26,4370.4,-5.4564,8.7947,11.5059,4.948,11.717,35.15,5.819,5.944,0.979,0.52,11.4,708521.32,5142957.83,708538.06,5142962.8,708555.78,5142964.79,1499.99,,0,
kprcnn-adamiak-v2,Yakima-Toppenish_02_20260509,Yakima (arid),unseen,0,1,5130,4365,1,0.14325,5139.59,4366.02,5147.43,4386.88,7.84,20.86,163.52,5147.26,4380.75,5143.67,4376.78,5145.3,4369.5,-4.5371,6.3909,11.4393,4.431,11.428,34.28,5.357,7.466,0.718,2.858,99.9,708561.79,5142933.74,708551.01,5142945.66,708555.91,5142967.51,1518.95,,0,
kprcnn-adamiak-v2,Yakima-Toppenish_02_20260509,Yakima (arid),unseen,0,1,5130,4365,0,0.07847,5138.05,4376.68,5154.0,4389.0,15.95,12.32,196.47,5151.18,4380.84,5148.52,4383.84,5143.2,4385.84,-2.0501,7.1866,11.6583,5.5983,9.41,28.23,4.005,5.68,0.705,1.129,212.0,708573.53,5142933.47,708565.55,5142924.48,708549.6,5142918.49,1541.13,,0,
kprcnn-adamiak-v2,Yakima-Toppenish_02_20260509,Yakima (arid),unseen,0,1,5145,4380,1,0.0793,5150.19,4384.29,5159.29,4402.5,9.1,18.21,165.74,5159.13,4393.06,5156.2,4395.38,5153.93,4399.68,-4.3209,5.369,8.6438,3.2307,8.42,25.26,3.732,4.868,0.767,0.869,231.8,708597.38,5142896.82,708588.6,5142889.87,708581.78,5142876.95,1576.98,,0,
kprcnn-adamiak-v2,Yakima-Toppenish_02_20260509,Yakima (arid),unseen,0,1,5160,4395,1,0.15262,5166.18,4410.31,5184.0,4417.67,17.82,7.36,131.11,5166.35,4410.47,5172.95,4415.27,5180.87,4415.91,-5.1782,7.5601,11.5037,4.6285,15.502,46.51,8.159,7.944,1.027,2.179,339.5,708619.05,5142844.59,708638.84,5142830.19,708662.6,5142828.27,1648.75,,0,
kprcnn-adamiak-v2,Yakima-Toppenish_02_20260509,Yakima (arid),unseen,0,1,5160,4395,0,0.11219,5162.15,4413.99,5184.0,4418.11,21.85,4.12,90.11,5179.86,4417.32,5173.57,4416.05,5166.62,4416.37,-6.2673,11.6141,13.4799,6.2756,13.277,39.83,6.417,6.96,0.922,0.815,175.9,708659.58,5142824.04,708640.71,5142827.85,708619.86,5142826.9,1651.48,,0,
kprcnn-adamiak-v2,Yakima-Toppenish_02_20260509,Yakima (arid),unseen,0,1,5160,4395,0,0.11139,5164.27,4404.65,5173.82,4418.12,9.55,13.47,128.69,5173.66,4415.0,5170.69,4413.03,5166.74,4415.65,-3.8814,2.7971,14.9795,4.6317,6.948,20.84,3.56,4.747,0.75,2.243,185.4,708640.97,5142831.01,708632.07,5142836.92,708620.22,5142829.04,1639.64,,0,
kprcnn-adamiak-v2,Yakima-Toppenish_02_20260509,Yakima (arid),unseen,0,1,5175,4410,1,0.09656,5176.14,4419.96,5189.19,4431.6,13.05,11.64,151.91,5189.02,4428.11,5181.85,4425.78,5185.43,4421.79,-4.6999,3.7079,10.486,3.1647,7.267,21.8,7.546,5.367,1.406,5.091,119.6,708687.07,5142791.68,708665.54,5142798.66,708676.3,5142810.63,1687.02,,0,
kprcnn-adamiak-v2,Yakima-Toppenish_02_20260509,Yakima (arid),unseen,0,1,5175,4410,0,0.07067,5175.32,4430.57,5199.0,4431.75,23.68,1.18,27.96,5179.43,4431.31,5187.32,4431.31,5194.89,4431.31,-3.7503,5.0229,10.9045,4.059,15.459,46.38,7.894,7.565,1.043,0.0,0.0,708658.29,5142782.07,708681.97,5142782.07,708704.67,5142782.07,1709.32,,0,
kprcnn-adamiak-v2,Yakima-Toppenish_02_20260509,Yakima (arid),unseen,0,1,2610,4425,1,0.0611,2613.97,4437.44,2634.0,4439.48,20.03,2.04,40.79,2632.19,4438.46,2627.27,4438.46,2620.7,4439.04,3.1067,8.2203,13.6582,8.3284,11.51,34.53,4.927,6.594,0.747,0.249,182.9,701016.58,5142760.63,701001.8,5142760.63,700982.09,5142758.88,461.6,,0,
kprcnn-adamiak-v2,Yakima-Toppenish_02_20260509,Yakima (arid),unseen,0,1,5190,4425,1,0.06753,5190.48,4435.62,5203.84,4447.41,13.35,11.79,157.42,5203.67,4447.24,5197.16,4441.68,5193.9,4445.28,-4.3233,4.5754,9.4781,3.2434,9.966,29.9,8.569,4.856,1.764,4.173,168.6,708731.02,5142734.27,708711.48,5142750.97,708701.71,5142740.16,1750.06,,0,
kprcnn-adamiak-v2,Yakima-Toppenish_02_20260509,Yakima (arid),unseen,0,1,5235,4470,1,0.09148,5247.02,4478.13,5259.0,4491.68,11.98,13.55,162.28,5247.19,4478.3,5254.18,4486.23,5256.17,4480.61,-6.6734,7.3356,13.4452,4.7024,9.276,27.83,10.57,5.962,1.773,5.938,345.6,708861.57,5142641.1,708882.53,5142617.31,708888.52,5142634.16,1964.52,,0,
kprcnn-adamiak-v2,Yakima-Toppenish_02_20260509,Yakima (arid),unseen,0,1,2820,4590,1,0.07282,2820.0,4609.86,2838.08,4613.18,18.08,3.32,60.01,2823.78,4612.68,2828.38,4611.35,2833.97,4611.02,-5.4341,5.3803,12.06,4.0021,10.323,30.97,4.789,5.597,0.856,0.571,9.3,701591.34,5142237.95,701605.14,5142241.94,701621.91,5142242.93,108.8,,0,
kprcnn-adamiak-v2,Yakima-Toppenish_02_20260509,Yakima (arid),unseen,0,1,2820,4635,1,0.11376,2831.56,4638.92,2844.0,4655.14,12.44,16.22,201.74,2834.67,4641.74,2837.94,4646.04,2841.87,4650.01,8.0887,13.4873,13.8019,11.7926,10.969,32.91,5.406,5.586,0.968,0.356,311.0,701624.01,5142150.79,701633.83,5142137.88,701645.62,5142125.97,1.32,3,1,1.46
kprcnn-adamiak-v2,Yakima-Toppenish_02_20260509,Yakima (arid),unseen,0,1,5790,4665,1,0.10335,5793.83,4673.43,5802.68,4688.01,8.85,14.58,128.98,5801.2,4676.25,5798.91,4681.22,5797.6,4685.53,-6.0371,7.0228,12.1413,4.3757,9.954,29.86,5.474,4.503,1.216,0.338,248.8,710523.6,5142047.25,710516.72,5142032.34,710512.79,5142019.42,1127.8,,0,
kprcnn-adamiak-v2,Yakima-Toppenish_02_20260509,Yakima (arid),unseen,0,1,2985,4815,1,0.07706,2985.6,4826.41,2997.79,4838.26,12.19,11.85,144.46,2994.99,4836.45,2992.02,4832.5,2991.7,4828.22,-5.3205,7.9561,13.6921,5.4426,8.866,26.6,4.939,4.293,1.151,1.284,111.8,702104.97,5141566.65,702096.07,5141578.5,702095.09,5141591.34,724.46,,0,
kprcnn-adamiak-v2,Yakima-Toppenish_02_20260509,Yakima (arid),unseen,0,1,6135,4830,1,0.06913,6135.0,4830.26,6153.1,4831.97,18.1,1.72,31.04,6148.98,4830.97,6144.05,4830.97,6137.8,4830.97,4.9996,10.262,12.3608,9.2074,11.187,33.56,4.936,6.252,0.789,0.0,180.0,711566.95,5141583.08,711552.15,5141583.08,711533.39,5141583.08,1.4,10,1,1.096
kprcnn-adamiak-v2,Yakima-Toppenish_02_20260509,Yakima (arid),unseen,0,1,6330,4890,1,0.07573,6334.77,4907.53,6344.3,4913.53,9.54,6.0,57.21,6344.14,4907.69,6339.54,4909.36,6336.25,4911.36,-3.7025,-1.595,11.6159,2.1061,8.702,26.1,4.896,3.848,1.272,0.428,204.9,712152.42,5141352.92,712138.61,5141347.92,712128.75,5141341.92,632.72,,0,
kprcnn-adamiak-v2,Yakima-Toppenish_02_20260509,Yakima (arid),unseen,0,1,6330,4905,1,0.14468,6335.46,4914.72,6344.17,4928.49,8.72,13.77,119.98,6344.01,4922.42,6340.46,4923.73,6336.91,4925.7,-5.5162,3.2337,11.5173,3.0783,7.821,23.46,3.785,4.059,0.933,0.298,204.8,712152.03,5141308.73,712141.38,5141304.8,712130.72,5141298.9,652.57,,0,
kprcnn-adamiak-v2,Yakima-Toppenish_02_20260509,Yakima (arid),unseen,0,1,6615,5160,1,0.05539,6615.51,5176.08,6639.0,5183.09,23.49,7.01,164.63,6621.63,5181.98,6627.92,5180.7,6638.83,5181.34,-5.2028,6.2006,8.3502,3.116,17.218,51.66,6.415,10.938,0.586,1.041,2.1,712984.88,5140530.07,713003.75,5140533.89,713036.5,5140531.98,424.54,,0,
kprcnn-adamiak-v2,Yakima-Toppenish_02_20260509,Yakima (arid),unseen,0,1,6705,5250,1,0.07506,6716.17,5259.1,6728.87,5271.99,12.7,12.88,163.6,6728.71,5269.18,6723.5,5266.86,6719.59,5269.84,-5.6795,4.4411,14.8825,4.548,9.141,27.42,5.7,4.91,1.161,2.683,184.1,713306.12,5140268.47,713290.49,5140275.41,713278.77,5140266.49,42.28,,0,
kprcnn-adamiak-v2,Yakima-Toppenish_02_20260509,Yakima (arid),unseen,0,1,6810,5355,1,0.09898,6810.0,5374.38,6832.32,5378.63,22.32,4.25,94.92,6815.16,5377.81,6821.49,5376.18,6828.49,5376.5,-5.0915,8.5271,9.6201,4.3519,13.39,40.17,6.538,7.004,0.933,1.009,5.6,713565.49,5139942.56,713584.48,5139947.47,713605.47,5139946.49,400.86,,0,
kprcnn-adamiak-v2,Yakima-Toppenish_02_20260509,Yakima (arid),unseen,0,1,7050,5700,1,0.05358,7050.0,5719.09,7069.16,5723.78,19.16,4.7,89.96,7055.12,5723.0,7060.08,5721.12,7066.02,5721.43,-4.3747,7.4357,7.382,3.481,11.013,33.04,5.299,5.954,0.89,1.155,8.2,714285.36,5138907.0,714300.23,5138912.64,714318.07,5138911.7,291.88,,0,
kprcnn-adamiak-v2,Yakima-Toppenish_02_20260509,Yakima (arid),unseen,0,1,7050,5700,0,0.05234,7050.0,5714.9,7068.93,5723.13,18.93,8.23,155.71,7063.12,5716.38,7058.47,5718.69,7065.77,5720.66,-5.1798,6.9013,6.786,2.8359,5.036,15.11,5.188,7.567,0.686,5.165,301.8,714309.35,5138926.85,714295.4,5138919.94,714317.32,5138914.01,283.16,,0,
kprcnn-adamiak-v2,Yakima-Toppenish_02_20260509,Yakima (arid),unseen,0,1,4410,5820,1,0.15302,4411.3,5838.73,4430.72,5842.83,19.42,4.11,79.74,4422.0,5838.89,4421.34,5840.47,4427.27,5841.73,-4.9605,10.2628,9.1013,4.8012,5.985,17.95,1.711,6.058,0.282,1.702,331.6,706386.01,5138559.34,706384.03,5138554.6,706401.81,5138550.81,531.5,,0,
kprcnn-adamiak-v2,Yakima-Toppenish_02_20260509,Yakima (arid),unseen,0,1,4410,5820,0,0.06661,4414.39,5834.07,4430.32,5843.52,15.92,9.45,150.53,4425.51,5842.05,4421.53,5839.45,4426.83,5841.4,-4.4086,11.9519,9.901,5.8148,1.479,4.44,4.759,5.657,0.841,4.096,26.2,706396.52,5138549.84,706384.58,5138557.66,706400.5,5138551.79,530.52,,0,
kprcnn-adamiak-v2,Yakima-Toppenish_02_20260509,Yakima (arid),unseen,0,1,7185,5880,1,0.06949,7187.65,5895.76,7208.87,5902.77,21.21,7.01,148.71,7208.7,5895.92,7196.77,5899.11,7191.14,5901.02,-5.6176,4.999,12.2333,3.8715,18.293,54.88,12.351,5.951,2.076,0.266,196.2,714746.11,5138388.23,714710.31,5138378.67,714693.41,5138372.94,308.68,,0,
kprcnn-adamiak-v2,Yakima-Toppenish_02_20260509,Yakima (arid),unseen,0,1,7260,5970,1,0.09363,7261.31,5980.06,7274.52,5991.88,13.21,11.81,155.99,7261.48,5980.23,7267.42,5985.48,7264.78,5989.74,-3.3103,6.8768,8.4963,4.0209,10.072,30.22,7.929,5.017,1.58,3.893,289.1,714904.44,5138135.32,714922.26,5138119.57,714914.34,5138106.77,643.19,,0,
kprcnn-adamiak-v2,Yakima-Toppenish_02_20260509,Yakima (arid),unseen,0,1,7260,5970,0,0.05747,7260.0,5989.38,7284.0,5993.32,24.0,3.94,94.58,7266.17,5992.49,7272.5,5991.18,7279.83,5991.51,-5.9351,9.1865,11.2274,4.8263,13.702,41.11,6.468,7.341,0.881,0.855,4.1,714918.5,5138098.52,714937.5,5138102.46,714959.5,5138101.47,666.05,,0,
kprcnn-adamiak-v2,blaine-bellingham_03_20260504,blaine-bellingham/I-5-north,unseen,0,1,600,600,1,0.4409,600.0,613.32,614.88,623.0,14.88,9.68,144.06,603.47,616.07,606.78,617.68,611.41,621.55,3.2644,12.1235,11.4772,8.9551,9.648,28.94,3.68,6.036,0.61,0.553,325.3,528853.42,5416130.8,528863.34,5416125.96,528877.23,5416114.35,3.37,1,1,1.362
kprcnn-adamiak-v2,blaine-bellingham_03_20260504,blaine-bellingham/I-5-north,unseen,0,1,2235,3885,1,0.25012,2235.0,3891.71,2247.94,3906.77,12.94,15.06,194.89,2238.48,3895.81,2240.81,3898.75,2244.79,3904.32,1.5817,11.2071,16.2655,9.6848,10.593,31.78,3.752,6.843,0.548,0.113,306.5,533758.45,5406291.58,533765.42,5406282.74,533777.37,5406266.04,5.03,7,1,1.328
kprcnn-adamiak-v2,blaine-bellingham_03_20260504,blaine-bellingham/I-5-north,unseen,0,1,2985,4710,1,0.09967,2985.0,4726.23,3004.86,4733.74,19.86,7.51,149.21,2990.13,4728.68,2993.77,4729.98,3000.06,4731.94,4.8776,12.6787,10.5268,9.361,10.453,31.36,3.868,6.587,0.587,0.103,341.8,536013.39,5403792.97,536024.31,5403789.05,536043.18,5403783.17,1.81,9,1,0.715
kprcnn-adamiak-v2,blaine-bellingham_03_20260504,blaine-bellingham/I-5-north,unseen,0,1,3840,6060,1,0.17779,3845.99,6068.77,3854.59,6082.87,8.6,14.09,121.17,3850.13,6080.74,3850.46,6075.82,3852.77,6071.23,-0.2908,5.3679,3.8782,2.9851,9.865,29.6,4.927,5.139,0.959,1.0,74.4,538593.38,5399736.79,538594.37,5399751.54,538601.32,5399765.3,800.38,,0,
kprcnn-adamiak-v2,blaine-bellingham_03_20260504,blaine-bellingham/I-5-north,unseen,0,1,4140,6240,1,0.20411,4155.15,6251.95,4159.83,6260.16,4.68,8.21,38.43,4156.56,6257.37,4157.49,6256.05,4156.56,6253.43,1.2804,2.7731,10.3182,4.7905,3.938,11.82,1.613,2.788,0.579,0.937,90.0,539512.67,5399206.9,539515.48,5399210.84,539512.67,5399218.71,280.51,,0,
kprcnn-adamiak-v2,blaine-bellingham_03_20260504,blaine-bellingham/I-5-north,unseen,0,1,4035,6390,1,0.05124,4035.0,6392.71,4043.15,6405.58,8.15,12.87,104.81,4038.1,6401.46,4038.75,6398.16,4038.75,6392.88,3.1397,10.3866,13.6653,9.0639,8.603,25.81,3.363,5.279,0.637,0.4,85.7,539157.29,5398774.63,539159.24,5398784.53,539159.24,5398800.36,2.39,20,1,0.568
kprcnn-adamiak-v2,blaine-bellingham_03_20260504,blaine-bellingham/I-5-north,unseen,0,1,3870,6945,1,0.0865,3877.09,6946.92,3883.89,6966.11,6.8,19.19,130.48,3881.14,6952.38,3881.14,6955.69,3879.85,6962.97,2.1837,10.5878,15.638,9.4698,10.669,32.01,3.309,7.395,0.448,0.402,263.0,538686.42,5397121.87,538686.42,5397111.94,538682.54,5397090.1,404.02,,0,
kprcnn-adamiak-v2,blaine-bellingham_03_20260504,blaine-bellingham/I-5-north,unseen,0,1,5340,8235,1,0.25869,5347.37,8253.52,5360.57,8259.0,13.2,5.48,72.29,5357.44,8256.58,5352.49,8256.58,5347.53,8256.91,9.1198,14.3688,5.0123,9.5003,9.907,29.72,4.951,4.961,0.998,0.161,181.9,543115.31,5393209.25,543100.46,5393209.25,543085.6,5393208.28,6.13,28,1,2.563
kprcnn-adamiak-v2,blaine-bellingham_03_20260504,blaine-bellingham/I-5-north,unseen,0,1,5340,8235,0,0.16561,5344.35,8257.2,5362.13,8258.97,17.77,1.77,31.47,5357.03,8257.64,5352.42,8257.64,5346.17,8257.34,5.3436,12.9526,11.1675,9.8212,10.866,32.6,4.608,6.261,0.736,0.125,178.4,543114.08,5393206.08,543100.26,5393206.08,543081.5,5393206.97,4.79,28,1,2.183
